# Blender 4.0.2
# www.blender.org
o corrugated_curved_sheet
v 0.747073 0.000000 0.687022
v 0.759773 0.000000 0.648069
v 0.748612 0.000000 0.678211
v 0.758585 0.000000 0.656879
v 0.754488 0.000000 0.666166
v 0.748612 0.000000 0.695832
v 0.759773 0.000000 0.725974
v 0.758585 0.000000 0.717164
v 0.754488 0.000000 0.707877
v 0.750000 0.000000 0.751473
v 0.758585 0.000000 0.734785
v 0.754488 0.000000 0.744071
v 0.747073 0.000000 0.609116
v 0.759773 0.000000 0.570163
v 0.748612 0.000000 0.600306
v 0.758585 0.000000 0.578974
v 0.754488 0.000000 0.588260
v 0.748612 0.000000 0.617927
v 0.758585 0.000000 0.639258
v 0.754488 0.000000 0.629972
v 0.747073 0.000000 0.531211
v 0.759773 0.000000 0.492258
v 0.748612 0.000000 0.522400
v 0.758585 0.000000 0.501068
v 0.754488 0.000000 0.510355
v 0.748612 0.000000 0.540021
v 0.758585 0.000000 0.561353
v 0.754489 0.000000 0.552066
v 0.747073 0.000000 0.453305
v 0.759773 0.000000 0.414352
v 0.748612 0.000000 0.444495
v 0.758585 0.000000 0.423163
v 0.754488 0.000000 0.432450
v 0.748612 0.000000 0.462116
v 0.758585 0.000000 0.483447
v 0.754488 0.000000 0.474161
v 0.747073 0.000000 0.375400
v 0.759773 0.000000 0.336447
v 0.748612 0.000000 0.366589
v 0.758585 0.000000 0.345257
v 0.754488 0.000000 0.354544
v 0.748612 0.000000 0.384210
v 0.758585 0.000000 0.405542
v 0.754488 0.000000 0.396255
v 0.747073 0.000000 0.297494
v 0.759773 0.000000 0.258542
v 0.748612 0.000000 0.288684
v 0.758585 0.000000 0.267352
v 0.754488 0.000000 0.276639
v 0.748612 0.000000 0.306305
v 0.758585 0.000000 0.327637
v 0.754488 0.000000 0.318350
v 0.747073 0.000000 0.219589
v 0.759773 0.000000 0.180636
v 0.748612 0.000000 0.210778
v 0.758585 0.000000 0.189447
v 0.754488 0.000000 0.198733
v 0.748612 0.000000 0.228399
v 0.758585 0.000000 0.249731
v 0.754488 0.000000 0.240444
v 0.747073 0.000000 0.141683
v 0.759773 0.000000 0.102731
v 0.748612 0.000000 0.132873
v 0.758585 0.000000 0.111541
v 0.754488 0.000000 0.120828
v 0.748612 0.000000 0.150494
v 0.758585 0.000000 0.171826
v 0.754488 0.000000 0.162539
v 0.747073 0.000000 0.063778
v 0.759773 0.000000 0.024825
v 0.748612 0.000000 0.054967
v 0.758585 0.000000 0.033636
v 0.754488 0.000000 0.042922
v 0.748612 0.000000 0.072588
v 0.758585 0.000000 0.093920
v 0.754488 0.000000 0.084634
v 0.747073 0.000000 -0.014128
v 0.748612 0.000000 -0.022938
v 0.758585 0.000000 -0.044270
v 0.754488 0.000000 -0.034983
v 0.748612 0.000000 -0.005317
v 0.758585 0.000000 0.016015
v 0.754488 0.000000 0.006728
v 0.747073 0.000000 -0.092033
v 0.759773 0.000000 -0.130986
v 0.748612 0.000000 -0.100843
v 0.758585 0.000000 -0.122175
v 0.754488 0.000000 -0.112889
v 0.748612 0.000000 -0.083223
v 0.759773 0.000000 -0.053080
v 0.758585 0.000000 -0.061891
v 0.754488 0.000000 -0.071177
v 0.747073 0.000000 -0.169939
v 0.759773 0.000000 -0.208891
v 0.748612 0.000000 -0.178749
v 0.758585 0.000000 -0.200081
v 0.754488 0.000000 -0.190794
v 0.748612 0.000000 -0.161128
v 0.758585 0.000000 -0.139796
v 0.754488 0.000000 -0.149083
v 0.747073 0.000000 -0.247844
v 0.759773 0.000000 -0.286797
v 0.748612 0.000000 -0.256654
v 0.758585 0.000000 -0.277986
v 0.754488 0.000000 -0.268700
v 0.748612 0.000000 -0.239034
v 0.758585 0.000000 -0.217702
v 0.754488 0.000000 -0.226988
v 0.747073 0.000000 -0.325750
v 0.748612 0.000000 -0.316939
v 0.758585 0.000000 -0.295607
v 0.754488 0.000000 -0.304894
v 0.743476 0.073226 0.687022
v 0.756115 0.074471 0.648069
v 0.745008 0.073377 0.678211
v 0.754933 0.074355 0.656879
v 0.750855 0.073953 0.666166
v 0.745008 0.073377 0.695832
v 0.756115 0.074471 0.725974
v 0.754933 0.074355 0.717164
v 0.750855 0.073953 0.707877
v 0.746389 0.073513 0.751473
v 0.754933 0.074355 0.734785
v 0.750855 0.073953 0.744071
v 0.743476 0.073226 0.609116
v 0.756115 0.074471 0.570163
v 0.745008 0.073377 0.600306
v 0.754933 0.074355 0.578974
v 0.750855 0.073953 0.588260
v 0.745008 0.073377 0.617927
v 0.754933 0.074355 0.639258
v 0.750855 0.073953 0.629972
v 0.743476 0.073226 0.531211
v 0.756115 0.074471 0.492258
v 0.745008 0.073377 0.522400
v 0.754933 0.074354 0.501068
v 0.750855 0.073953 0.510355
v 0.745008 0.073377 0.540021
v 0.754933 0.074355 0.561353
v 0.750855 0.073953 0.552066
v 0.743476 0.073226 0.453305
v 0.756115 0.074471 0.414352
v 0.745008 0.073377 0.444495
v 0.754933 0.074354 0.423163
v 0.750855 0.073953 0.432450
v 0.745008 0.073377 0.462116
v 0.754933 0.074354 0.483447
v 0.750855 0.073953 0.474161
v 0.743476 0.073226 0.375400
v 0.756115 0.074471 0.336447
v 0.745008 0.073377 0.366589
v 0.754933 0.074354 0.345257
v 0.750855 0.073953 0.354544
v 0.745008 0.073377 0.384210
v 0.754933 0.074354 0.405542
v 0.750855 0.073953 0.396255
v 0.743476 0.073226 0.297494
v 0.745008 0.073377 0.288684
v 0.754933 0.074354 0.267352
v 0.750855 0.073953 0.276639
v 0.745008 0.073377 0.306305
v 0.754933 0.074354 0.327637
v 0.750855 0.073953 0.318350
v 0.743476 0.073226 0.219589
v 0.756115 0.074471 0.180636
v 0.745008 0.073377 0.210778
v 0.754933 0.074354 0.189447
v 0.750855 0.073953 0.198733
v 0.745008 0.073377 0.228399
v 0.756115 0.074471 0.258542
v 0.754933 0.074354 0.249731
v 0.750855 0.073953 0.240444
v 0.743476 0.073226 0.141683
v 0.756115 0.074471 0.102731
v 0.745008 0.073377 0.132873
v 0.754933 0.074354 0.111541
v 0.750855 0.073953 0.120828
v 0.745008 0.073377 0.150494
v 0.754933 0.074354 0.171826
v 0.750855 0.073953 0.162539
v 0.743476 0.073226 0.063778
v 0.756115 0.074471 0.024825
v 0.745008 0.073377 0.054967
v 0.754933 0.074354 0.033636
v 0.750855 0.073953 0.042922
v 0.745008 0.073377 0.072588
v 0.754933 0.074354 0.093920
v 0.750855 0.073953 0.084634
v 0.743476 0.073226 -0.014128
v 0.756115 0.074471 -0.053080
v 0.745008 0.073377 -0.022938
v 0.754933 0.074354 -0.044270
v 0.750855 0.073953 -0.034983
v 0.745008 0.073377 -0.005317
v 0.754933 0.074354 0.016015
v 0.750855 0.073953 0.006728
v 0.743476 0.073226 -0.092033
v 0.756114 0.074471 -0.130986
v 0.745008 0.073377 -0.100843
v 0.754933 0.074354 -0.122175
v 0.750855 0.073953 -0.112889
v 0.745008 0.073377 -0.083223
v 0.754933 0.074354 -0.061891
v 0.750855 0.073953 -0.071177
v 0.743476 0.073226 -0.169939
v 0.756114 0.074471 -0.208891
v 0.745008 0.073377 -0.178749
v 0.754933 0.074354 -0.200081
v 0.750855 0.073953 -0.190794
v 0.745008 0.073377 -0.161128
v 0.754933 0.074354 -0.139796
v 0.750855 0.073953 -0.149083
v 0.743476 0.073226 -0.247844
v 0.756114 0.074471 -0.286797
v 0.745008 0.073377 -0.256654
v 0.754933 0.074354 -0.277986
v 0.750855 0.073953 -0.268700
v 0.745008 0.073377 -0.239034
v 0.754933 0.074354 -0.217702
v 0.750855 0.073953 -0.226988
v 0.743476 0.073226 -0.325750
v 0.745008 0.073377 -0.316939
v 0.754933 0.074354 -0.295607
v 0.750855 0.073953 -0.304894
v 0.732718 0.145747 0.687022
v 0.745174 0.148225 0.648069
v 0.734228 0.146047 0.678211
v 0.744009 0.147993 0.656879
v 0.739991 0.147194 0.666166
v 0.734228 0.146047 0.695832
v 0.745174 0.148225 0.725974
v 0.744009 0.147993 0.717164
v 0.739991 0.147194 0.707877
v 0.735589 0.146318 0.751473
v 0.744009 0.147993 0.734785
v 0.739991 0.147194 0.744071
v 0.732718 0.145747 0.609116
v 0.745174 0.148225 0.570163
v 0.734228 0.146047 0.600306
v 0.744009 0.147993 0.578974
v 0.739991 0.147194 0.588260
v 0.734228 0.146047 0.617927
v 0.744009 0.147993 0.639258
v 0.739991 0.147194 0.629972
v 0.732718 0.145747 0.531211
v 0.745174 0.148224 0.492258
v 0.734228 0.146047 0.522400
v 0.744009 0.147993 0.501068
v 0.739991 0.147194 0.510355
v 0.734228 0.146047 0.540021
v 0.744009 0.147993 0.561353
v 0.739991 0.147194 0.552066
v 0.732718 0.145747 0.453305
v 0.745174 0.148224 0.414352
v 0.734228 0.146047 0.444495
v 0.744009 0.147993 0.423163
v 0.739991 0.147194 0.432450
v 0.734228 0.146047 0.462116
v 0.744009 0.147993 0.483447
v 0.739991 0.147194 0.474161
v 0.732718 0.145747 0.375400
v 0.745174 0.148224 0.336447
v 0.734228 0.146047 0.366589
v 0.744009 0.147993 0.345257
v 0.739991 0.147194 0.354544
v 0.734228 0.146047 0.384210
v 0.744009 0.147993 0.405542
v 0.739991 0.147194 0.396255
v 0.732718 0.145747 0.297494
v 0.745174 0.148224 0.258542
v 0.734228 0.146047 0.288684
v 0.744009 0.147993 0.267352
v 0.739991 0.147194 0.276639
v 0.734228 0.146047 0.306305
v 0.744009 0.147993 0.327637
v 0.739991 0.147194 0.318350
v 0.732718 0.145747 0.219589
v 0.745174 0.148224 0.180636
v 0.734228 0.146047 0.210778
v 0.744009 0.147993 0.189447
v 0.739991 0.147194 0.198733
v 0.734228 0.146047 0.228399
v 0.744009 0.147993 0.249731
v 0.739991 0.147194 0.240444
v 0.732718 0.145747 0.141683
v 0.745174 0.148224 0.102731
v 0.734228 0.146047 0.132873
v 0.744009 0.147993 0.111541
v 0.739991 0.147194 0.120828
v 0.734228 0.146047 0.150494
v 0.744009 0.147993 0.171826
v 0.739991 0.147194 0.162539
v 0.732718 0.145747 0.063778
v 0.745174 0.148224 0.024825
v 0.734228 0.146047 0.054967
v 0.744009 0.147993 0.033636
v 0.739991 0.147194 0.042922
v 0.734228 0.146047 0.072588
v 0.744009 0.147993 0.093920
v 0.739991 0.147194 0.084634
v 0.732718 0.145747 -0.014128
v 0.734228 0.146047 -0.022938
v 0.744009 0.147993 -0.044270
v 0.739991 0.147193 -0.034983
v 0.734228 0.146047 -0.005317
v 0.744009 0.147993 0.016015
v 0.739991 0.147193 0.006728
v 0.732718 0.145747 -0.092033
v 0.745174 0.148224 -0.130986
v 0.734228 0.146047 -0.100843
v 0.744009 0.147993 -0.122175
v 0.739991 0.147193 -0.112889
v 0.734228 0.146047 -0.083223
v 0.745174 0.148224 -0.053080
v 0.744009 0.147993 -0.061891
v 0.739991 0.147193 -0.071177
v 0.732718 0.145747 -0.169939
v 0.745174 0.148224 -0.208891
v 0.734228 0.146047 -0.178749
v 0.744009 0.147993 -0.200081
v 0.739991 0.147193 -0.190794
v 0.734228 0.146047 -0.161128
v 0.744009 0.147993 -0.139796
v 0.739991 0.147193 -0.149083
v 0.732718 0.145747 -0.247844
v 0.745174 0.148224 -0.286797
v 0.734228 0.146047 -0.256654
v 0.744009 0.147993 -0.277986
v 0.739991 0.147193 -0.268700
v 0.734228 0.146047 -0.239034
v 0.744009 0.147993 -0.217702
v 0.739991 0.147193 -0.226988
v 0.732718 0.145747 -0.325750
v 0.734228 0.146047 -0.316939
v 0.744009 0.147993 -0.295607
v 0.739991 0.147193 -0.304894
v 0.714904 0.216864 0.687022
v 0.727057 0.220551 0.648069
v 0.716377 0.217311 0.678211
v 0.725921 0.220206 0.656879
v 0.722000 0.219017 0.666166
v 0.716377 0.217311 0.695832
v 0.727057 0.220551 0.725974
v 0.725921 0.220206 0.717164
v 0.722000 0.219017 0.707877
v 0.717705 0.217714 0.751473
v 0.725921 0.220206 0.734785
v 0.722000 0.219017 0.744071
v 0.714904 0.216864 0.609116
v 0.727057 0.220551 0.570163
v 0.716377 0.217311 0.600306
v 0.725921 0.220206 0.578974
v 0.722000 0.219017 0.588260
v 0.716377 0.217311 0.617927
v 0.725921 0.220206 0.639258
v 0.722000 0.219017 0.629972
v 0.714904 0.216864 0.531211
v 0.727057 0.220551 0.492258
v 0.716377 0.217311 0.522400
v 0.725921 0.220206 0.501068
v 0.722000 0.219017 0.510355
v 0.716377 0.217311 0.540021
v 0.725921 0.220206 0.561353
v 0.722000 0.219017 0.552066
v 0.714904 0.216864 0.453305
v 0.727057 0.220551 0.414352
v 0.716377 0.217311 0.444495
v 0.725921 0.220206 0.423163
v 0.722000 0.219017 0.432450
v 0.716377 0.217311 0.462116
v 0.725921 0.220206 0.483447
v 0.722000 0.219017 0.474161
v 0.714904 0.216864 0.375400
v 0.727057 0.220551 0.336447
v 0.716377 0.217311 0.366589
v 0.725921 0.220206 0.345257
v 0.722000 0.219017 0.354544
v 0.716377 0.217311 0.384210
v 0.725921 0.220206 0.405542
v 0.722000 0.219017 0.396255
v 0.714904 0.216864 0.297494
v 0.716377 0.217311 0.288684
v 0.725921 0.220206 0.267352
v 0.722000 0.219017 0.276639
v 0.716377 0.217311 0.306305
v 0.725921 0.220206 0.327637
v 0.722000 0.219017 0.318350
v 0.714904 0.216864 0.219589
v 0.727057 0.220551 0.180636
v 0.716377 0.217311 0.210778
v 0.725921 0.220206 0.189447
v 0.722000 0.219017 0.198733
v 0.716377 0.217311 0.228399
v 0.727057 0.220551 0.258542
v 0.725921 0.220206 0.249731
v 0.722000 0.219017 0.240444
v 0.714904 0.216864 0.141683
v 0.727057 0.220551 0.102731
v 0.716377 0.217311 0.132873
v 0.725921 0.220206 0.111541
v 0.722000 0.219017 0.120828
v 0.716377 0.217311 0.150494
v 0.725921 0.220206 0.171826
v 0.722000 0.219017 0.162539
v 0.714904 0.216864 0.063778
v 0.727058 0.220551 0.024825
v 0.716377 0.217311 0.054967
v 0.725921 0.220206 0.033636
v 0.722000 0.219017 0.042922
v 0.716377 0.217311 0.072588
v 0.725921 0.220206 0.093920
v 0.722000 0.219017 0.084634
v 0.714904 0.216864 -0.014128
v 0.716377 0.217311 -0.022938
v 0.725921 0.220206 -0.044270
v 0.722000 0.219017 -0.034983
v 0.716377 0.217311 -0.005317
v 0.725921 0.220206 0.016015
v 0.722000 0.219017 0.006728
v 0.714904 0.216864 -0.092033
v 0.727057 0.220551 -0.130986
v 0.716377 0.217311 -0.100843
v 0.725921 0.220206 -0.122175
v 0.722000 0.219017 -0.112889
v 0.716377 0.217311 -0.083223
v 0.727058 0.220551 -0.053080
v 0.725921 0.220206 -0.061891
v 0.722000 0.219017 -0.071177
v 0.714904 0.216864 -0.169939
v 0.727057 0.220551 -0.208891
v 0.716377 0.217311 -0.178749
v 0.725921 0.220206 -0.200081
v 0.722000 0.219017 -0.190794
v 0.716377 0.217311 -0.161128
v 0.725921 0.220206 -0.139796
v 0.722000 0.219017 -0.149083
v 0.714904 0.216864 -0.247844
v 0.727057 0.220551 -0.286797
v 0.716377 0.217311 -0.256654
v 0.725921 0.220206 -0.277986
v 0.722000 0.219016 -0.268700
v 0.716377 0.217311 -0.239034
v 0.725921 0.220206 -0.217702
v 0.722000 0.219017 -0.226988
v 0.714904 0.216864 -0.325750
v 0.716377 0.217311 -0.316939
v 0.725921 0.220206 -0.295607
v 0.722000 0.219016 -0.304894
v 0.690205 0.285893 0.687022
v 0.701939 0.290753 0.648069
v 0.691628 0.286482 0.678211
v 0.700841 0.290298 0.656879
v 0.697056 0.288730 0.666166
v 0.691628 0.286482 0.695832
v 0.701939 0.290753 0.725974
v 0.700841 0.290298 0.717164
v 0.697056 0.288730 0.707877
v 0.692910 0.287013 0.751473
v 0.700841 0.290298 0.734785
v 0.697056 0.288730 0.744071
v 0.690205 0.285893 0.609116
v 0.701939 0.290753 0.570163
v 0.691628 0.286482 0.600306
v 0.700841 0.290298 0.578974
v 0.697056 0.288730 0.588260
v 0.691628 0.286482 0.617927
v 0.700841 0.290298 0.639258
v 0.697056 0.288730 0.629972
v 0.690205 0.285893 0.531211
v 0.701939 0.290753 0.492258
v 0.691628 0.286482 0.522400
v 0.700841 0.290298 0.501068
v 0.697056 0.288730 0.510355
v 0.691628 0.286482 0.540021
v 0.700841 0.290298 0.561353
v 0.697056 0.288730 0.552066
v 0.690205 0.285893 0.453305
v 0.701939 0.290753 0.414352
v 0.691628 0.286482 0.444495
v 0.700841 0.290298 0.423163
v 0.697056 0.288730 0.432450
v 0.691628 0.286482 0.462116
v 0.700841 0.290298 0.483447
v 0.697056 0.288730 0.474161
v 0.690205 0.285893 0.375400
v 0.701939 0.290753 0.336447
v 0.691628 0.286482 0.366589
v 0.700841 0.290298 0.345257
v 0.697056 0.288730 0.354544
v 0.691628 0.286482 0.384210
v 0.700841 0.290298 0.405542
v 0.697056 0.288730 0.396255
v 0.690205 0.285893 0.297494
v 0.691628 0.286482 0.288684
v 0.700841 0.290298 0.267352
v 0.697056 0.288730 0.276639
v 0.691628 0.286482 0.306305
v 0.700841 0.290298 0.327637
v 0.697056 0.288730 0.318350
v 0.690205 0.285893 0.219589
v 0.701939 0.290753 0.180636
v 0.691628 0.286482 0.210778
v 0.700841 0.290298 0.189447
v 0.697056 0.288730 0.198733
v 0.691628 0.286482 0.228399
v 0.701939 0.290753 0.258542
v 0.700841 0.290298 0.249731
v 0.697056 0.288730 0.240444
v 0.690205 0.285893 0.141683
v 0.701939 0.290753 0.102731
v 0.691628 0.286482 0.132873
v 0.700841 0.290298 0.111541
v 0.697056 0.288730 0.120828
v 0.691628 0.286482 0.150494
v 0.700841 0.290298 0.171826
v 0.697056 0.288730 0.162539
v 0.690205 0.285893 0.063778
v 0.701939 0.290753 0.024825
v 0.691628 0.286482 0.054967
v 0.700841 0.290298 0.033636
v 0.697056 0.288730 0.042922
v 0.691628 0.286482 0.072588
v 0.700841 0.290298 0.093920
v 0.697056 0.288730 0.084634
v 0.690205 0.285893 -0.014128
v 0.691628 0.286482 -0.022938
v 0.700841 0.290298 -0.044270
v 0.697056 0.288730 -0.034983
v 0.691628 0.286482 -0.005317
v 0.700841 0.290298 0.016015
v 0.697056 0.288730 0.006728
v 0.690205 0.285893 -0.092033
v 0.701939 0.290753 -0.130986
v 0.691628 0.286482 -0.100843
v 0.700841 0.290298 -0.122175
v 0.697056 0.288730 -0.112889
v 0.691628 0.286482 -0.083223
v 0.701939 0.290753 -0.053080
v 0.700841 0.290298 -0.061891
v 0.697056 0.288730 -0.071177
v 0.690205 0.285893 -0.169939
v 0.701939 0.290753 -0.208891
v 0.691628 0.286482 -0.178749
v 0.700841 0.290298 -0.200081
v 0.697056 0.288730 -0.190794
v 0.691628 0.286482 -0.161128
v 0.700841 0.290298 -0.139796
v 0.697056 0.288730 -0.149083
v 0.690205 0.285893 -0.247844
v 0.701939 0.290753 -0.286797
v 0.691628 0.286482 -0.256654
v 0.700841 0.290298 -0.277986
v 0.697056 0.288730 -0.268700
v 0.691628 0.286482 -0.239034
v 0.700841 0.290298 -0.217702
v 0.697056 0.288730 -0.226988
v 0.690205 0.285893 -0.325750
v 0.691628 0.286482 -0.316939
v 0.700841 0.290298 -0.295607
v 0.697056 0.288730 -0.304894
v 0.658860 0.352168 0.687022
v 0.670060 0.358155 0.648069
v 0.660217 0.352894 0.678211
v 0.669012 0.357595 0.656879
v 0.665399 0.355664 0.666166
v 0.660217 0.352894 0.695832
v 0.670060 0.358155 0.725974
v 0.669012 0.357595 0.717164
v 0.665399 0.355664 0.707877
v 0.661441 0.353548 0.751473
v 0.669012 0.357595 0.734785
v 0.665399 0.355664 0.744071
v 0.658860 0.352168 0.609116
v 0.670060 0.358155 0.570163
v 0.660217 0.352894 0.600306
v 0.669012 0.357595 0.578974
v 0.665399 0.355664 0.588260
v 0.660217 0.352894 0.617927
v 0.669012 0.357595 0.639258
v 0.665399 0.355664 0.629972
v 0.658860 0.352168 0.531211
v 0.670060 0.358155 0.492258
v 0.660217 0.352894 0.522400
v 0.669012 0.357595 0.501068
v 0.665399 0.355664 0.510355
v 0.660217 0.352894 0.540021
v 0.669012 0.357595 0.561353
v 0.665399 0.355664 0.552066
v 0.658860 0.352168 0.453305
v 0.670060 0.358155 0.414352
v 0.660217 0.352894 0.444495
v 0.669012 0.357595 0.423163
v 0.665399 0.355664 0.432450
v 0.660217 0.352894 0.462116
v 0.669012 0.357595 0.483447
v 0.665399 0.355664 0.474161
v 0.658860 0.352168 0.375400
v 0.670060 0.358155 0.336447
v 0.660217 0.352894 0.366589
v 0.669012 0.357595 0.345257
v 0.665399 0.355664 0.354544
v 0.660217 0.352894 0.384210
v 0.669012 0.357595 0.405542
v 0.665399 0.355664 0.396255
v 0.658860 0.352168 0.297494
v 0.670060 0.358155 0.258542
v 0.660217 0.352894 0.288684
v 0.669012 0.357595 0.267352
v 0.665399 0.355664 0.276639
v 0.660217 0.352894 0.306305
v 0.669012 0.357595 0.327637
v 0.665399 0.355664 0.318350
v 0.658860 0.352168 0.219589
v 0.670060 0.358155 0.180636
v 0.660217 0.352894 0.210778
v 0.669012 0.357595 0.189447
v 0.665399 0.355664 0.198733
v 0.660217 0.352894 0.228399
v 0.669012 0.357595 0.249731
v 0.665399 0.355664 0.240444
v 0.658860 0.352168 0.141683
v 0.670060 0.358155 0.102731
v 0.660217 0.352894 0.132873
v 0.669012 0.357595 0.111541
v 0.665399 0.355664 0.120828
v 0.660217 0.352894 0.150494
v 0.669012 0.357595 0.171826
v 0.665399 0.355664 0.162539
v 0.658860 0.352168 0.063778
v 0.670060 0.358155 0.024825
v 0.660217 0.352894 0.054967
v 0.669012 0.357595 0.033636
v 0.665399 0.355664 0.042922
v 0.660217 0.352894 0.072588
v 0.669012 0.357595 0.093920
v 0.665399 0.355664 0.084634
v 0.658860 0.352168 -0.014128
v 0.670060 0.358155 -0.053080
v 0.660217 0.352894 -0.022938
v 0.669012 0.357595 -0.044270
v 0.665399 0.355664 -0.034983
v 0.660217 0.352894 -0.005317
v 0.669012 0.357595 0.016015
v 0.665399 0.355664 0.006728
v 0.658860 0.352168 -0.092033
v 0.670060 0.358155 -0.130986
v 0.660217 0.352894 -0.100843
v 0.669012 0.357595 -0.122175
v 0.665399 0.355664 -0.112889
v 0.660217 0.352894 -0.083223
v 0.669012 0.357595 -0.061891
v 0.665399 0.355664 -0.071177
v 0.658860 0.352168 -0.169939
v 0.670060 0.358155 -0.208891
v 0.660217 0.352893 -0.178749
v 0.669012 0.357595 -0.200081
v 0.665399 0.355663 -0.190794
v 0.660217 0.352893 -0.161128
v 0.669012 0.357595 -0.139796
v 0.665399 0.355664 -0.149083
v 0.658860 0.352168 -0.247844
v 0.670060 0.358155 -0.286797
v 0.660217 0.352893 -0.256654
v 0.669012 0.357595 -0.277986
v 0.665399 0.355663 -0.268700
v 0.660217 0.352893 -0.239034
v 0.669012 0.357595 -0.217702
v 0.665399 0.355663 -0.226988
v 0.658860 0.352168 -0.325750
v 0.660217 0.352893 -0.316939
v 0.669012 0.357595 -0.295607
v 0.665399 0.355663 -0.304894
v 0.621168 0.415052 0.687022
v 0.631728 0.422107 0.648069
v 0.622448 0.415907 0.678211
v 0.630741 0.421448 0.656879
v 0.627334 0.419171 0.666166
v 0.622448 0.415907 0.695832
v 0.631728 0.422107 0.725974
v 0.630741 0.421448 0.717164
v 0.627334 0.419171 0.707877
v 0.623602 0.416678 0.751473
v 0.630741 0.421448 0.734785
v 0.627334 0.419171 0.744071
v 0.621168 0.415052 0.609116
v 0.631728 0.422107 0.570163
v 0.622448 0.415907 0.600306
v 0.630741 0.421448 0.578974
v 0.627334 0.419171 0.588260
v 0.622448 0.415907 0.617927
v 0.630741 0.421448 0.639258
v 0.627334 0.419171 0.629972
v 0.621168 0.415052 0.531211
v 0.631728 0.422107 0.492258
v 0.622448 0.415907 0.522400
v 0.630741 0.421448 0.501068
v 0.627334 0.419171 0.510355
v 0.622448 0.415907 0.540021
v 0.630741 0.421448 0.561353
v 0.627334 0.419171 0.552066
v 0.621168 0.415052 0.453305
v 0.631728 0.422107 0.414352
v 0.622448 0.415907 0.444495
v 0.630741 0.421448 0.423163
v 0.627334 0.419171 0.432450
v 0.622448 0.415907 0.462116
v 0.630741 0.421448 0.483447
v 0.627334 0.419171 0.474161
v 0.621168 0.415052 0.375400
v 0.631728 0.422107 0.336447
v 0.622448 0.415907 0.366589
v 0.630741 0.421448 0.345257
v 0.627334 0.419171 0.354544
v 0.622448 0.415907 0.384210
v 0.630741 0.421448 0.405542
v 0.627334 0.419171 0.396255
v 0.621168 0.415052 0.297494
v 0.631728 0.422107 0.258542
v 0.622448 0.415907 0.288684
v 0.630741 0.421448 0.267352
v 0.627334 0.419171 0.276639
v 0.622448 0.415907 0.306305
v 0.630741 0.421448 0.327637
v 0.627334 0.419171 0.318350
v 0.621168 0.415052 0.219589
v 0.631728 0.422107 0.180636
v 0.622448 0.415907 0.210778
v 0.630741 0.421448 0.189447
v 0.627334 0.419171 0.198733
v 0.622448 0.415907 0.228399
v 0.630741 0.421448 0.249731
v 0.627334 0.419171 0.240444
v 0.621168 0.415052 0.141683
v 0.631728 0.422107 0.102731
v 0.622448 0.415907 0.132873
v 0.630741 0.421448 0.111541
v 0.627334 0.419171 0.120828
v 0.622448 0.415907 0.150494
v 0.630741 0.421448 0.171826
v 0.627334 0.419171 0.162539
v 0.621168 0.415052 0.063778
v 0.631728 0.422107 0.024825
v 0.622448 0.415907 0.054967
v 0.630741 0.421448 0.033636
v 0.627334 0.419171 0.042922
v 0.622448 0.415907 0.072588
v 0.630741 0.421448 0.093920
v 0.627334 0.419171 0.084634
v 0.621168 0.415052 -0.014128
v 0.622448 0.415907 -0.022938
v 0.630741 0.421448 -0.044270
v 0.627334 0.419171 -0.034983
v 0.622448 0.415907 -0.005317
v 0.630741 0.421448 0.016015
v 0.627334 0.419171 0.006728
v 0.621168 0.415052 -0.092033
v 0.631728 0.422107 -0.130986
v 0.622448 0.415907 -0.100843
v 0.630741 0.421447 -0.122175
v 0.627334 0.419171 -0.112889
v 0.622448 0.415907 -0.083223
v 0.631728 0.422107 -0.053080
v 0.630741 0.421448 -0.061891
v 0.627334 0.419171 -0.071177
v 0.621168 0.415052 -0.169939
v 0.631728 0.422107 -0.208891
v 0.622448 0.415907 -0.178749
v 0.630741 0.421447 -0.200081
v 0.627334 0.419171 -0.190794
v 0.622448 0.415907 -0.161128
v 0.630741 0.421447 -0.139796
v 0.627334 0.419171 -0.149083
v 0.621168 0.415052 -0.247844
v 0.631728 0.422107 -0.286797
v 0.622448 0.415907 -0.256654
v 0.630741 0.421447 -0.277986
v 0.627334 0.419171 -0.268700
v 0.622448 0.415907 -0.239034
v 0.630741 0.421447 -0.217702
v 0.627334 0.419171 -0.226988
v 0.621168 0.415052 -0.325750
v 0.622448 0.415907 -0.316939
v 0.630741 0.421447 -0.295607
v 0.627334 0.419171 -0.304894
v 0.577495 0.473938 0.687022
v 0.587312 0.481995 0.648069
v 0.578685 0.474915 0.678211
v 0.586394 0.481242 0.656879
v 0.583227 0.478643 0.666166
v 0.578685 0.474915 0.695832
v 0.587312 0.481995 0.725974
v 0.586394 0.481242 0.717164
v 0.583227 0.478643 0.707877
v 0.579758 0.475795 0.751473
v 0.586394 0.481242 0.734785
v 0.583227 0.478643 0.744071
v 0.577495 0.473938 0.609116
v 0.587312 0.481995 0.570163
v 0.578685 0.474915 0.600306
v 0.586394 0.481242 0.578974
v 0.583227 0.478643 0.588260
v 0.578685 0.474915 0.617927
v 0.586394 0.481242 0.639258
v 0.583227 0.478643 0.629972
v 0.577495 0.473938 0.531211
v 0.587312 0.481995 0.492258
v 0.578685 0.474915 0.522400
v 0.586394 0.481242 0.501068
v 0.583227 0.478643 0.510355
v 0.578685 0.474915 0.540021
v 0.586394 0.481242 0.561353
v 0.583227 0.478643 0.552066
v 0.577495 0.473938 0.453305
v 0.587312 0.481995 0.414352
v 0.578685 0.474915 0.444495
v 0.586394 0.481242 0.423163
v 0.583227 0.478643 0.432450
v 0.578685 0.474915 0.462116
v 0.586394 0.481242 0.483447
v 0.583227 0.478643 0.474161
v 0.577495 0.473938 0.375400
v 0.587312 0.481995 0.336447
v 0.578685 0.474915 0.366589
v 0.586394 0.481242 0.345257
v 0.583227 0.478643 0.354544
v 0.578685 0.474915 0.384210
v 0.586394 0.481242 0.405542
v 0.583227 0.478643 0.396255
v 0.577495 0.473938 0.297494
v 0.578685 0.474915 0.288684
v 0.586394 0.481242 0.267352
v 0.583227 0.478643 0.276639
v 0.578685 0.474915 0.306305
v 0.586394 0.481242 0.327637
v 0.583227 0.478643 0.318350
v 0.577495 0.473938 0.219589
v 0.587312 0.481995 0.180636
v 0.578685 0.474915 0.210778
v 0.586394 0.481242 0.189447
v 0.583227 0.478643 0.198733
v 0.578685 0.474915 0.228399
v 0.587312 0.481995 0.258542
v 0.586394 0.481242 0.249731
v 0.583227 0.478643 0.240444
v 0.577495 0.473938 0.141683
v 0.587312 0.481995 0.102731
v 0.578685 0.474915 0.132873
v 0.586394 0.481242 0.111541
v 0.583227 0.478643 0.120828
v 0.578685 0.474915 0.150494
v 0.586394 0.481242 0.171826
v 0.583227 0.478643 0.162539
v 0.577495 0.473938 0.063778
v 0.587312 0.481995 0.024825
v 0.578685 0.474915 0.054967
v 0.586394 0.481242 0.033636
v 0.583227 0.478643 0.042922
v 0.578685 0.474915 0.072588
v 0.586394 0.481242 0.093920
v 0.583227 0.478643 0.084634
v 0.577495 0.473938 -0.014128
v 0.578685 0.474915 -0.022938
v 0.586394 0.481242 -0.044270
v 0.583227 0.478643 -0.034983
v 0.578685 0.474915 -0.005317
v 0.586394 0.481242 0.016015
v 0.583227 0.478643 0.006728
v 0.577495 0.473938 -0.092033
v 0.587312 0.481995 -0.130986
v 0.578685 0.474915 -0.100843
v 0.586394 0.481242 -0.122175
v 0.583227 0.478643 -0.112889
v 0.578685 0.474915 -0.083223
v 0.587312 0.481995 -0.053080
v 0.586394 0.481242 -0.061891
v 0.583227 0.478643 -0.071177
v 0.577495 0.473938 -0.169939
v 0.587312 0.481995 -0.208891
v 0.578685 0.474915 -0.178749
v 0.586394 0.481242 -0.200081
v 0.583227 0.478643 -0.190794
v 0.578685 0.474915 -0.161128
v 0.586394 0.481242 -0.139796
v 0.583227 0.478643 -0.149083
v 0.577495 0.473938 -0.247844
v 0.587312 0.481995 -0.286797
v 0.578685 0.474915 -0.256654
v 0.586394 0.481242 -0.277986
v 0.583227 0.478642 -0.268700
v 0.578685 0.474915 -0.239034
v 0.586394 0.481242 -0.217702
v 0.583227 0.478643 -0.226988
v 0.577495 0.473938 -0.325750
v 0.578685 0.474915 -0.316939
v 0.586394 0.481242 -0.295607
v 0.583227 0.478642 -0.304894
v 0.528260 0.528261 0.687022
v 0.537241 0.537241 0.648069
v 0.529349 0.529349 0.678211
v 0.536401 0.536401 0.656879
v 0.533504 0.533504 0.666166
v 0.529349 0.529349 0.695832
v 0.537241 0.537241 0.725974
v 0.536401 0.536401 0.717164
v 0.533504 0.533504 0.707877
v 0.530330 0.530330 0.751473
v 0.536401 0.536401 0.734785
v 0.533504 0.533504 0.744071
v 0.528260 0.528261 0.609116
v 0.537241 0.537241 0.570163
v 0.529349 0.529349 0.600306
v 0.536401 0.536401 0.578974
v 0.533504 0.533504 0.588260
v 0.529349 0.529349 0.617927
v 0.536401 0.536401 0.639258
v 0.533504 0.533504 0.629972
v 0.528260 0.528261 0.531211
v 0.537241 0.537241 0.492258
v 0.529349 0.529349 0.522400
v 0.536401 0.536401 0.501068
v 0.533504 0.533504 0.510355
v 0.529349 0.529349 0.540021
v 0.536401 0.536401 0.561353
v 0.533504 0.533504 0.552066
v 0.528260 0.528261 0.453305
v 0.537241 0.537241 0.414352
v 0.529349 0.529349 0.444495
v 0.536401 0.536401 0.423163
v 0.533504 0.533504 0.432450
v 0.529349 0.529349 0.462116
v 0.536401 0.536401 0.483447
v 0.533504 0.533504 0.474161
v 0.528260 0.528260 0.375400
v 0.537241 0.537241 0.336447
v 0.529349 0.529349 0.366589
v 0.536401 0.536401 0.345257
v 0.533504 0.533504 0.354544
v 0.529349 0.529349 0.384210
v 0.536401 0.536401 0.405542
v 0.533504 0.533504 0.396255
v 0.528260 0.528260 0.297494
v 0.537241 0.537241 0.258542
v 0.529349 0.529349 0.288684
v 0.536401 0.536401 0.267352
v 0.533504 0.533504 0.276639
v 0.529349 0.529349 0.306305
v 0.536401 0.536401 0.327637
v 0.533504 0.533504 0.318350
v 0.528260 0.528260 0.219589
v 0.537241 0.537241 0.180636
v 0.529349 0.529349 0.210778
v 0.536401 0.536401 0.189447
v 0.533504 0.533504 0.198733
v 0.529349 0.529349 0.228399
v 0.536401 0.536401 0.249731
v 0.533504 0.533504 0.240444
v 0.528260 0.528260 0.141683
v 0.537241 0.537241 0.102731
v 0.529349 0.529349 0.132873
v 0.536401 0.536401 0.111541
v 0.533504 0.533504 0.120828
v 0.529349 0.529349 0.150494
v 0.536401 0.536401 0.171826
v 0.533504 0.533504 0.162539
v 0.528260 0.528260 0.063778
v 0.537241 0.537241 0.024825
v 0.529349 0.529349 0.054967
v 0.536401 0.536401 0.033636
v 0.533504 0.533504 0.042922
v 0.529349 0.529349 0.072588
v 0.536401 0.536401 0.093920
v 0.533504 0.533504 0.084634
v 0.528260 0.528260 -0.014128
v 0.529349 0.529349 -0.022938
v 0.536401 0.536401 -0.044270
v 0.533504 0.533504 -0.034983
v 0.529349 0.529349 -0.005317
v 0.536401 0.536401 0.016015
v 0.533504 0.533504 0.006728
v 0.528260 0.528260 -0.092033
v 0.537241 0.537241 -0.130986
v 0.529349 0.529349 -0.100843
v 0.536401 0.536401 -0.122175
v 0.533504 0.533504 -0.112889
v 0.529349 0.529349 -0.083223
v 0.537241 0.537241 -0.053080
v 0.536401 0.536401 -0.061891
v 0.533504 0.533504 -0.071177
v 0.528260 0.528260 -0.169939
v 0.537241 0.537241 -0.208891
v 0.529349 0.529349 -0.178749
v 0.536401 0.536401 -0.200081
v 0.533504 0.533504 -0.190794
v 0.529349 0.529349 -0.161128
v 0.536401 0.536401 -0.139796
v 0.533504 0.533504 -0.149083
v 0.528260 0.528260 -0.247844
v 0.537241 0.537241 -0.286797
v 0.529349 0.529349 -0.256654
v 0.536401 0.536401 -0.277986
v 0.533504 0.533504 -0.268700
v 0.529349 0.529349 -0.239034
v 0.536401 0.536401 -0.217702
v 0.533504 0.533504 -0.226988
v 0.528260 0.528260 -0.325750
v 0.529349 0.529349 -0.316939
v 0.536401 0.536401 -0.295607
v 0.533504 0.533504 -0.304894
v 0.473938 0.577495 0.687022
v 0.481995 0.587313 0.648069
v 0.474915 0.578685 0.678211
v 0.481241 0.586394 0.656879
v 0.478642 0.583228 0.666166
v 0.474915 0.578685 0.695832
v 0.481995 0.587313 0.725974
v 0.481241 0.586395 0.717164
v 0.478642 0.583228 0.707877
v 0.475795 0.579758 0.751473
v 0.481241 0.586395 0.734785
v 0.478642 0.583228 0.744071
v 0.473938 0.577495 0.609116
v 0.481995 0.587313 0.570163
v 0.474915 0.578685 0.600306
v 0.481241 0.586394 0.578974
v 0.478642 0.583228 0.588260
v 0.474915 0.578685 0.617927
v 0.481241 0.586394 0.639258
v 0.478642 0.583228 0.629972
v 0.473938 0.577495 0.531211
v 0.481995 0.587313 0.492258
v 0.474915 0.578685 0.522400
v 0.481241 0.586394 0.501068
v 0.478642 0.583228 0.510355
v 0.474915 0.578685 0.540021
v 0.481241 0.586394 0.561353
v 0.478642 0.583228 0.552066
v 0.473938 0.577495 0.453305
v 0.481995 0.587313 0.414352
v 0.474915 0.578685 0.444495
v 0.481241 0.586394 0.423163
v 0.478642 0.583228 0.432450
v 0.474915 0.578685 0.462116
v 0.481241 0.586394 0.483447
v 0.478642 0.583228 0.474161
v 0.473938 0.577495 0.375400
v 0.481995 0.587313 0.336447
v 0.474915 0.578685 0.366589
v 0.481241 0.586394 0.345257
v 0.478642 0.583228 0.354544
v 0.474915 0.578685 0.384210
v 0.481241 0.586394 0.405542
v 0.478642 0.583228 0.396255
v 0.473938 0.577495 0.297494
v 0.474915 0.578685 0.288684
v 0.481241 0.586394 0.267352
v 0.478642 0.583228 0.276639
v 0.474915 0.578685 0.306305
v 0.481241 0.586394 0.327637
v 0.478642 0.583228 0.318350
v 0.473938 0.577495 0.219589
v 0.481995 0.587313 0.180636
v 0.474915 0.578685 0.210778
v 0.481241 0.586394 0.189447
v 0.478642 0.583228 0.198733
v 0.474915 0.578685 0.228399
v 0.481995 0.587313 0.258542
v 0.481241 0.586394 0.249731
v 0.478642 0.583228 0.240444
v 0.473938 0.577495 0.141683
v 0.481995 0.587313 0.102731
v 0.474915 0.578685 0.132873
v 0.481241 0.586394 0.111541
v 0.478642 0.583228 0.120828
v 0.474915 0.578685 0.150494
v 0.481241 0.586394 0.171826
v 0.478642 0.583228 0.162539
v 0.473938 0.577495 0.063778
v 0.481995 0.587313 0.024825
v 0.474915 0.578685 0.054967
v 0.481241 0.586394 0.033636
v 0.478642 0.583228 0.042922
v 0.474915 0.578685 0.072588
v 0.481241 0.586394 0.093920
v 0.478642 0.583228 0.084634
v 0.473938 0.577495 -0.014128
v 0.474915 0.578685 -0.022938
v 0.481241 0.586394 -0.044270
v 0.478642 0.583228 -0.034983
v 0.474915 0.578685 -0.005317
v 0.481241 0.586394 0.016015
v 0.478642 0.583228 0.006728
v 0.473938 0.577495 -0.092033
v 0.481995 0.587313 -0.130986
v 0.474915 0.578685 -0.100843
v 0.481241 0.586394 -0.122175
v 0.478642 0.583228 -0.112889
v 0.474915 0.578685 -0.083223
v 0.481995 0.587313 -0.053080
v 0.481241 0.586394 -0.061891
v 0.478642 0.583228 -0.071177
v 0.473938 0.577495 -0.169939
v 0.481995 0.587313 -0.208891
v 0.474915 0.578685 -0.178749
v 0.481241 0.586394 -0.200081
v 0.478642 0.583228 -0.190794
v 0.474915 0.578685 -0.161128
v 0.481241 0.586394 -0.139796
v 0.478642 0.583228 -0.149083
v 0.473938 0.577495 -0.247844
v 0.481995 0.587313 -0.286797
v 0.474915 0.578685 -0.256654
v 0.481241 0.586394 -0.277986
v 0.478642 0.583227 -0.268700
v 0.474915 0.578685 -0.239034
v 0.481241 0.586394 -0.217702
v 0.478642 0.583228 -0.226988
v 0.473938 0.577495 -0.325750
v 0.474915 0.578685 -0.316939
v 0.481241 0.586394 -0.295607
v 0.478642 0.583227 -0.304894
v 0.415051 0.621169 0.687022
v 0.422107 0.631728 0.648069
v 0.415907 0.622449 0.678211
v 0.421447 0.630741 0.656879
v 0.419171 0.627334 0.666166
v 0.415907 0.622449 0.695832
v 0.422107 0.631728 0.725974
v 0.421447 0.630741 0.717164
v 0.419171 0.627334 0.707877
v 0.416678 0.623602 0.751473
v 0.421447 0.630741 0.734785
v 0.419171 0.627334 0.744071
v 0.415051 0.621169 0.609116
v 0.422107 0.631728 0.570163
v 0.415907 0.622449 0.600306
v 0.421447 0.630741 0.578974
v 0.419171 0.627334 0.588260
v 0.415907 0.622449 0.617927
v 0.421447 0.630741 0.639258
v 0.419171 0.627334 0.629972
v 0.415051 0.621169 0.531211
v 0.422107 0.631728 0.492258
v 0.415907 0.622449 0.522400
v 0.421447 0.630741 0.501068
v 0.419171 0.627334 0.510355
v 0.415907 0.622449 0.540021
v 0.421447 0.630741 0.561353
v 0.419171 0.627334 0.552066
v 0.415051 0.621169 0.453305
v 0.422107 0.631728 0.414352
v 0.415907 0.622449 0.444495
v 0.421447 0.630741 0.423163
v 0.419171 0.627334 0.432450
v 0.415907 0.622449 0.462116
v 0.421447 0.630741 0.483447
v 0.419171 0.627334 0.474161
v 0.415051 0.621169 0.375400
v 0.422107 0.631728 0.336447
v 0.415907 0.622449 0.366589
v 0.421447 0.630741 0.345257
v 0.419171 0.627334 0.354544
v 0.415907 0.622449 0.384210
v 0.421447 0.630741 0.405542
v 0.419171 0.627334 0.396255
v 0.415051 0.621169 0.297494
v 0.422107 0.631728 0.258542
v 0.415907 0.622449 0.288684
v 0.421447 0.630741 0.267352
v 0.419171 0.627334 0.276639
v 0.415907 0.622449 0.306305
v 0.421447 0.630741 0.327637
v 0.419171 0.627334 0.318350
v 0.415051 0.621169 0.219589
v 0.422107 0.631728 0.180636
v 0.415907 0.622449 0.210778
v 0.421447 0.630741 0.189447
v 0.419171 0.627334 0.198733
v 0.415907 0.622449 0.228399
v 0.421447 0.630741 0.249731
v 0.419171 0.627334 0.240444
v 0.415051 0.621169 0.141683
v 0.422107 0.631728 0.102731
v 0.415907 0.622449 0.132873
v 0.421447 0.630741 0.111541
v 0.419171 0.627334 0.120828
v 0.415907 0.622449 0.150494
v 0.421447 0.630741 0.171826
v 0.419171 0.627334 0.162539
v 0.415051 0.621169 0.063778
v 0.422107 0.631728 0.024825
v 0.415907 0.622449 0.054967
v 0.421447 0.630741 0.033636
v 0.419171 0.627334 0.042922
v 0.415907 0.622449 0.072588
v 0.421447 0.630741 0.093920
v 0.419171 0.627334 0.084634
v 0.415051 0.621169 -0.014128
v 0.415907 0.622449 -0.022938
v 0.421447 0.630741 -0.044270
v 0.419171 0.627334 -0.034983
v 0.415907 0.622449 -0.005317
v 0.421447 0.630741 0.016015
v 0.419171 0.627334 0.006728
v 0.415051 0.621169 -0.092033
v 0.422107 0.631728 -0.130986
v 0.415907 0.622449 -0.100843
v 0.421447 0.630741 -0.122175
v 0.419171 0.627334 -0.112889
v 0.415907 0.622449 -0.083223
v 0.422107 0.631728 -0.053080
v 0.421447 0.630741 -0.061891
v 0.419171 0.627334 -0.071177
v 0.415051 0.621169 -0.169939
v 0.422107 0.631728 -0.208891
v 0.415907 0.622449 -0.178749
v 0.421447 0.630741 -0.200081
v 0.419171 0.627334 -0.190794
v 0.415907 0.622449 -0.161128
v 0.421447 0.630741 -0.139796
v 0.419171 0.627334 -0.149083
v 0.415051 0.621169 -0.247844
v 0.422107 0.631728 -0.286797
v 0.415907 0.622449 -0.256654
v 0.421447 0.630741 -0.277986
v 0.419171 0.627334 -0.268700
v 0.415907 0.622449 -0.239034
v 0.421447 0.630741 -0.217702
v 0.419171 0.627334 -0.226988
v 0.415051 0.621169 -0.325750
v 0.415907 0.622449 -0.316939
v 0.421447 0.630741 -0.295607
v 0.419171 0.627334 -0.304894
v 0.352168 0.658860 0.687022
v 0.358154 0.670060 0.648069
v 0.352893 0.660217 0.678211
v 0.357594 0.669013 0.656879
v 0.355663 0.665399 0.666166
v 0.352893 0.660217 0.695832
v 0.358154 0.670060 0.725974
v 0.357594 0.669013 0.717164
v 0.355663 0.665399 0.707877
v 0.353547 0.661441 0.751473
v 0.357594 0.669013 0.734785
v 0.355663 0.665399 0.744071
v 0.352168 0.658860 0.609116
v 0.358154 0.670060 0.570163
v 0.352893 0.660217 0.600306
v 0.357594 0.669013 0.578974
v 0.355663 0.665399 0.588260
v 0.352893 0.660217 0.617927
v 0.357594 0.669013 0.639258
v 0.355663 0.665399 0.629972
v 0.352168 0.658860 0.531211
v 0.358154 0.670060 0.492258
v 0.352893 0.660217 0.522400
v 0.357594 0.669013 0.501068
v 0.355663 0.665399 0.510355
v 0.352893 0.660217 0.540021
v 0.357594 0.669013 0.561353
v 0.355663 0.665400 0.552066
v 0.352168 0.658860 0.453305
v 0.358154 0.670060 0.414352
v 0.352893 0.660217 0.444495
v 0.357594 0.669013 0.423163
v 0.355663 0.665399 0.432450
v 0.352893 0.660217 0.462116
v 0.357594 0.669013 0.483447
v 0.355663 0.665399 0.474161
v 0.352168 0.658860 0.375400
v 0.358154 0.670060 0.336447
v 0.352893 0.660217 0.366589
v 0.357595 0.669013 0.345257
v 0.355663 0.665399 0.354544
v 0.352893 0.660217 0.384210
v 0.357594 0.669013 0.405542
v 0.355663 0.665399 0.396255
v 0.352168 0.658860 0.297494
v 0.358154 0.670060 0.258542
v 0.352893 0.660217 0.288684
v 0.357595 0.669013 0.267352
v 0.355663 0.665399 0.276639
v 0.352893 0.660217 0.306305
v 0.357595 0.669013 0.327637
v 0.355663 0.665399 0.318350
v 0.352168 0.658860 0.219589
v 0.358154 0.670060 0.180636
v 0.352893 0.660217 0.210778
v 0.357595 0.669013 0.189447
v 0.355663 0.665399 0.198733
v 0.352893 0.660217 0.228399
v 0.357595 0.669013 0.249731
v 0.355663 0.665399 0.240444
v 0.352168 0.658860 0.141683
v 0.358154 0.670060 0.102731
v 0.352893 0.660217 0.132873
v 0.357595 0.669013 0.111541
v 0.355663 0.665399 0.120828
v 0.352893 0.660217 0.150494
v 0.357595 0.669013 0.171826
v 0.355663 0.665399 0.162539
v 0.352168 0.658860 0.063778
v 0.358154 0.670060 0.024825
v 0.352893 0.660217 0.054967
v 0.357594 0.669013 0.033636
v 0.355663 0.665399 0.042922
v 0.352893 0.660217 0.072588
v 0.357595 0.669013 0.093920
v 0.355663 0.665399 0.084634
v 0.352168 0.658860 -0.014128
v 0.352893 0.660217 -0.022938
v 0.357594 0.669013 -0.044270
v 0.355663 0.665399 -0.034983
v 0.352893 0.660217 -0.005317
v 0.357594 0.669013 0.016015
v 0.355663 0.665399 0.006728
v 0.352168 0.658860 -0.092033
v 0.358154 0.670060 -0.130986
v 0.352893 0.660217 -0.100843
v 0.357594 0.669013 -0.122175
v 0.355663 0.665399 -0.112889
v 0.352893 0.660217 -0.083223
v 0.358154 0.670060 -0.053080
v 0.357594 0.669013 -0.061891
v 0.355663 0.665399 -0.071177
v 0.352168 0.658860 -0.169939
v 0.358154 0.670060 -0.208891
v 0.352893 0.660217 -0.178749
v 0.357595 0.669013 -0.200081
v 0.355663 0.665399 -0.190794
v 0.352893 0.660217 -0.161128
v 0.357594 0.669013 -0.139796
v 0.355663 0.665399 -0.149083
v 0.352168 0.658860 -0.247844
v 0.358154 0.670060 -0.286797
v 0.352893 0.660217 -0.256654
v 0.357595 0.669013 -0.277986
v 0.355663 0.665399 -0.268700
v 0.352893 0.660217 -0.239034
v 0.357595 0.669013 -0.217702
v 0.355663 0.665399 -0.226988
v 0.352168 0.658860 -0.325750
v 0.352893 0.660217 -0.316939
v 0.357595 0.669013 -0.295607
v 0.355663 0.665399 -0.304894
v 0.285892 0.690206 0.687022
v 0.290752 0.701939 0.648069
v 0.286481 0.691628 0.678211
v 0.290298 0.700842 0.656879
v 0.288730 0.697056 0.666166
v 0.286481 0.691628 0.695832
v 0.290752 0.701939 0.725974
v 0.290298 0.700842 0.717164
v 0.288730 0.697056 0.707877
v 0.287012 0.692910 0.751473
v 0.290298 0.700842 0.734785
v 0.288730 0.697056 0.744071
v 0.285892 0.690206 0.609116
v 0.290752 0.701939 0.570163
v 0.286481 0.691628 0.600306
v 0.290298 0.700842 0.578974
v 0.288730 0.697056 0.588260
v 0.286481 0.691628 0.617927
v 0.290298 0.700842 0.639258
v 0.288730 0.697056 0.629972
v 0.285892 0.690206 0.531211
v 0.290752 0.701939 0.492258
v 0.286481 0.691628 0.522400
v 0.290298 0.700842 0.501068
v 0.288730 0.697056 0.510355
v 0.286481 0.691628 0.540021
v 0.290298 0.700842 0.561353
v 0.288730 0.697057 0.552066
v 0.285892 0.690206 0.453305
v 0.290752 0.701939 0.414352
v 0.286481 0.691628 0.444495
v 0.290298 0.700842 0.423163
v 0.288730 0.697056 0.432450
v 0.286481 0.691628 0.462116
v 0.290298 0.700842 0.483447
v 0.288730 0.697056 0.474161
v 0.285892 0.690206 0.375400
v 0.290752 0.701939 0.336447
v 0.286481 0.691628 0.366589
v 0.290298 0.700842 0.345257
v 0.288730 0.697056 0.354544
v 0.286481 0.691628 0.384210
v 0.290298 0.700842 0.405542
v 0.288730 0.697056 0.396255
v 0.285892 0.690206 0.297494
v 0.286481 0.691628 0.288684
v 0.290298 0.700842 0.267352
v 0.288730 0.697056 0.276639
v 0.286481 0.691628 0.306305
v 0.290298 0.700842 0.327637
v 0.288730 0.697056 0.318350
v 0.285892 0.690206 0.219589
v 0.290752 0.701939 0.180636
v 0.286481 0.691628 0.210778
v 0.290298 0.700842 0.189447
v 0.288730 0.697056 0.198733
v 0.286481 0.691628 0.228399
v 0.290752 0.701939 0.258542
v 0.290298 0.700842 0.249731
v 0.288730 0.697056 0.240444
v 0.285892 0.690206 0.141683
v 0.290752 0.701939 0.102731
v 0.286481 0.691628 0.132873
v 0.290298 0.700842 0.111541
v 0.288730 0.697056 0.120828
v 0.286481 0.691628 0.150494
v 0.290298 0.700842 0.171826
v 0.288730 0.697056 0.162539
v 0.285892 0.690206 0.063778
v 0.290752 0.701939 0.024825
v 0.286481 0.691628 0.054967
v 0.290298 0.700841 0.033636
v 0.288730 0.697056 0.042922
v 0.286481 0.691628 0.072588
v 0.290298 0.700842 0.093920
v 0.288730 0.697056 0.084634
v 0.285892 0.690206 -0.014128
v 0.286481 0.691628 -0.022938
v 0.290298 0.700841 -0.044270
v 0.288730 0.697056 -0.034983
v 0.286481 0.691628 -0.005317
v 0.290298 0.700841 0.016015
v 0.288730 0.697056 0.006728
v 0.285892 0.690206 -0.092033
v 0.290752 0.701939 -0.130986
v 0.286481 0.691628 -0.100843
v 0.290298 0.700841 -0.122175
v 0.288730 0.697056 -0.112889
v 0.286481 0.691628 -0.083223
v 0.290752 0.701939 -0.053080
v 0.290298 0.700841 -0.061891
v 0.288730 0.697056 -0.071177
v 0.285892 0.690206 -0.169939
v 0.290752 0.701939 -0.208891
v 0.286481 0.691628 -0.178749
v 0.290298 0.700841 -0.200081
v 0.288730 0.697056 -0.190794
v 0.286481 0.691628 -0.161128
v 0.290298 0.700841 -0.139796
v 0.288730 0.697056 -0.149083
v 0.285892 0.690205 -0.247844
v 0.290752 0.701939 -0.286797
v 0.286481 0.691628 -0.256654
v 0.290298 0.700841 -0.277986
v 0.288730 0.697056 -0.268700
v 0.286481 0.691628 -0.239034
v 0.290298 0.700841 -0.217702
v 0.288730 0.697056 -0.226988
v 0.285892 0.690205 -0.325750
v 0.286481 0.691628 -0.316939
v 0.290298 0.700841 -0.295607
v 0.288730 0.697056 -0.304894
v 0.216864 0.714904 0.687022
v 0.220550 0.727058 0.648069
v 0.217311 0.716377 0.678211
v 0.220206 0.725921 0.656879
v 0.219016 0.722001 0.666166
v 0.217311 0.716377 0.695832
v 0.220550 0.727058 0.725974
v 0.220206 0.725921 0.717164
v 0.219016 0.722001 0.707877
v 0.217713 0.717705 0.751473
v 0.220206 0.725921 0.734785
v 0.219016 0.722001 0.744071
v 0.216864 0.714904 0.609116
v 0.220550 0.727058 0.570163
v 0.217311 0.716377 0.600306
v 0.220206 0.725921 0.578974
v 0.219016 0.722001 0.588260
v 0.217311 0.716377 0.617927
v 0.220206 0.725921 0.639258
v 0.219016 0.722001 0.629972
v 0.216864 0.714904 0.531211
v 0.220550 0.727058 0.492258
v 0.217311 0.716377 0.522400
v 0.220206 0.725921 0.501068
v 0.219016 0.722001 0.510355
v 0.217311 0.716377 0.540021
v 0.220206 0.725921 0.561353
v 0.219016 0.722001 0.552066
v 0.216864 0.714904 0.453305
v 0.220550 0.727058 0.414352
v 0.217311 0.716377 0.444495
v 0.220206 0.725921 0.423163
v 0.219016 0.722001 0.432450
v 0.217311 0.716377 0.462116
v 0.220206 0.725921 0.483447
v 0.219016 0.722001 0.474161
v 0.216864 0.714904 0.375400
v 0.220550 0.727058 0.336447
v 0.217311 0.716377 0.366589
v 0.220206 0.725921 0.345257
v 0.219016 0.722001 0.354544
v 0.217311 0.716377 0.384210
v 0.220206 0.725921 0.405542
v 0.219016 0.722001 0.396255
v 0.216864 0.714904 0.297494
v 0.217311 0.716377 0.288684
v 0.220206 0.725921 0.267352
v 0.219016 0.722001 0.276639
v 0.217311 0.716377 0.306305
v 0.220206 0.725921 0.327637
v 0.219016 0.722001 0.318350
v 0.216864 0.714904 0.219589
v 0.220550 0.727058 0.180636
v 0.217311 0.716377 0.210778
v 0.220206 0.725921 0.189447
v 0.219016 0.722001 0.198733
v 0.217311 0.716377 0.228399
v 0.220550 0.727058 0.258542
v 0.220206 0.725921 0.249731
v 0.219016 0.722001 0.240444
v 0.216864 0.714904 0.141683
v 0.220550 0.727058 0.102731
v 0.217311 0.716377 0.132873
v 0.220206 0.725921 0.111541
v 0.219016 0.722001 0.120828
v 0.217311 0.716377 0.150494
v 0.220206 0.725921 0.171826
v 0.219016 0.722001 0.162539
v 0.216864 0.714904 0.063778
v 0.220550 0.727058 0.024825
v 0.217311 0.716377 0.054967
v 0.220206 0.725921 0.033636
v 0.219016 0.722000 0.042922
v 0.217311 0.716377 0.072588
v 0.220206 0.725921 0.093920
v 0.219016 0.722001 0.084634
v 0.216864 0.714904 -0.014128
v 0.217311 0.716377 -0.022938
v 0.220206 0.725921 -0.044270
v 0.219016 0.722000 -0.034983
v 0.217311 0.716377 -0.005317
v 0.220206 0.725921 0.016015
v 0.219016 0.722000 0.006728
v 0.216864 0.714904 -0.092033
v 0.220550 0.727057 -0.130986
v 0.217311 0.716377 -0.100843
v 0.220206 0.725921 -0.122175
v 0.219016 0.722000 -0.112889
v 0.217311 0.716377 -0.083223
v 0.220550 0.727058 -0.053080
v 0.220206 0.725921 -0.061891
v 0.219016 0.722000 -0.071177
v 0.216864 0.714904 -0.169939
v 0.220550 0.727057 -0.208891
v 0.217311 0.716377 -0.178749
v 0.220206 0.725921 -0.200081
v 0.219016 0.722000 -0.190794
v 0.217311 0.716377 -0.161128
v 0.220206 0.725921 -0.139796
v 0.219016 0.722000 -0.149083
v 0.216864 0.714904 -0.247844
v 0.220550 0.727057 -0.286797
v 0.217311 0.716377 -0.256654
v 0.220206 0.725921 -0.277986
v 0.219016 0.722000 -0.268700
v 0.217311 0.716377 -0.239034
v 0.220206 0.725921 -0.217702
v 0.219016 0.722000 -0.226988
v 0.216864 0.714904 -0.325750
v 0.217311 0.716377 -0.316939
v 0.220206 0.725921 -0.295607
v 0.219016 0.722000 -0.304894
v 0.145747 0.732718 0.687022
v 0.148224 0.745174 0.648069
v 0.146047 0.734228 0.678211
v 0.147992 0.744009 0.656879
v 0.147193 0.739991 0.666166
v 0.146047 0.734228 0.695832
v 0.148224 0.745174 0.725974
v 0.147992 0.744009 0.717164
v 0.147193 0.739991 0.707877
v 0.146318 0.735589 0.751473
v 0.147992 0.744009 0.734785
v 0.147193 0.739991 0.744071
v 0.145747 0.732718 0.609116
v 0.148224 0.745174 0.570163
v 0.146047 0.734228 0.600306
v 0.147992 0.744009 0.578974
v 0.147193 0.739991 0.588260
v 0.146047 0.734228 0.617927
v 0.147992 0.744009 0.639258
v 0.147193 0.739991 0.629972
v 0.145747 0.732718 0.531211
v 0.148224 0.745174 0.492258
v 0.146047 0.734228 0.522400
v 0.147992 0.744009 0.501068
v 0.147193 0.739991 0.510355
v 0.146047 0.734228 0.540021
v 0.147992 0.744009 0.561353
v 0.147193 0.739991 0.552066
v 0.145747 0.732718 0.453305
v 0.148224 0.745174 0.414352
v 0.146047 0.734228 0.444495
v 0.147992 0.744009 0.423163
v 0.147193 0.739991 0.432450
v 0.146047 0.734228 0.462116
v 0.147992 0.744009 0.483447
v 0.147193 0.739991 0.474161
v 0.145747 0.732718 0.375400
v 0.148224 0.745174 0.336447
v 0.146047 0.734228 0.366589
v 0.147992 0.744009 0.345257
v 0.147193 0.739991 0.354544
v 0.146047 0.734228 0.384210
v 0.147992 0.744009 0.405542
v 0.147193 0.739991 0.396255
v 0.145747 0.732718 0.297494
v 0.146047 0.734228 0.288684
v 0.147992 0.744009 0.267352
v 0.147193 0.739991 0.276639
v 0.146047 0.734228 0.306305
v 0.147992 0.744009 0.327637
v 0.147193 0.739991 0.318350
v 0.145747 0.732718 0.219589
v 0.148224 0.745174 0.180636
v 0.146047 0.734228 0.210778
v 0.147992 0.744009 0.189447
v 0.147193 0.739991 0.198733
v 0.146047 0.734228 0.228399
v 0.148224 0.745174 0.258542
v 0.147992 0.744009 0.249731
v 0.147193 0.739991 0.240444
v 0.145747 0.732718 0.141683
v 0.148224 0.745174 0.102731
v 0.146047 0.734228 0.132873
v 0.147992 0.744009 0.111541
v 0.147193 0.739991 0.120828
v 0.146047 0.734228 0.150494
v 0.147992 0.744009 0.171826
v 0.147193 0.739991 0.162539
v 0.145747 0.732718 0.063778
v 0.148224 0.745174 0.024825
v 0.146047 0.734228 0.054967
v 0.147992 0.744009 0.033636
v 0.147193 0.739991 0.042922
v 0.146047 0.734228 0.072588
v 0.147992 0.744009 0.093920
v 0.147193 0.739991 0.084634
v 0.145747 0.732718 -0.014128
v 0.148224 0.745174 -0.053080
v 0.146047 0.734228 -0.022938
v 0.147993 0.744009 -0.044270
v 0.147193 0.739991 -0.034983
v 0.146047 0.734228 -0.005317
v 0.147993 0.744009 0.016015
v 0.147193 0.739991 0.006728
v 0.145747 0.732718 -0.092033
v 0.148224 0.745174 -0.130986
v 0.146047 0.734228 -0.100843
v 0.147993 0.744009 -0.122175
v 0.147193 0.739991 -0.112889
v 0.146047 0.734228 -0.083223
v 0.147993 0.744009 -0.061891
v 0.147193 0.739991 -0.071177
v 0.145747 0.732718 -0.169939
v 0.148224 0.745174 -0.208891
v 0.146047 0.734228 -0.178749
v 0.147993 0.744009 -0.200081
v 0.147193 0.739991 -0.190794
v 0.146047 0.734228 -0.161128
v 0.147993 0.744009 -0.139796
v 0.147193 0.739991 -0.149083
v 0.145747 0.732718 -0.247844
v 0.148224 0.745174 -0.286797
v 0.146047 0.734228 -0.256654
v 0.147993 0.744009 -0.277986
v 0.147193 0.739991 -0.268700
v 0.146047 0.734228 -0.239034
v 0.147993 0.744009 -0.217702
v 0.147193 0.739991 -0.226988
v 0.145747 0.732718 -0.325750
v 0.146047 0.734228 -0.316939
v 0.147993 0.744009 -0.295607
v 0.147193 0.739991 -0.304894
v 0.073226 0.743476 0.687022
v 0.074471 0.756115 0.648069
v 0.073377 0.745008 0.678211
v 0.074354 0.754933 0.656879
v 0.073953 0.750855 0.666166
v 0.073377 0.745008 0.695832
v 0.074471 0.756115 0.725974
v 0.074354 0.754933 0.717164
v 0.073953 0.750855 0.707877
v 0.073513 0.746389 0.751473
v 0.074354 0.754933 0.734785
v 0.073953 0.750855 0.744071
v 0.073226 0.743476 0.609116
v 0.074471 0.756115 0.570163
v 0.073377 0.745008 0.600306
v 0.074354 0.754933 0.578974
v 0.073953 0.750855 0.588260
v 0.073377 0.745008 0.617927
v 0.074354 0.754933 0.639258
v 0.073953 0.750855 0.629972
v 0.073226 0.743476 0.531211
v 0.074471 0.756115 0.492258
v 0.073377 0.745008 0.522400
v 0.074354 0.754933 0.501068
v 0.073953 0.750855 0.510355
v 0.073377 0.745008 0.540021
v 0.074354 0.754933 0.561353
v 0.073953 0.750855 0.552066
v 0.073226 0.743476 0.453305
v 0.074471 0.756115 0.414352
v 0.073377 0.745008 0.444495
v 0.074354 0.754933 0.423163
v 0.073953 0.750855 0.432450
v 0.073377 0.745008 0.462116
v 0.074354 0.754933 0.483447
v 0.073953 0.750855 0.474161
v 0.073226 0.743476 0.375400
v 0.074471 0.756115 0.336447
v 0.073377 0.745008 0.366589
v 0.074354 0.754933 0.345257
v 0.073953 0.750855 0.354544
v 0.073377 0.745008 0.384210
v 0.074354 0.754933 0.405542
v 0.073953 0.750855 0.396255
v 0.073226 0.743476 0.297494
v 0.073377 0.745008 0.288684
v 0.074354 0.754933 0.267352
v 0.073953 0.750855 0.276639
v 0.073377 0.745008 0.306305
v 0.074354 0.754933 0.327637
v 0.073953 0.750855 0.318350
v 0.073226 0.743476 0.219589
v 0.074471 0.756115 0.180636
v 0.073377 0.745008 0.210778
v 0.074354 0.754933 0.189447
v 0.073953 0.750855 0.198733
v 0.073377 0.745008 0.228399
v 0.074471 0.756115 0.258542
v 0.074354 0.754933 0.249731
v 0.073953 0.750855 0.240444
v 0.073226 0.743476 0.141683
v 0.074471 0.756115 0.102731
v 0.073377 0.745008 0.132873
v 0.074354 0.754933 0.111541
v 0.073953 0.750855 0.120828
v 0.073377 0.745008 0.150494
v 0.074354 0.754933 0.171826
v 0.073953 0.750855 0.162539
v 0.073226 0.743476 0.063778
v 0.074471 0.756115 0.024825
v 0.073377 0.745008 0.054967
v 0.074354 0.754933 0.033636
v 0.073953 0.750855 0.042922
v 0.073377 0.745008 0.072588
v 0.074354 0.754933 0.093920
v 0.073953 0.750855 0.084634
v 0.073226 0.743476 -0.014128
v 0.073377 0.745008 -0.022938
v 0.074354 0.754933 -0.044270
v 0.073953 0.750855 -0.034983
v 0.073377 0.745008 -0.005317
v 0.074354 0.754933 0.016015
v 0.073953 0.750855 0.006728
v 0.073226 0.743476 -0.092033
v 0.074471 0.756114 -0.130986
v 0.073377 0.745008 -0.100843
v 0.074354 0.754933 -0.122175
v 0.073953 0.750855 -0.112889
v 0.073377 0.745008 -0.083223
v 0.074471 0.756115 -0.053080
v 0.074354 0.754933 -0.061891
v 0.073953 0.750855 -0.071177
v 0.073226 0.743476 -0.169939
v 0.074471 0.756114 -0.208891
v 0.073377 0.745008 -0.178749
v 0.074354 0.754933 -0.200081
v 0.073953 0.750855 -0.190794
v 0.073377 0.745008 -0.161128
v 0.074354 0.754933 -0.139796
v 0.073953 0.750855 -0.149083
v 0.073226 0.743476 -0.247844
v 0.074471 0.756114 -0.286797
v 0.073377 0.745008 -0.256654
v 0.074354 0.754933 -0.277986
v 0.073953 0.750855 -0.268700
v 0.073377 0.745008 -0.239034
v 0.074354 0.754933 -0.217702
v 0.073953 0.750855 -0.226988
v 0.073226 0.743476 -0.325750
v 0.073377 0.745008 -0.316939
v 0.074354 0.754933 -0.295607
v 0.073953 0.750855 -0.304894
v -0.000000 0.747073 0.687022
v -0.000000 0.759773 0.648069
v -0.000000 0.748612 0.678211
v -0.000000 0.758585 0.656879
v -0.000000 0.754488 0.666166
v -0.000000 0.748612 0.695832
v -0.000000 0.759773 0.725974
v -0.000000 0.758585 0.717164
v -0.000000 0.754488 0.707877
v -0.000000 0.750000 0.751473
v -0.000000 0.758585 0.734785
v -0.000000 0.754488 0.744071
v -0.000000 0.747073 0.609116
v -0.000000 0.759773 0.570163
v -0.000000 0.748612 0.600306
v -0.000000 0.758585 0.578974
v -0.000000 0.754488 0.588260
v -0.000000 0.748612 0.617927
v -0.000000 0.758585 0.639258
v -0.000000 0.754488 0.629972
v -0.000000 0.747073 0.531211
v -0.000000 0.759773 0.492258
v -0.000000 0.748612 0.522400
v -0.000000 0.758585 0.501068
v -0.000000 0.754488 0.510355
v -0.000000 0.748612 0.540021
v -0.000000 0.758585 0.561353
v -0.000000 0.754489 0.552066
v -0.000000 0.747073 0.453305
v -0.000000 0.759773 0.414352
v -0.000000 0.748612 0.444495
v -0.000000 0.758585 0.423163
v -0.000000 0.754488 0.432450
v -0.000000 0.748612 0.462116
v -0.000000 0.758585 0.483447
v -0.000000 0.754488 0.474161
v -0.000000 0.747073 0.375400
v -0.000000 0.759773 0.336447
v -0.000000 0.748612 0.366589
v -0.000000 0.758585 0.345257
v -0.000000 0.754488 0.354544
v -0.000000 0.748612 0.384210
v -0.000000 0.758585 0.405542
v -0.000000 0.754488 0.396255
v -0.000000 0.747073 0.297494
v -0.000000 0.748612 0.288684
v -0.000000 0.758585 0.267352
v -0.000000 0.754488 0.276639
v -0.000000 0.748612 0.306305
v -0.000000 0.758585 0.327637
v -0.000000 0.754488 0.318350
v -0.000000 0.747073 0.219589
v -0.000000 0.759773 0.180636
v -0.000000 0.748612 0.210778
v -0.000000 0.758585 0.189447
v -0.000000 0.754488 0.198733
v -0.000000 0.748612 0.228399
v -0.000000 0.759773 0.258542
v -0.000000 0.758585 0.249731
v -0.000000 0.754488 0.240444
v -0.000000 0.747073 0.141683
v -0.000000 0.759773 0.102731
v -0.000000 0.748612 0.132873
v -0.000000 0.758585 0.111541
v -0.000000 0.754488 0.120828
v -0.000000 0.748612 0.150494
v -0.000000 0.758585 0.171826
v -0.000000 0.754488 0.162539
v -0.000000 0.747073 0.063778
v -0.000000 0.759773 0.024825
v -0.000000 0.748612 0.054967
v -0.000000 0.758585 0.033636
v -0.000000 0.754488 0.042922
v -0.000000 0.748612 0.072588
v -0.000000 0.758585 0.093920
v -0.000000 0.754488 0.084634
v -0.000000 0.747073 -0.014128
v -0.000000 0.748612 -0.022938
v -0.000000 0.758585 -0.044270
v -0.000000 0.754488 -0.034983
v -0.000000 0.748612 -0.005317
v -0.000000 0.758585 0.016015
v -0.000000 0.754488 0.006728
v -0.000000 0.747073 -0.092033
v -0.000000 0.759773 -0.130986
v -0.000000 0.748612 -0.100843
v -0.000000 0.758585 -0.122175
v -0.000000 0.754488 -0.112889
v -0.000000 0.748612 -0.083223
v -0.000000 0.759773 -0.053080
v -0.000000 0.758585 -0.061891
v -0.000000 0.754488 -0.071177
v -0.000000 0.747073 -0.169939
v -0.000000 0.759773 -0.208891
v -0.000000 0.748612 -0.178749
v -0.000000 0.758585 -0.200081
v -0.000000 0.754488 -0.190794
v -0.000000 0.748612 -0.161128
v -0.000000 0.758585 -0.139796
v -0.000000 0.754488 -0.149083
v -0.000000 0.747073 -0.247844
v -0.000000 0.759773 -0.286797
v -0.000000 0.748612 -0.256654
v -0.000000 0.758585 -0.277986
v -0.000000 0.754488 -0.268700
v -0.000000 0.748612 -0.239034
v -0.000000 0.758585 -0.217702
v -0.000000 0.754488 -0.226988
v -0.000000 0.747073 -0.325750
v -0.000000 0.748612 -0.316939
v -0.000000 0.758585 -0.295607
v -0.000000 0.754488 -0.304894
v -0.073226 0.743476 0.687022
v -0.074471 0.756115 0.648069
v -0.073377 0.745008 0.678211
v -0.074355 0.754933 0.656879
v -0.073953 0.750855 0.666166
v -0.073377 0.745008 0.695832
v -0.074471 0.756115 0.725974
v -0.074355 0.754933 0.717164
v -0.073953 0.750855 0.707877
v -0.073513 0.746389 0.751473
v -0.074355 0.754933 0.734785
v -0.073953 0.750855 0.744071
v -0.073226 0.743476 0.609116
v -0.074471 0.756115 0.570163
v -0.073377 0.745008 0.600306
v -0.074355 0.754933 0.578974
v -0.073953 0.750855 0.588260
v -0.073377 0.745008 0.617927
v -0.074355 0.754933 0.639258
v -0.073953 0.750855 0.629972
v -0.073226 0.743476 0.531211
v -0.074471 0.756115 0.492258
v -0.073377 0.745008 0.522400
v -0.074355 0.754933 0.501068
v -0.073953 0.750855 0.510355
v -0.073377 0.745008 0.540021
v -0.074355 0.754933 0.561353
v -0.073953 0.750855 0.552066
v -0.073226 0.743476 0.453305
v -0.074471 0.756115 0.414352
v -0.073377 0.745008 0.444495
v -0.074355 0.754933 0.423163
v -0.073953 0.750855 0.432450
v -0.073377 0.745008 0.462116
v -0.074355 0.754933 0.483447
v -0.073953 0.750855 0.474161
v -0.073226 0.743476 0.375400
v -0.074471 0.756115 0.336447
v -0.073377 0.745008 0.366589
v -0.074355 0.754933 0.345257
v -0.073953 0.750855 0.354544
v -0.073377 0.745008 0.384210
v -0.074355 0.754933 0.405542
v -0.073953 0.750855 0.396255
v -0.073226 0.743476 0.297494
v -0.074471 0.756115 0.258542
v -0.073377 0.745008 0.288684
v -0.074355 0.754933 0.267352
v -0.073953 0.750855 0.276639
v -0.073377 0.745008 0.306305
v -0.074355 0.754933 0.327637
v -0.073953 0.750855 0.318350
v -0.073226 0.743476 0.219589
v -0.074471 0.756115 0.180636
v -0.073377 0.745008 0.210778
v -0.074355 0.754933 0.189447
v -0.073953 0.750855 0.198733
v -0.073377 0.745008 0.228399
v -0.074355 0.754933 0.249731
v -0.073953 0.750855 0.240444
v -0.073226 0.743476 0.141683
v -0.074471 0.756115 0.102731
v -0.073377 0.745008 0.132873
v -0.074355 0.754933 0.111541
v -0.073953 0.750855 0.120828
v -0.073377 0.745008 0.150494
v -0.074355 0.754933 0.171826
v -0.073953 0.750855 0.162539
v -0.073226 0.743476 0.063778
v -0.074471 0.756115 0.024825
v -0.073377 0.745008 0.054967
v -0.074355 0.754933 0.033636
v -0.073953 0.750855 0.042922
v -0.073377 0.745008 0.072588
v -0.074355 0.754933 0.093920
v -0.073953 0.750855 0.084634
v -0.073226 0.743476 -0.014128
v -0.074471 0.756115 -0.053080
v -0.073377 0.745008 -0.022938
v -0.074355 0.754933 -0.044270
v -0.073953 0.750855 -0.034983
v -0.073377 0.745008 -0.005317
v -0.074355 0.754933 0.016015
v -0.073953 0.750855 0.006728
v -0.073226 0.743476 -0.092033
v -0.074471 0.756114 -0.130986
v -0.073377 0.745008 -0.100843
v -0.074355 0.754933 -0.122175
v -0.073953 0.750855 -0.112889
v -0.073377 0.745008 -0.083223
v -0.074355 0.754933 -0.061891
v -0.073953 0.750855 -0.071177
v -0.073226 0.743476 -0.169939
v -0.074471 0.756114 -0.208891
v -0.073377 0.745008 -0.178749
v -0.074355 0.754933 -0.200081
v -0.073953 0.750855 -0.190794
v -0.073377 0.745008 -0.161128
v -0.074355 0.754933 -0.139796
v -0.073953 0.750855 -0.149083
v -0.073226 0.743476 -0.247844
v -0.074471 0.756114 -0.286797
v -0.073377 0.745008 -0.256654
v -0.074354 0.754933 -0.277986
v -0.073953 0.750855 -0.268700
v -0.073377 0.745008 -0.239034
v -0.074355 0.754933 -0.217702
v -0.073953 0.750855 -0.226988
v -0.073226 0.743476 -0.325750
v -0.073377 0.745008 -0.316939
v -0.074354 0.754933 -0.295607
v -0.073953 0.750855 -0.304894
v -0.145747 0.732718 0.687022
v -0.148225 0.745174 0.648069
v -0.146047 0.734228 0.678211
v -0.147993 0.744009 0.656879
v -0.147194 0.739991 0.666166
v -0.146047 0.734228 0.695832
v -0.148225 0.745174 0.725974
v -0.147993 0.744009 0.717164
v -0.147194 0.739991 0.707877
v -0.146318 0.735589 0.751473
v -0.147993 0.744009 0.734785
v -0.147194 0.739991 0.744071
v -0.145747 0.732718 0.609116
v -0.148225 0.745174 0.570163
v -0.146047 0.734228 0.600306
v -0.147993 0.744009 0.578974
v -0.147194 0.739991 0.588260
v -0.146047 0.734228 0.617927
v -0.147993 0.744009 0.639258
v -0.147194 0.739991 0.629972
v -0.145747 0.732718 0.531211
v -0.148224 0.745174 0.492258
v -0.146047 0.734228 0.522400
v -0.147993 0.744009 0.501068
v -0.147194 0.739991 0.510355
v -0.146047 0.734228 0.540021
v -0.147993 0.744009 0.561353
v -0.147194 0.739991 0.552066
v -0.145747 0.732718 0.453305
v -0.148224 0.745174 0.414352
v -0.146047 0.734228 0.444495
v -0.147993 0.744009 0.423163
v -0.147194 0.739991 0.432450
v -0.146047 0.734228 0.462116
v -0.147993 0.744009 0.483447
v -0.147194 0.739991 0.474161
v -0.145747 0.732718 0.375400
v -0.148224 0.745174 0.336447
v -0.146047 0.734228 0.366589
v -0.147993 0.744009 0.345257
v -0.147194 0.739991 0.354544
v -0.146047 0.734228 0.384210
v -0.147993 0.744009 0.405542
v -0.147194 0.739991 0.396255
v -0.145747 0.732718 0.297494
v -0.148224 0.745174 0.258542
v -0.146047 0.734228 0.288684
v -0.147993 0.744009 0.267352
v -0.147194 0.739991 0.276639
v -0.146047 0.734228 0.306305
v -0.147993 0.744009 0.327637
v -0.147194 0.739991 0.318350
v -0.145747 0.732718 0.219589
v -0.148224 0.745174 0.180636
v -0.146047 0.734228 0.210778
v -0.147993 0.744009 0.189447
v -0.147194 0.739991 0.198733
v -0.146047 0.734228 0.228399
v -0.147993 0.744009 0.249731
v -0.147194 0.739991 0.240444
v -0.145747 0.732718 0.141683
v -0.148224 0.745174 0.102731
v -0.146047 0.734228 0.132873
v -0.147993 0.744009 0.111541
v -0.147194 0.739991 0.120828
v -0.146047 0.734228 0.150494
v -0.147993 0.744009 0.171826
v -0.147194 0.739991 0.162539
v -0.145747 0.732718 0.063778
v -0.148224 0.745174 0.024825
v -0.146047 0.734228 0.054967
v -0.147993 0.744009 0.033636
v -0.147194 0.739991 0.042922
v -0.146047 0.734228 0.072588
v -0.147993 0.744009 0.093920
v -0.147194 0.739991 0.084634
v -0.145747 0.732718 -0.014128
v -0.146047 0.734228 -0.022938
v -0.147993 0.744009 -0.044270
v -0.147193 0.739991 -0.034983
v -0.146047 0.734228 -0.005317
v -0.147993 0.744009 0.016015
v -0.147193 0.739991 0.006728
v -0.145747 0.732718 -0.092033
v -0.148224 0.745174 -0.130986
v -0.146047 0.734228 -0.100843
v -0.147993 0.744009 -0.122175
v -0.147193 0.739991 -0.112889
v -0.146047 0.734228 -0.083223
v -0.148224 0.745174 -0.053080
v -0.147993 0.744009 -0.061891
v -0.147193 0.739991 -0.071177
v -0.145747 0.732718 -0.169939
v -0.148224 0.745174 -0.208891
v -0.146047 0.734228 -0.178749
v -0.147993 0.744009 -0.200081
v -0.147193 0.739991 -0.190794
v -0.146047 0.734228 -0.161128
v -0.147993 0.744009 -0.139796
v -0.147193 0.739991 -0.149083
v -0.145747 0.732718 -0.247844
v -0.148224 0.745174 -0.286797
v -0.146047 0.734228 -0.256654
v -0.147993 0.744009 -0.277986
v -0.147193 0.739991 -0.268700
v -0.146047 0.734228 -0.239034
v -0.147993 0.744009 -0.217702
v -0.147193 0.739991 -0.226988
v -0.145747 0.732718 -0.325750
v -0.146047 0.734228 -0.316939
v -0.147993 0.744009 -0.295607
v -0.147193 0.739991 -0.304894
v -0.216864 0.714904 0.687022
v -0.220551 0.727057 0.648069
v -0.217311 0.716377 0.678211
v -0.220206 0.725921 0.656879
v -0.219017 0.722000 0.666166
v -0.217311 0.716377 0.695832
v -0.220551 0.727057 0.725974
v -0.220206 0.725921 0.717164
v -0.219017 0.722000 0.707877
v -0.217714 0.717705 0.751473
v -0.220206 0.725921 0.734785
v -0.219017 0.722000 0.744071
v -0.216864 0.714904 0.609116
v -0.220551 0.727057 0.570163
v -0.217311 0.716377 0.600306
v -0.220206 0.725921 0.578974
v -0.219017 0.722000 0.588260
v -0.217311 0.716377 0.617927
v -0.220206 0.725921 0.639258
v -0.219017 0.722000 0.629972
v -0.216864 0.714904 0.531211
v -0.220551 0.727057 0.492258
v -0.217311 0.716377 0.522400
v -0.220206 0.725921 0.501068
v -0.219017 0.722000 0.510355
v -0.217311 0.716377 0.540021
v -0.220206 0.725921 0.561353
v -0.219017 0.722000 0.552066
v -0.216864 0.714904 0.453305
v -0.220551 0.727057 0.414352
v -0.217311 0.716377 0.444495
v -0.220206 0.725921 0.423163
v -0.219017 0.722000 0.432450
v -0.217311 0.716377 0.462116
v -0.220206 0.725921 0.483447
v -0.219017 0.722000 0.474161
v -0.216864 0.714904 0.375400
v -0.220551 0.727057 0.336447
v -0.217311 0.716377 0.366589
v -0.220206 0.725921 0.345257
v -0.219017 0.722000 0.354544
v -0.217311 0.716377 0.384210
v -0.220206 0.725921 0.405542
v -0.219017 0.722000 0.396255
v -0.216864 0.714904 0.297494
v -0.220551 0.727057 0.258542
v -0.217311 0.716377 0.288684
v -0.220206 0.725921 0.267352
v -0.219017 0.722000 0.276639
v -0.217311 0.716377 0.306305
v -0.220206 0.725921 0.327637
v -0.219017 0.722000 0.318350
v -0.216864 0.714904 0.219589
v -0.220551 0.727057 0.180636
v -0.217311 0.716377 0.210778
v -0.220206 0.725921 0.189447
v -0.219017 0.722000 0.198733
v -0.217311 0.716377 0.228399
v -0.220206 0.725921 0.249731
v -0.219017 0.722000 0.240444
v -0.216864 0.714904 0.141683
v -0.220551 0.727057 0.102731
v -0.217311 0.716377 0.132873
v -0.220206 0.725921 0.111541
v -0.219017 0.722000 0.120828
v -0.217311 0.716377 0.150494
v -0.220206 0.725921 0.171826
v -0.219017 0.722000 0.162539
v -0.216864 0.714904 0.063778
v -0.220551 0.727057 0.024825
v -0.217311 0.716377 0.054967
v -0.220206 0.725921 0.033636
v -0.219017 0.722000 0.042922
v -0.217311 0.716377 0.072588
v -0.220206 0.725921 0.093920
v -0.219017 0.722000 0.084634
v -0.216864 0.714904 -0.014128
v -0.217311 0.716377 -0.022938
v -0.220206 0.725921 -0.044270
v -0.219017 0.722000 -0.034983
v -0.217311 0.716377 -0.005317
v -0.220206 0.725921 0.016015
v -0.219017 0.722000 0.006728
v -0.216864 0.714904 -0.092033
v -0.220551 0.727057 -0.130986
v -0.217311 0.716377 -0.100843
v -0.220206 0.725921 -0.122175
v -0.219017 0.722000 -0.112889
v -0.217311 0.716377 -0.083223
v -0.220551 0.727057 -0.053080
v -0.220206 0.725921 -0.061891
v -0.219017 0.722000 -0.071177
v -0.216864 0.714904 -0.169939
v -0.220551 0.727057 -0.208891
v -0.217311 0.716377 -0.178749
v -0.220206 0.725921 -0.200081
v -0.219017 0.722000 -0.190794
v -0.217311 0.716377 -0.161128
v -0.220206 0.725921 -0.139796
v -0.219017 0.722000 -0.149083
v -0.216864 0.714904 -0.247844
v -0.220551 0.727057 -0.286797
v -0.217311 0.716377 -0.256654
v -0.220206 0.725921 -0.277986
v -0.219017 0.722000 -0.268700
v -0.217311 0.716377 -0.239034
v -0.220206 0.725921 -0.217702
v -0.219017 0.722000 -0.226988
v -0.216864 0.714904 -0.325750
v -0.217311 0.716377 -0.316939
v -0.220206 0.725921 -0.295607
v -0.219017 0.722000 -0.304894
v -0.285893 0.690205 0.687022
v -0.290753 0.701939 0.648069
v -0.286482 0.691628 0.678211
v -0.290298 0.700841 0.656879
v -0.288730 0.697056 0.666166
v -0.286482 0.691628 0.695832
v -0.290753 0.701939 0.725974
v -0.290298 0.700841 0.717164
v -0.288730 0.697056 0.707877
v -0.287013 0.692910 0.751473
v -0.290298 0.700841 0.734785
v -0.288730 0.697056 0.744071
v -0.285893 0.690205 0.609116
v -0.290753 0.701939 0.570163
v -0.286482 0.691628 0.600306
v -0.290298 0.700841 0.578974
v -0.288730 0.697056 0.588260
v -0.286482 0.691628 0.617927
v -0.290298 0.700841 0.639258
v -0.288730 0.697056 0.629972
v -0.285893 0.690205 0.531211
v -0.290753 0.701939 0.492258
v -0.286482 0.691628 0.522400
v -0.290298 0.700841 0.501068
v -0.288730 0.697056 0.510355
v -0.286482 0.691628 0.540021
v -0.290298 0.700841 0.561353
v -0.288730 0.697056 0.552066
v -0.285893 0.690205 0.453305
v -0.290753 0.701939 0.414352
v -0.286482 0.691628 0.444495
v -0.290298 0.700841 0.423163
v -0.288730 0.697056 0.432450
v -0.286482 0.691628 0.462116
v -0.290298 0.700841 0.483447
v -0.288730 0.697056 0.474161
v -0.285893 0.690205 0.375400
v -0.290753 0.701939 0.336447
v -0.286482 0.691628 0.366589
v -0.290298 0.700841 0.345257
v -0.288730 0.697056 0.354544
v -0.286482 0.691628 0.384210
v -0.290298 0.700841 0.405542
v -0.288730 0.697056 0.396255
v -0.285893 0.690205 0.297494
v -0.286482 0.691628 0.288684
v -0.290298 0.700841 0.267352
v -0.288730 0.697056 0.276639
v -0.286482 0.691628 0.306305
v -0.290298 0.700841 0.327637
v -0.288730 0.697056 0.318350
v -0.285893 0.690205 0.219589
v -0.290753 0.701939 0.180636
v -0.286482 0.691628 0.210778
v -0.290298 0.700841 0.189447
v -0.288730 0.697056 0.198733
v -0.286482 0.691628 0.228399
v -0.290753 0.701939 0.258542
v -0.290298 0.700841 0.249731
v -0.288730 0.697056 0.240444
v -0.285893 0.690205 0.141683
v -0.290753 0.701939 0.102731
v -0.286482 0.691628 0.132873
v -0.290298 0.700841 0.111541
v -0.288730 0.697056 0.120828
v -0.286482 0.691628 0.150494
v -0.290298 0.700841 0.171826
v -0.288730 0.697056 0.162539
v -0.285893 0.690205 0.063778
v -0.290753 0.701939 0.024825
v -0.286482 0.691628 0.054967
v -0.290298 0.700841 0.033636
v -0.288730 0.697056 0.042922
v -0.286482 0.691628 0.072588
v -0.290298 0.700841 0.093920
v -0.288730 0.697056 0.084634
v -0.285893 0.690205 -0.014128
v -0.286482 0.691628 -0.022938
v -0.290298 0.700841 -0.044270
v -0.288730 0.697056 -0.034983
v -0.286482 0.691628 -0.005317
v -0.290298 0.700841 0.016015
v -0.288730 0.697056 0.006728
v -0.285893 0.690205 -0.092033
v -0.290753 0.701939 -0.130986
v -0.286482 0.691628 -0.100843
v -0.290298 0.700841 -0.122175
v -0.288730 0.697056 -0.112889
v -0.286482 0.691628 -0.083223
v -0.290753 0.701939 -0.053080
v -0.290298 0.700841 -0.061891
v -0.288730 0.697056 -0.071177
v -0.285893 0.690205 -0.169939
v -0.290753 0.701939 -0.208891
v -0.286482 0.691628 -0.178749
v -0.290298 0.700841 -0.200081
v -0.288730 0.697056 -0.190794
v -0.286482 0.691628 -0.161128
v -0.290298 0.700841 -0.139796
v -0.288730 0.697056 -0.149083
v -0.285893 0.690205 -0.247844
v -0.290753 0.701939 -0.286797
v -0.286482 0.691628 -0.256654
v -0.290298 0.700841 -0.277986
v -0.288730 0.697056 -0.268700
v -0.286482 0.691628 -0.239034
v -0.290298 0.700841 -0.217702
v -0.288730 0.697056 -0.226988
v -0.285893 0.690205 -0.325750
v -0.286482 0.691628 -0.316939
v -0.290298 0.700841 -0.295607
v -0.288730 0.697056 -0.304894
v -0.352168 0.658860 0.687022
v -0.358155 0.670060 0.648069
v -0.352894 0.660217 0.678211
v -0.357595 0.669012 0.656879
v -0.355664 0.665399 0.666166
v -0.352894 0.660217 0.695832
v -0.358155 0.670060 0.725974
v -0.357595 0.669012 0.717164
v -0.355664 0.665399 0.707877
v -0.353548 0.661441 0.751473
v -0.357595 0.669012 0.734785
v -0.355664 0.665399 0.744071
v -0.352168 0.658860 0.609116
v -0.358155 0.670060 0.570163
v -0.352894 0.660217 0.600306
v -0.357595 0.669012 0.578974
v -0.355664 0.665399 0.588260
v -0.352894 0.660217 0.617927
v -0.357595 0.669012 0.639258
v -0.355664 0.665399 0.629972
v -0.352168 0.658860 0.531211
v -0.358155 0.670060 0.492258
v -0.352894 0.660217 0.522400
v -0.357595 0.669012 0.501068
v -0.355664 0.665399 0.510355
v -0.352894 0.660217 0.540021
v -0.357595 0.669012 0.561353
v -0.355664 0.665399 0.552066
v -0.352168 0.658860 0.453305
v -0.358155 0.670060 0.414352
v -0.352894 0.660217 0.444495
v -0.357595 0.669012 0.423163
v -0.355664 0.665399 0.432450
v -0.352894 0.660217 0.462116
v -0.357595 0.669012 0.483447
v -0.355664 0.665399 0.474161
v -0.352168 0.658860 0.375400
v -0.358155 0.670060 0.336447
v -0.352894 0.660217 0.366589
v -0.357595 0.669012 0.345257
v -0.355664 0.665399 0.354544
v -0.352894 0.660217 0.384210
v -0.357595 0.669012 0.405542
v -0.355664 0.665399 0.396255
v -0.352168 0.658860 0.297494
v -0.358155 0.670060 0.258542
v -0.352894 0.660217 0.288684
v -0.357595 0.669012 0.267352
v -0.355664 0.665399 0.276639
v -0.352894 0.660217 0.306305
v -0.357595 0.669012 0.327637
v -0.355664 0.665399 0.318350
v -0.352168 0.658860 0.219589
v -0.358155 0.670060 0.180636
v -0.352894 0.660217 0.210778
v -0.357595 0.669012 0.189447
v -0.355664 0.665399 0.198733
v -0.352894 0.660217 0.228399
v -0.357595 0.669012 0.249731
v -0.355664 0.665399 0.240444
v -0.352168 0.658860 0.141683
v -0.358155 0.670060 0.102731
v -0.352894 0.660217 0.132873
v -0.357595 0.669012 0.111541
v -0.355664 0.665399 0.120828
v -0.352894 0.660217 0.150494
v -0.357595 0.669012 0.171826
v -0.355664 0.665399 0.162539
v -0.352168 0.658860 0.063778
v -0.358155 0.670060 0.024825
v -0.352894 0.660217 0.054967
v -0.357595 0.669012 0.033636
v -0.355664 0.665399 0.042922
v -0.352894 0.660217 0.072588
v -0.357595 0.669012 0.093920
v -0.355664 0.665399 0.084634
v -0.352168 0.658860 -0.014128
v -0.352894 0.660217 -0.022938
v -0.357595 0.669012 -0.044270
v -0.355664 0.665399 -0.034983
v -0.352894 0.660217 -0.005317
v -0.357595 0.669012 0.016015
v -0.355664 0.665399 0.006728
v -0.352168 0.658860 -0.092033
v -0.358155 0.670060 -0.130986
v -0.352894 0.660217 -0.100843
v -0.357595 0.669012 -0.122175
v -0.355664 0.665399 -0.112889
v -0.352894 0.660217 -0.083223
v -0.358155 0.670060 -0.053080
v -0.357595 0.669012 -0.061891
v -0.355664 0.665399 -0.071177
v -0.352168 0.658860 -0.169939
v -0.358155 0.670060 -0.208891
v -0.352894 0.660217 -0.178749
v -0.357595 0.669012 -0.200081
v -0.355664 0.665399 -0.190794
v -0.352894 0.660217 -0.161128
v -0.357595 0.669012 -0.139796
v -0.355664 0.665399 -0.149083
v -0.352168 0.658860 -0.247844
v -0.358155 0.670060 -0.286797
v -0.352894 0.660217 -0.256654
v -0.357595 0.669012 -0.277986
v -0.355664 0.665399 -0.268700
v -0.352894 0.660217 -0.239034
v -0.357595 0.669012 -0.217702
v -0.355664 0.665399 -0.226988
v -0.352168 0.658860 -0.325750
v -0.352894 0.660217 -0.316939
v -0.357595 0.669012 -0.295607
v -0.355664 0.665399 -0.304894
v -0.415052 0.621168 0.687022
v -0.422108 0.631728 0.648069
v -0.415907 0.622448 0.678211
v -0.421448 0.630741 0.656879
v -0.419172 0.627334 0.666166
v -0.415907 0.622448 0.695832
v -0.422108 0.631728 0.725974
v -0.421448 0.630741 0.717164
v -0.419172 0.627334 0.707877
v -0.416678 0.623602 0.751473
v -0.421448 0.630741 0.734785
v -0.419172 0.627334 0.744071
v -0.415052 0.621168 0.609116
v -0.422108 0.631728 0.570163
v -0.415907 0.622448 0.600306
v -0.421448 0.630741 0.578974
v -0.419172 0.627334 0.588260
v -0.415907 0.622448 0.617927
v -0.421448 0.630741 0.639258
v -0.419172 0.627334 0.629972
v -0.415052 0.621168 0.531211
v -0.422108 0.631728 0.492258
v -0.415907 0.622448 0.522400
v -0.421448 0.630741 0.501068
v -0.419172 0.627334 0.510355
v -0.415907 0.622448 0.540021
v -0.421448 0.630741 0.561353
v -0.419172 0.627334 0.552066
v -0.415052 0.621168 0.453305
v -0.422107 0.631728 0.414352
v -0.415907 0.622448 0.444495
v -0.421448 0.630741 0.423163
v -0.419172 0.627334 0.432450
v -0.415907 0.622448 0.462116
v -0.421448 0.630741 0.483447
v -0.419172 0.627334 0.474161
v -0.415052 0.621168 0.375400
v -0.422107 0.631728 0.336447
v -0.415907 0.622448 0.366589
v -0.421448 0.630741 0.345257
v -0.419172 0.627334 0.354544
v -0.415907 0.622448 0.384210
v -0.421448 0.630741 0.405542
v -0.419172 0.627334 0.396255
v -0.415052 0.621168 0.297494
v -0.422107 0.631728 0.258542
v -0.415907 0.622448 0.288684
v -0.421448 0.630741 0.267352
v -0.419172 0.627334 0.276639
v -0.415907 0.622448 0.306305
v -0.421448 0.630741 0.327637
v -0.419172 0.627334 0.318350
v -0.415052 0.621168 0.219589
v -0.422107 0.631728 0.180636
v -0.415907 0.622448 0.210778
v -0.421448 0.630741 0.189447
v -0.419172 0.627334 0.198733
v -0.415907 0.622448 0.228399
v -0.421448 0.630741 0.249731
v -0.419172 0.627334 0.240444
v -0.415052 0.621168 0.141683
v -0.422107 0.631728 0.102731
v -0.415907 0.622448 0.132873
v -0.421448 0.630741 0.111541
v -0.419172 0.627334 0.120828
v -0.415907 0.622448 0.150494
v -0.421448 0.630741 0.171826
v -0.419172 0.627334 0.162539
v -0.415052 0.621168 0.063778
v -0.422107 0.631728 0.024825
v -0.415907 0.622448 0.054967
v -0.421448 0.630741 0.033636
v -0.419172 0.627334 0.042922
v -0.415907 0.622448 0.072588
v -0.421448 0.630741 0.093920
v -0.419172 0.627334 0.084634
v -0.415052 0.621168 -0.014128
v -0.422107 0.631728 -0.053080
v -0.415907 0.622448 -0.022938
v -0.421448 0.630741 -0.044270
v -0.419172 0.627334 -0.034983
v -0.415907 0.622448 -0.005317
v -0.421448 0.630741 0.016015
v -0.419172 0.627334 0.006728
v -0.415052 0.621168 -0.092033
v -0.422107 0.631728 -0.130986
v -0.415907 0.622448 -0.100843
v -0.421448 0.630741 -0.122175
v -0.419171 0.627334 -0.112889
v -0.415907 0.622448 -0.083223
v -0.421448 0.630741 -0.061891
v -0.419172 0.627334 -0.071177
v -0.415052 0.621168 -0.169939
v -0.422107 0.631728 -0.208891
v -0.415907 0.622448 -0.178749
v -0.421448 0.630741 -0.200081
v -0.419171 0.627334 -0.190794
v -0.415907 0.622448 -0.161128
v -0.421448 0.630741 -0.139796
v -0.419171 0.627334 -0.149083
v -0.415052 0.621168 -0.247844
v -0.422107 0.631728 -0.286797
v -0.415907 0.622448 -0.256654
v -0.421448 0.630741 -0.277986
v -0.419171 0.627334 -0.268700
v -0.415907 0.622448 -0.239034
v -0.421448 0.630741 -0.217702
v -0.419171 0.627334 -0.226988
v -0.415052 0.621168 -0.325750
v -0.415907 0.622448 -0.316939
v -0.421448 0.630741 -0.295607
v -0.419171 0.627334 -0.304894
v -0.473938 0.577495 0.687022
v -0.481995 0.587313 0.648069
v -0.474915 0.578685 0.678211
v -0.481242 0.586394 0.656879
v -0.478643 0.583227 0.666166
v -0.474915 0.578685 0.695832
v -0.481995 0.587312 0.725974
v -0.481242 0.586394 0.717164
v -0.478643 0.583227 0.707877
v -0.475795 0.579758 0.751473
v -0.481242 0.586394 0.734785
v -0.478643 0.583227 0.744071
v -0.473938 0.577495 0.609116
v -0.481995 0.587313 0.570163
v -0.474915 0.578685 0.600306
v -0.481242 0.586394 0.578974
v -0.478643 0.583227 0.588260
v -0.474915 0.578685 0.617927
v -0.481242 0.586394 0.639258
v -0.478643 0.583227 0.629972
v -0.473938 0.577495 0.531211
v -0.481995 0.587313 0.492258
v -0.474915 0.578685 0.522400
v -0.481242 0.586394 0.501068
v -0.478642 0.583227 0.510355
v -0.474915 0.578685 0.540021
v -0.481242 0.586394 0.561353
v -0.478643 0.583228 0.552066
v -0.473938 0.577495 0.453305
v -0.481995 0.587313 0.414352
v -0.474915 0.578685 0.444495
v -0.481242 0.586394 0.423163
v -0.478642 0.583227 0.432450
v -0.474915 0.578685 0.462116
v -0.481242 0.586394 0.483447
v -0.478642 0.583227 0.474161
v -0.473938 0.577495 0.375400
v -0.481995 0.587313 0.336447
v -0.474915 0.578685 0.366589
v -0.481242 0.586394 0.345257
v -0.478642 0.583227 0.354544
v -0.474915 0.578685 0.384210
v -0.481242 0.586394 0.405542
v -0.478642 0.583227 0.396255
v -0.473938 0.577495 0.297494
v -0.481995 0.587313 0.258542
v -0.474915 0.578685 0.288684
v -0.481242 0.586394 0.267352
v -0.478642 0.583227 0.276639
v -0.474915 0.578685 0.306305
v -0.481242 0.586394 0.327637
v -0.478642 0.583227 0.318350
v -0.473938 0.577495 0.219589
v -0.481995 0.587313 0.180636
v -0.474915 0.578685 0.210778
v -0.481242 0.586394 0.189447
v -0.478642 0.583227 0.198733
v -0.474915 0.578685 0.228399
v -0.481242 0.586394 0.249731
v -0.478642 0.583227 0.240444
v -0.473938 0.577495 0.141683
v -0.481995 0.587313 0.102731
v -0.474915 0.578685 0.132873
v -0.481242 0.586394 0.111541
v -0.478642 0.583227 0.120828
v -0.474915 0.578685 0.150494
v -0.481242 0.586394 0.171826
v -0.478642 0.583227 0.162539
v -0.473938 0.577495 0.063778
v -0.481995 0.587313 0.024825
v -0.474915 0.578685 0.054967
v -0.481242 0.586394 0.033636
v -0.478642 0.583227 0.042922
v -0.474915 0.578685 0.072588
v -0.481242 0.586394 0.093920
v -0.478642 0.583227 0.084634
v -0.473938 0.577495 -0.014128
v -0.481995 0.587313 -0.053080
v -0.474915 0.578685 -0.022938
v -0.481241 0.586394 -0.044270
v -0.478642 0.583227 -0.034983
v -0.474915 0.578685 -0.005317
v -0.481242 0.586394 0.016015
v -0.478642 0.583227 0.006728
v -0.473938 0.577495 -0.092033
v -0.481995 0.587312 -0.130986
v -0.474915 0.578685 -0.100843
v -0.481241 0.586394 -0.122175
v -0.478642 0.583227 -0.112889
v -0.474915 0.578685 -0.083223
v -0.481241 0.586394 -0.061891
v -0.478642 0.583227 -0.071177
v -0.473938 0.577495 -0.169939
v -0.481995 0.587312 -0.208891
v -0.474915 0.578685 -0.178749
v -0.481241 0.586394 -0.200081
v -0.478642 0.583227 -0.190794
v -0.474915 0.578685 -0.161128
v -0.481241 0.586394 -0.139796
v -0.478642 0.583227 -0.149083
v -0.473938 0.577495 -0.247844
v -0.481995 0.587312 -0.286797
v -0.474915 0.578685 -0.256654
v -0.481241 0.586394 -0.277986
v -0.478642 0.583227 -0.268700
v -0.474915 0.578685 -0.239034
v -0.481241 0.586394 -0.217702
v -0.478642 0.583227 -0.226988
v -0.473938 0.577495 -0.325750
v -0.474915 0.578685 -0.316939
v -0.481241 0.586394 -0.295607
v -0.478642 0.583227 -0.304894
v -0.528261 0.528260 0.687022
v -0.537241 0.537241 0.648069
v -0.529349 0.529349 0.678211
v -0.536401 0.536401 0.656879
v -0.533504 0.533504 0.666166
v -0.529349 0.529349 0.695832
v -0.537241 0.537241 0.725974
v -0.536401 0.536401 0.717164
v -0.533504 0.533504 0.707877
v -0.530330 0.530330 0.751473
v -0.536401 0.536401 0.734785
v -0.533504 0.533504 0.744071
v -0.528261 0.528260 0.609116
v -0.537241 0.537241 0.570163
v -0.529349 0.529349 0.600306
v -0.536401 0.536401 0.578974
v -0.533504 0.533504 0.588260
v -0.529349 0.529349 0.617927
v -0.536401 0.536401 0.639258
v -0.533504 0.533504 0.629972
v -0.528261 0.528260 0.531211
v -0.537241 0.537241 0.492258
v -0.529349 0.529349 0.522400
v -0.536401 0.536401 0.501068
v -0.533504 0.533504 0.510355
v -0.529349 0.529349 0.540021
v -0.536401 0.536401 0.561353
v -0.533504 0.533504 0.552066
v -0.528261 0.528260 0.453305
v -0.537241 0.537241 0.414352
v -0.529349 0.529349 0.444495
v -0.536401 0.536401 0.423163
v -0.533504 0.533504 0.432450
v -0.529349 0.529349 0.462116
v -0.536401 0.536401 0.483447
v -0.533504 0.533504 0.474161
v -0.528260 0.528260 0.375400
v -0.537241 0.537241 0.336447
v -0.529349 0.529349 0.366589
v -0.536401 0.536401 0.345257
v -0.533504 0.533504 0.354544
v -0.529349 0.529349 0.384210
v -0.536401 0.536401 0.405542
v -0.533504 0.533504 0.396255
v -0.528260 0.528260 0.297494
v -0.529349 0.529349 0.288684
v -0.536401 0.536401 0.267352
v -0.533504 0.533504 0.276639
v -0.529349 0.529349 0.306305
v -0.536401 0.536401 0.327637
v -0.533504 0.533504 0.318350
v -0.528260 0.528260 0.219589
v -0.537241 0.537241 0.180636
v -0.529349 0.529349 0.210778
v -0.536401 0.536401 0.189447
v -0.533504 0.533504 0.198733
v -0.529349 0.529349 0.228399
v -0.537241 0.537241 0.258542
v -0.536401 0.536401 0.249731
v -0.533504 0.533504 0.240444
v -0.528260 0.528260 0.141683
v -0.537241 0.537241 0.102731
v -0.529349 0.529349 0.132873
v -0.536401 0.536401 0.111541
v -0.533504 0.533504 0.120828
v -0.529349 0.529349 0.150494
v -0.536401 0.536401 0.171826
v -0.533504 0.533504 0.162539
v -0.528260 0.528260 0.063778
v -0.537241 0.537241 0.024825
v -0.529349 0.529349 0.054967
v -0.536401 0.536401 0.033636
v -0.533504 0.533504 0.042922
v -0.529349 0.529349 0.072588
v -0.536401 0.536401 0.093920
v -0.533504 0.533504 0.084634
v -0.528260 0.528260 -0.014128
v -0.537241 0.537241 -0.053080
v -0.529349 0.529349 -0.022938
v -0.536401 0.536401 -0.044270
v -0.533504 0.533504 -0.034983
v -0.529349 0.529349 -0.005317
v -0.536401 0.536401 0.016015
v -0.533504 0.533504 0.006728
v -0.528260 0.528260 -0.092033
v -0.537241 0.537241 -0.130986
v -0.529349 0.529349 -0.100843
v -0.536401 0.536401 -0.122175
v -0.533504 0.533504 -0.112889
v -0.529349 0.529349 -0.083223
v -0.536401 0.536401 -0.061891
v -0.533504 0.533504 -0.071177
v -0.528260 0.528260 -0.169939
v -0.537241 0.537241 -0.208891
v -0.529349 0.529349 -0.178749
v -0.536401 0.536401 -0.200081
v -0.533504 0.533504 -0.190794
v -0.529349 0.529349 -0.161128
v -0.536401 0.536401 -0.139796
v -0.533504 0.533504 -0.149083
v -0.528260 0.528260 -0.247844
v -0.537241 0.537241 -0.286797
v -0.529349 0.529349 -0.256654
v -0.536401 0.536401 -0.277986
v -0.533504 0.533504 -0.268700
v -0.529349 0.529349 -0.239034
v -0.536401 0.536401 -0.217702
v -0.533504 0.533504 -0.226988
v -0.528260 0.528260 -0.325750
v -0.529349 0.529349 -0.316939
v -0.536401 0.536401 -0.295607
v -0.533504 0.533504 -0.304894
v -0.577495 0.473938 0.687022
v -0.587313 0.481995 0.648069
v -0.578685 0.474915 0.678211
v -0.586395 0.481241 0.656879
v -0.583228 0.478642 0.666166
v -0.578685 0.474915 0.695832
v -0.587313 0.481995 0.725974
v -0.586395 0.481241 0.717164
v -0.583228 0.478642 0.707877
v -0.579758 0.475795 0.751473
v -0.586395 0.481241 0.734785
v -0.583228 0.478642 0.744071
v -0.577495 0.473938 0.609116
v -0.587313 0.481995 0.570163
v -0.578685 0.474915 0.600306
v -0.586395 0.481241 0.578974
v -0.583228 0.478642 0.588260
v -0.578685 0.474915 0.617927
v -0.586395 0.481241 0.639258
v -0.583228 0.478642 0.629972
v -0.577495 0.473938 0.531211
v -0.587313 0.481995 0.492258
v -0.578685 0.474915 0.522400
v -0.586395 0.481241 0.501068
v -0.583228 0.478642 0.510355
v -0.578685 0.474915 0.540021
v -0.586395 0.481241 0.561353
v -0.583228 0.478642 0.552066
v -0.577495 0.473938 0.453305
v -0.587313 0.481995 0.414352
v -0.578685 0.474915 0.444495
v -0.586395 0.481241 0.423163
v -0.583228 0.478642 0.432450
v -0.578685 0.474915 0.462116
v -0.586395 0.481241 0.483447
v -0.583228 0.478642 0.474161
v -0.577495 0.473938 0.375400
v -0.587313 0.481995 0.336447
v -0.578685 0.474915 0.366589
v -0.586395 0.481241 0.345257
v -0.583228 0.478642 0.354544
v -0.578685 0.474915 0.384210
v -0.586395 0.481241 0.405542
v -0.583228 0.478642 0.396255
v -0.577495 0.473938 0.297494
v -0.578685 0.474915 0.288684
v -0.586395 0.481241 0.267352
v -0.583228 0.478642 0.276639
v -0.578685 0.474915 0.306305
v -0.586395 0.481241 0.327637
v -0.583228 0.478642 0.318350
v -0.577495 0.473938 0.219589
v -0.587313 0.481995 0.180636
v -0.578685 0.474915 0.210778
v -0.586395 0.481241 0.189447
v -0.583228 0.478642 0.198733
v -0.578685 0.474915 0.228399
v -0.587313 0.481995 0.258542
v -0.586395 0.481241 0.249731
v -0.583228 0.478642 0.240444
v -0.577495 0.473938 0.141683
v -0.587313 0.481995 0.102731
v -0.578685 0.474915 0.132873
v -0.586395 0.481241 0.111541
v -0.583228 0.478642 0.120828
v -0.578685 0.474915 0.150494
v -0.586395 0.481241 0.171826
v -0.583228 0.478642 0.162539
v -0.577495 0.473938 0.063778
v -0.587313 0.481995 0.024825
v -0.578685 0.474915 0.054967
v -0.586394 0.481241 0.033636
v -0.583228 0.478642 0.042922
v -0.578685 0.474915 0.072588
v -0.586395 0.481241 0.093920
v -0.583228 0.478642 0.084634
v -0.577495 0.473938 -0.014128
v -0.587313 0.481995 -0.053080
v -0.578685 0.474915 -0.022938
v -0.586394 0.481241 -0.044270
v -0.583228 0.478642 -0.034983
v -0.578685 0.474915 -0.005317
v -0.586394 0.481241 0.016015
v -0.583228 0.478642 0.006728
v -0.577495 0.473938 -0.092033
v -0.587313 0.481995 -0.130986
v -0.578685 0.474915 -0.100843
v -0.586394 0.481241 -0.122175
v -0.583228 0.478642 -0.112889
v -0.578685 0.474915 -0.083223
v -0.586394 0.481241 -0.061891
v -0.583228 0.478642 -0.071177
v -0.577495 0.473938 -0.169939
v -0.587313 0.481995 -0.208891
v -0.578685 0.474915 -0.178749
v -0.586394 0.481241 -0.200081
v -0.583228 0.478642 -0.190794
v -0.578685 0.474915 -0.161128
v -0.586394 0.481241 -0.139796
v -0.583228 0.478642 -0.149083
v -0.577495 0.473938 -0.247844
v -0.587313 0.481995 -0.286797
v -0.578685 0.474915 -0.256654
v -0.586394 0.481241 -0.277986
v -0.583228 0.478642 -0.268700
v -0.578685 0.474915 -0.239034
v -0.586394 0.481241 -0.217702
v -0.583228 0.478642 -0.226988
v -0.577495 0.473938 -0.325750
v -0.578685 0.474915 -0.316939
v -0.586394 0.481241 -0.295607
v -0.583228 0.478642 -0.304894
v -0.621169 0.415051 0.687022
v -0.631728 0.422107 0.648069
v -0.622449 0.415907 0.678211
v -0.630741 0.421447 0.656879
v -0.627334 0.419171 0.666166
v -0.622449 0.415907 0.695832
v -0.631728 0.422107 0.725974
v -0.630741 0.421447 0.717164
v -0.627334 0.419171 0.707877
v -0.623602 0.416678 0.751473
v -0.630741 0.421447 0.734785
v -0.627334 0.419171 0.744071
v -0.621169 0.415051 0.609116
v -0.631728 0.422107 0.570163
v -0.622449 0.415907 0.600306
v -0.630741 0.421447 0.578974
v -0.627334 0.419171 0.588260
v -0.622449 0.415907 0.617927
v -0.630741 0.421447 0.639258
v -0.627334 0.419171 0.629972
v -0.621169 0.415051 0.531211
v -0.631728 0.422107 0.492258
v -0.622449 0.415907 0.522400
v -0.630741 0.421447 0.501068
v -0.627334 0.419171 0.510355
v -0.622449 0.415907 0.540021
v -0.630741 0.421447 0.561353
v -0.627334 0.419171 0.552066
v -0.621169 0.415051 0.453305
v -0.631728 0.422107 0.414352
v -0.622449 0.415907 0.444495
v -0.630741 0.421447 0.423163
v -0.627334 0.419171 0.432450
v -0.622449 0.415907 0.462116
v -0.630741 0.421447 0.483447
v -0.627334 0.419171 0.474161
v -0.621169 0.415051 0.375400
v -0.631728 0.422107 0.336447
v -0.622449 0.415907 0.366589
v -0.630741 0.421447 0.345257
v -0.627334 0.419171 0.354544
v -0.622449 0.415907 0.384210
v -0.630741 0.421447 0.405542
v -0.627334 0.419171 0.396255
v -0.621169 0.415051 0.297494
v -0.622449 0.415907 0.288684
v -0.630741 0.421447 0.267352
v -0.627334 0.419171 0.276639
v -0.622449 0.415907 0.306305
v -0.630741 0.421447 0.327637
v -0.627334 0.419171 0.318350
v -0.621169 0.415051 0.219589
v -0.631728 0.422107 0.180636
v -0.622449 0.415907 0.210778
v -0.630741 0.421447 0.189447
v -0.627334 0.419171 0.198733
v -0.622449 0.415907 0.228399
v -0.631728 0.422107 0.258542
v -0.630741 0.421447 0.249731
v -0.627334 0.419171 0.240444
v -0.621169 0.415051 0.141683
v -0.631728 0.422107 0.102731
v -0.622449 0.415907 0.132873
v -0.630741 0.421447 0.111541
v -0.627334 0.419171 0.120828
v -0.622449 0.415907 0.150494
v -0.630741 0.421447 0.171826
v -0.627334 0.419171 0.162539
v -0.621169 0.415051 0.063778
v -0.631728 0.422107 0.024825
v -0.622449 0.415907 0.054967
v -0.630741 0.421447 0.033636
v -0.627334 0.419171 0.042922
v -0.622449 0.415907 0.072588
v -0.630741 0.421447 0.093920
v -0.627334 0.419171 0.084634
v -0.621169 0.415051 -0.014128
v -0.631728 0.422107 -0.053080
v -0.622449 0.415907 -0.022938
v -0.630741 0.421447 -0.044270
v -0.627334 0.419171 -0.034983
v -0.622449 0.415907 -0.005317
v -0.630741 0.421447 0.016015
v -0.627334 0.419171 0.006728
v -0.621169 0.415051 -0.092033
v -0.631728 0.422107 -0.130986
v -0.622449 0.415907 -0.100843
v -0.630741 0.421447 -0.122175
v -0.627334 0.419171 -0.112889
v -0.622449 0.415907 -0.083223
v -0.630741 0.421447 -0.061891
v -0.627334 0.419171 -0.071177
v -0.621169 0.415051 -0.169939
v -0.631728 0.422107 -0.208891
v -0.622449 0.415907 -0.178749
v -0.630741 0.421447 -0.200081
v -0.627334 0.419171 -0.190794
v -0.622449 0.415907 -0.161128
v -0.630741 0.421447 -0.139796
v -0.627334 0.419171 -0.149083
v -0.621169 0.415051 -0.247844
v -0.631728 0.422107 -0.286797
v -0.622449 0.415907 -0.256654
v -0.630741 0.421447 -0.277986
v -0.627334 0.419171 -0.268700
v -0.622449 0.415907 -0.239034
v -0.630741 0.421447 -0.217702
v -0.627334 0.419171 -0.226988
v -0.621169 0.415051 -0.325750
v -0.622449 0.415907 -0.316939
v -0.630741 0.421447 -0.295607
v -0.627334 0.419171 -0.304894
v -0.658860 0.352168 0.687022
v -0.670060 0.358154 0.648069
v -0.660217 0.352893 0.678211
v -0.669013 0.357594 0.656879
v -0.665400 0.355663 0.666166
v -0.660217 0.352893 0.695832
v -0.670060 0.358154 0.725974
v -0.669013 0.357594 0.717164
v -0.665400 0.355663 0.707877
v -0.661441 0.353547 0.751473
v -0.669013 0.357594 0.734785
v -0.665400 0.355663 0.744071
v -0.658860 0.352168 0.609116
v -0.670060 0.358154 0.570163
v -0.660217 0.352893 0.600306
v -0.669013 0.357594 0.578974
v -0.665400 0.355663 0.588260
v -0.660217 0.352893 0.617927
v -0.669013 0.357594 0.639258
v -0.665400 0.355663 0.629972
v -0.658860 0.352168 0.531211
v -0.670060 0.358154 0.492258
v -0.660217 0.352893 0.522400
v -0.669013 0.357594 0.501068
v -0.665400 0.355663 0.510355
v -0.660217 0.352893 0.540021
v -0.669013 0.357594 0.561353
v -0.665400 0.355663 0.552066
v -0.658860 0.352168 0.453305
v -0.670060 0.358154 0.414352
v -0.660217 0.352893 0.444495
v -0.669013 0.357594 0.423163
v -0.665400 0.355663 0.432450
v -0.660217 0.352893 0.462116
v -0.669013 0.357594 0.483447
v -0.665400 0.355663 0.474161
v -0.658860 0.352168 0.375400
v -0.670060 0.358154 0.336447
v -0.660217 0.352893 0.366589
v -0.669013 0.357594 0.345257
v -0.665400 0.355663 0.354544
v -0.660217 0.352893 0.384210
v -0.669013 0.357594 0.405542
v -0.665400 0.355663 0.396255
v -0.658860 0.352168 0.297494
v -0.670060 0.358154 0.258542
v -0.660217 0.352893 0.288684
v -0.669013 0.357594 0.267352
v -0.665400 0.355663 0.276639
v -0.660217 0.352893 0.306305
v -0.669013 0.357594 0.327637
v -0.665400 0.355663 0.318350
v -0.658860 0.352168 0.219589
v -0.670060 0.358154 0.180636
v -0.660217 0.352893 0.210778
v -0.669013 0.357594 0.189447
v -0.665400 0.355663 0.198733
v -0.660217 0.352893 0.228399
v -0.669013 0.357594 0.249731
v -0.665400 0.355663 0.240444
v -0.658860 0.352168 0.141683
v -0.670060 0.358154 0.102731
v -0.660217 0.352893 0.132873
v -0.669013 0.357594 0.111541
v -0.665400 0.355663 0.120828
v -0.660217 0.352893 0.150494
v -0.669013 0.357594 0.171826
v -0.665400 0.355663 0.162539
v -0.658860 0.352168 0.063778
v -0.670060 0.358154 0.024825
v -0.660217 0.352893 0.054967
v -0.669013 0.357594 0.033636
v -0.665400 0.355663 0.042922
v -0.660217 0.352893 0.072588
v -0.669013 0.357594 0.093920
v -0.665400 0.355663 0.084634
v -0.658860 0.352168 -0.014128
v -0.670060 0.358154 -0.053080
v -0.660217 0.352893 -0.022938
v -0.669013 0.357594 -0.044270
v -0.665400 0.355663 -0.034983
v -0.660217 0.352893 -0.005317
v -0.669013 0.357594 0.016015
v -0.665400 0.355663 0.006728
v -0.658860 0.352168 -0.092033
v -0.670060 0.358154 -0.130986
v -0.660217 0.352893 -0.100843
v -0.669013 0.357594 -0.122175
v -0.665400 0.355663 -0.112889
v -0.660217 0.352893 -0.083223
v -0.669013 0.357594 -0.061891
v -0.665400 0.355663 -0.071177
v -0.658860 0.352168 -0.169939
v -0.670060 0.358154 -0.208891
v -0.660217 0.352893 -0.178749
v -0.669013 0.357595 -0.200081
v -0.665400 0.355663 -0.190794
v -0.660217 0.352893 -0.161128
v -0.669013 0.357594 -0.139796
v -0.665400 0.355663 -0.149083
v -0.658860 0.352168 -0.247844
v -0.670060 0.358154 -0.286797
v -0.660217 0.352893 -0.256654
v -0.669013 0.357595 -0.277986
v -0.665399 0.355663 -0.268700
v -0.660217 0.352893 -0.239034
v -0.669013 0.357595 -0.217702
v -0.665400 0.355663 -0.226988
v -0.658860 0.352168 -0.325750
v -0.660217 0.352893 -0.316939
v -0.669013 0.357595 -0.295607
v -0.665399 0.355663 -0.304894
v -0.690206 0.285892 0.687022
v -0.701939 0.290752 0.648069
v -0.691628 0.286481 0.678211
v -0.700842 0.290298 0.656879
v -0.697057 0.288730 0.666166
v -0.691628 0.286481 0.695832
v -0.701939 0.290752 0.725974
v -0.700842 0.290298 0.717164
v -0.697057 0.288730 0.707877
v -0.692910 0.287012 0.751473
v -0.700842 0.290298 0.734785
v -0.697057 0.288730 0.744071
v -0.690206 0.285892 0.609116
v -0.701939 0.290752 0.570163
v -0.691628 0.286481 0.600306
v -0.700842 0.290298 0.578974
v -0.697057 0.288730 0.588260
v -0.691628 0.286481 0.617927
v -0.700842 0.290298 0.639258
v -0.697057 0.288730 0.629972
v -0.690206 0.285892 0.531211
v -0.701939 0.290752 0.492258
v -0.691628 0.286481 0.522400
v -0.700842 0.290298 0.501068
v -0.697057 0.288730 0.510355
v -0.691628 0.286481 0.540021
v -0.700842 0.290298 0.561353
v -0.697057 0.288730 0.552066
v -0.690206 0.285892 0.453305
v -0.701939 0.290752 0.414352
v -0.691628 0.286481 0.444495
v -0.700842 0.290298 0.423163
v -0.697057 0.288730 0.432450
v -0.691628 0.286481 0.462116
v -0.700842 0.290298 0.483447
v -0.697057 0.288730 0.474161
v -0.690206 0.285892 0.375400
v -0.701939 0.290752 0.336447
v -0.691628 0.286481 0.366589
v -0.700842 0.290298 0.345257
v -0.697057 0.288730 0.354544
v -0.691628 0.286481 0.384210
v -0.700842 0.290298 0.405542
v -0.697057 0.288730 0.396255
v -0.690206 0.285892 0.297494
v -0.701939 0.290752 0.258542
v -0.691628 0.286481 0.288684
v -0.700842 0.290298 0.267352
v -0.697057 0.288730 0.276639
v -0.691628 0.286481 0.306305
v -0.700842 0.290298 0.327637
v -0.697057 0.288730 0.318350
v -0.690206 0.285892 0.219589
v -0.701939 0.290752 0.180636
v -0.691628 0.286481 0.210778
v -0.700842 0.290298 0.189447
v -0.697057 0.288730 0.198733
v -0.691628 0.286481 0.228399
v -0.700842 0.290298 0.249731
v -0.697057 0.288730 0.240444
v -0.690206 0.285892 0.141683
v -0.701939 0.290752 0.102731
v -0.691628 0.286481 0.132873
v -0.700842 0.290298 0.111541
v -0.697057 0.288730 0.120828
v -0.691628 0.286481 0.150494
v -0.700842 0.290298 0.171826
v -0.697057 0.288730 0.162539
v -0.690206 0.285892 0.063778
v -0.701939 0.290752 0.024825
v -0.691628 0.286481 0.054967
v -0.700842 0.290298 0.033636
v -0.697057 0.288730 0.042922
v -0.691628 0.286481 0.072588
v -0.700842 0.290298 0.093920
v -0.697057 0.288730 0.084634
v -0.690206 0.285892 -0.014128
v -0.691628 0.286481 -0.022938
v -0.700842 0.290298 -0.044270
v -0.697057 0.288730 -0.034983
v -0.691628 0.286481 -0.005317
v -0.700842 0.290298 0.016015
v -0.697057 0.288730 0.006728
v -0.690206 0.285892 -0.092033
v -0.701939 0.290752 -0.130986
v -0.691628 0.286481 -0.100843
v -0.700842 0.290298 -0.122175
v -0.697057 0.288730 -0.112889
v -0.691628 0.286481 -0.083223
v -0.701939 0.290752 -0.053080
v -0.700842 0.290298 -0.061891
v -0.697057 0.288730 -0.071177
v -0.690206 0.285892 -0.169939
v -0.701939 0.290752 -0.208891
v -0.691628 0.286481 -0.178749
v -0.700842 0.290298 -0.200081
v -0.697057 0.288730 -0.190794
v -0.691628 0.286481 -0.161128
v -0.700842 0.290298 -0.139796
v -0.697057 0.288730 -0.149083
v -0.690206 0.285892 -0.247844
v -0.701939 0.290752 -0.286797
v -0.691628 0.286481 -0.256654
v -0.700842 0.290298 -0.277986
v -0.697056 0.288730 -0.268700
v -0.691628 0.286481 -0.239034
v -0.700842 0.290298 -0.217702
v -0.697057 0.288730 -0.226988
v -0.690206 0.285892 -0.325750
v -0.691628 0.286481 -0.316939
v -0.700842 0.290298 -0.295607
v -0.697056 0.288730 -0.304894
v -0.714904 0.216864 0.687022
v -0.727058 0.220550 0.648069
v -0.716377 0.217311 0.678211
v -0.725921 0.220206 0.656879
v -0.722001 0.219016 0.666166
v -0.716377 0.217311 0.695832
v -0.727058 0.220550 0.725974
v -0.725921 0.220206 0.717164
v -0.722001 0.219016 0.707877
v -0.717705 0.217713 0.751473
v -0.725921 0.220206 0.734785
v -0.722001 0.219016 0.744071
v -0.714904 0.216864 0.609116
v -0.727058 0.220550 0.570163
v -0.716377 0.217311 0.600306
v -0.725921 0.220206 0.578974
v -0.722001 0.219016 0.588260
v -0.716377 0.217311 0.617927
v -0.725921 0.220206 0.639258
v -0.722001 0.219016 0.629972
v -0.714904 0.216864 0.531211
v -0.727058 0.220550 0.492258
v -0.716377 0.217311 0.522400
v -0.725921 0.220206 0.501068
v -0.722001 0.219016 0.510355
v -0.716377 0.217311 0.540021
v -0.725921 0.220206 0.561353
v -0.722001 0.219016 0.552066
v -0.714904 0.216864 0.453305
v -0.727058 0.220550 0.414352
v -0.716377 0.217311 0.444495
v -0.725921 0.220206 0.423163
v -0.722001 0.219016 0.432450
v -0.716377 0.217311 0.462116
v -0.725921 0.220206 0.483447
v -0.722001 0.219016 0.474161
v -0.714904 0.216864 0.375400
v -0.727058 0.220550 0.336447
v -0.716377 0.217311 0.366589
v -0.725921 0.220206 0.345257
v -0.722001 0.219016 0.354544
v -0.716377 0.217311 0.384210
v -0.725921 0.220206 0.405542
v -0.722001 0.219016 0.396255
v -0.714904 0.216864 0.297494
v -0.727058 0.220550 0.258542
v -0.716377 0.217311 0.288684
v -0.725921 0.220206 0.267352
v -0.722001 0.219016 0.276639
v -0.716377 0.217311 0.306305
v -0.725921 0.220206 0.327637
v -0.722001 0.219016 0.318350
v -0.714904 0.216864 0.219589
v -0.727058 0.220550 0.180636
v -0.716377 0.217311 0.210778
v -0.725921 0.220206 0.189447
v -0.722001 0.219016 0.198733
v -0.716377 0.217311 0.228399
v -0.725921 0.220206 0.249731
v -0.722001 0.219016 0.240444
v -0.714904 0.216864 0.141683
v -0.727058 0.220550 0.102731
v -0.716377 0.217311 0.132873
v -0.725921 0.220206 0.111541
v -0.722001 0.219016 0.120828
v -0.716377 0.217311 0.150494
v -0.725921 0.220206 0.171826
v -0.722001 0.219016 0.162539
v -0.714904 0.216864 0.063778
v -0.727058 0.220550 0.024825
v -0.716377 0.217311 0.054967
v -0.725921 0.220206 0.033636
v -0.722000 0.219016 0.042922
v -0.716377 0.217311 0.072588
v -0.725921 0.220206 0.093920
v -0.722001 0.219016 0.084634
v -0.714904 0.216864 -0.014128
v -0.716377 0.217311 -0.022938
v -0.725921 0.220206 -0.044270
v -0.722000 0.219016 -0.034983
v -0.716377 0.217311 -0.005317
v -0.725921 0.220206 0.016015
v -0.722000 0.219016 0.006728
v -0.714904 0.216864 -0.092033
v -0.727057 0.220550 -0.130986
v -0.716377 0.217311 -0.100843
v -0.725921 0.220206 -0.122175
v -0.722000 0.219016 -0.112889
v -0.716377 0.217311 -0.083223
v -0.727058 0.220550 -0.053080
v -0.725921 0.220206 -0.061891
v -0.722000 0.219016 -0.071177
v -0.714904 0.216864 -0.169939
v -0.727057 0.220550 -0.208891
v -0.716377 0.217311 -0.178749
v -0.725921 0.220206 -0.200081
v -0.722000 0.219016 -0.190794
v -0.716377 0.217311 -0.161128
v -0.725921 0.220206 -0.139796
v -0.722000 0.219016 -0.149083
v -0.714904 0.216864 -0.247844
v -0.727057 0.220550 -0.286797
v -0.716377 0.217311 -0.256654
v -0.725921 0.220206 -0.277986
v -0.722000 0.219016 -0.268700
v -0.716377 0.217311 -0.239034
v -0.725921 0.220206 -0.217702
v -0.722000 0.219016 -0.226988
v -0.714904 0.216864 -0.325750
v -0.716377 0.217311 -0.316939
v -0.725921 0.220206 -0.295607
v -0.722000 0.219016 -0.304894
v -0.732718 0.145747 0.687022
v -0.745174 0.148224 0.648069
v -0.734228 0.146047 0.678211
v -0.744009 0.147993 0.656879
v -0.739991 0.147193 0.666166
v -0.734228 0.146047 0.695832
v -0.745174 0.148224 0.725974
v -0.744009 0.147993 0.717164
v -0.739991 0.147193 0.707877
v -0.735589 0.146318 0.751473
v -0.744009 0.147993 0.734785
v -0.739991 0.147193 0.744071
v -0.732718 0.145747 0.609116
v -0.745174 0.148224 0.570163
v -0.734228 0.146047 0.600306
v -0.744009 0.147993 0.578974
v -0.739991 0.147193 0.588260
v -0.734228 0.146047 0.617927
v -0.744009 0.147993 0.639258
v -0.739991 0.147193 0.629972
v -0.732718 0.145747 0.531211
v -0.745174 0.148224 0.492258
v -0.734228 0.146047 0.522400
v -0.744009 0.147993 0.501068
v -0.739991 0.147193 0.510355
v -0.734228 0.146047 0.540021
v -0.744009 0.147993 0.561353
v -0.739991 0.147193 0.552066
v -0.732718 0.145747 0.453305
v -0.745174 0.148224 0.414352
v -0.734228 0.146047 0.444495
v -0.744009 0.147993 0.423163
v -0.739991 0.147193 0.432450
v -0.734228 0.146047 0.462116
v -0.744009 0.147993 0.483447
v -0.739991 0.147193 0.474161
v -0.732718 0.145747 0.375400
v -0.745174 0.148224 0.336447
v -0.734228 0.146047 0.366589
v -0.744009 0.147993 0.345257
v -0.739991 0.147193 0.354544
v -0.734228 0.146047 0.384210
v -0.744009 0.147993 0.405542
v -0.739991 0.147193 0.396255
v -0.732718 0.145747 0.297494
v -0.745174 0.148224 0.258542
v -0.734228 0.146047 0.288684
v -0.744009 0.147993 0.267352
v -0.739991 0.147193 0.276639
v -0.734228 0.146047 0.306305
v -0.744009 0.147993 0.327637
v -0.739991 0.147193 0.318350
v -0.732718 0.145747 0.219589
v -0.745174 0.148224 0.180636
v -0.734228 0.146047 0.210778
v -0.744009 0.147993 0.189447
v -0.739991 0.147193 0.198733
v -0.734228 0.146047 0.228399
v -0.744009 0.147993 0.249731
v -0.739991 0.147193 0.240444
v -0.732718 0.145747 0.141683
v -0.745174 0.148224 0.102731
v -0.734228 0.146047 0.132873
v -0.744009 0.147993 0.111541
v -0.739991 0.147193 0.120828
v -0.734228 0.146047 0.150494
v -0.744009 0.147993 0.171826
v -0.739991 0.147193 0.162539
v -0.732718 0.145747 0.063778
v -0.745174 0.148224 0.024825
v -0.734228 0.146047 0.054967
v -0.744009 0.147993 0.033636
v -0.739991 0.147193 0.042922
v -0.734228 0.146047 0.072588
v -0.744009 0.147993 0.093920
v -0.739991 0.147193 0.084634
v -0.732718 0.145747 -0.014128
v -0.745174 0.148224 -0.053080
v -0.734228 0.146047 -0.022938
v -0.744009 0.147993 -0.044270
v -0.739991 0.147193 -0.034983
v -0.734228 0.146047 -0.005317
v -0.744009 0.147993 0.016015
v -0.739991 0.147193 0.006728
v -0.732718 0.145747 -0.092033
v -0.745174 0.148224 -0.130986
v -0.734228 0.146047 -0.100843
v -0.744009 0.147993 -0.122175
v -0.739991 0.147193 -0.112889
v -0.734228 0.146047 -0.083223
v -0.744009 0.147993 -0.061891
v -0.739991 0.147193 -0.071177
v -0.732718 0.145747 -0.169939
v -0.745174 0.148224 -0.208891
v -0.734228 0.146047 -0.178749
v -0.744009 0.147993 -0.200081
v -0.739991 0.147193 -0.190794
v -0.734228 0.146047 -0.161128
v -0.744009 0.147993 -0.139796
v -0.739991 0.147193 -0.149083
v -0.732718 0.145747 -0.247844
v -0.745174 0.148224 -0.286797
v -0.734228 0.146047 -0.256654
v -0.744009 0.147993 -0.277986
v -0.739991 0.147193 -0.268700
v -0.734228 0.146047 -0.239034
v -0.744009 0.147993 -0.217702
v -0.739991 0.147193 -0.226988
v -0.732718 0.145747 -0.325750
v -0.734228 0.146047 -0.316939
v -0.744009 0.147993 -0.295607
v -0.739991 0.147193 -0.304894
v -0.743476 0.073226 0.687022
v -0.756115 0.074471 0.648069
v -0.745008 0.073377 0.678211
v -0.754933 0.074354 0.656879
v -0.750855 0.073953 0.666166
v -0.745008 0.073377 0.695832
v -0.756115 0.074471 0.725974
v -0.754933 0.074354 0.717164
v -0.750855 0.073953 0.707877
v -0.746389 0.073513 0.751473
v -0.754933 0.074354 0.734785
v -0.750855 0.073953 0.744071
v -0.743476 0.073226 0.609116
v -0.756115 0.074471 0.570163
v -0.745008 0.073377 0.600306
v -0.754933 0.074354 0.578974
v -0.750855 0.073953 0.588260
v -0.745008 0.073377 0.617927
v -0.754933 0.074354 0.639258
v -0.750855 0.073953 0.629972
v -0.743476 0.073226 0.531211
v -0.756115 0.074471 0.492258
v -0.745008 0.073377 0.522400
v -0.754933 0.074354 0.501068
v -0.750855 0.073953 0.510355
v -0.745008 0.073377 0.540021
v -0.754933 0.074354 0.561353
v -0.750855 0.073953 0.552066
v -0.743476 0.073226 0.453305
v -0.756115 0.074471 0.414352
v -0.745008 0.073377 0.444495
v -0.754933 0.074354 0.423163
v -0.750855 0.073953 0.432450
v -0.745008 0.073377 0.462116
v -0.754933 0.074354 0.483447
v -0.750855 0.073953 0.474161
v -0.743476 0.073226 0.375400
v -0.756115 0.074471 0.336447
v -0.745008 0.073377 0.366589
v -0.754933 0.074354 0.345257
v -0.750855 0.073953 0.354544
v -0.745008 0.073377 0.384210
v -0.754933 0.074354 0.405542
v -0.750855 0.073953 0.396255
v -0.743476 0.073226 0.297494
v -0.756115 0.074471 0.258542
v -0.745008 0.073377 0.288684
v -0.754933 0.074354 0.267352
v -0.750855 0.073953 0.276639
v -0.745008 0.073377 0.306305
v -0.754933 0.074354 0.327637
v -0.750855 0.073953 0.318350
v -0.743476 0.073226 0.219589
v -0.756115 0.074471 0.180636
v -0.745008 0.073377 0.210778
v -0.754933 0.074354 0.189447
v -0.750855 0.073953 0.198733
v -0.745008 0.073377 0.228399
v -0.754933 0.074354 0.249731
v -0.750855 0.073953 0.240444
v -0.743476 0.073226 0.141683
v -0.756115 0.074471 0.102731
v -0.745008 0.073377 0.132873
v -0.754933 0.074354 0.111541
v -0.750855 0.073953 0.120828
v -0.745008 0.073377 0.150494
v -0.754933 0.074354 0.171826
v -0.750855 0.073953 0.162539
v -0.743476 0.073226 0.063778
v -0.756115 0.074471 0.024825
v -0.745008 0.073377 0.054967
v -0.754933 0.074354 0.033636
v -0.750855 0.073953 0.042922
v -0.745008 0.073377 0.072588
v -0.754933 0.074354 0.093920
v -0.750855 0.073953 0.084634
v -0.743476 0.073226 -0.014128
v -0.745008 0.073377 -0.022938
v -0.754933 0.074354 -0.044270
v -0.750855 0.073953 -0.034983
v -0.745008 0.073377 -0.005317
v -0.754933 0.074354 0.016015
v -0.750855 0.073953 0.006728
v -0.743476 0.073226 -0.092033
v -0.756114 0.074471 -0.130986
v -0.745008 0.073377 -0.100843
v -0.754933 0.074354 -0.122175
v -0.750855 0.073953 -0.112889
v -0.745008 0.073377 -0.083223
v -0.756115 0.074471 -0.053080
v -0.754933 0.074354 -0.061891
v -0.750855 0.073953 -0.071177
v -0.743476 0.073226 -0.169939
v -0.756114 0.074471 -0.208891
v -0.745008 0.073377 -0.178749
v -0.754933 0.074354 -0.200081
v -0.750855 0.073953 -0.190794
v -0.745008 0.073377 -0.161128
v -0.754933 0.074354 -0.139796
v -0.750855 0.073953 -0.149083
v -0.743476 0.073226 -0.247844
v -0.756114 0.074471 -0.286797
v -0.745008 0.073377 -0.256654
v -0.754933 0.074354 -0.277986
v -0.750855 0.073953 -0.268700
v -0.745008 0.073377 -0.239034
v -0.754933 0.074354 -0.217702
v -0.750855 0.073953 -0.226988
v -0.743476 0.073226 -0.325750
v -0.745008 0.073377 -0.316939
v -0.754933 0.074354 -0.295607
v -0.750855 0.073953 -0.304894
v -0.747073 -0.000000 0.687022
v -0.759773 -0.000000 0.648069
v -0.748612 -0.000000 0.678211
v -0.758585 -0.000000 0.656879
v -0.754488 -0.000000 0.666166
v -0.748612 -0.000000 0.695832
v -0.759773 -0.000000 0.725974
v -0.758585 -0.000000 0.717164
v -0.754488 -0.000000 0.707877
v -0.750000 -0.000000 0.751473
v -0.758585 -0.000000 0.734785
v -0.754488 -0.000000 0.744071
v -0.747073 -0.000000 0.609116
v -0.759773 -0.000000 0.570163
v -0.748612 -0.000000 0.600306
v -0.758585 -0.000000 0.578974
v -0.754488 -0.000000 0.588260
v -0.748612 -0.000000 0.617927
v -0.758585 -0.000000 0.639258
v -0.754488 -0.000000 0.629972
v -0.747073 -0.000000 0.531211
v -0.759773 -0.000000 0.492258
v -0.748612 -0.000000 0.522400
v -0.758585 -0.000000 0.501068
v -0.754488 -0.000000 0.510355
v -0.748612 -0.000000 0.540021
v -0.758585 -0.000000 0.561353
v -0.754489 -0.000000 0.552066
v -0.747073 -0.000000 0.453305
v -0.759773 -0.000000 0.414352
v -0.748612 -0.000000 0.444495
v -0.758585 -0.000000 0.423163
v -0.754488 -0.000000 0.432450
v -0.748612 -0.000000 0.462116
v -0.758585 -0.000000 0.483447
v -0.754488 -0.000000 0.474161
v -0.747073 -0.000000 0.375400
v -0.759773 -0.000000 0.336447
v -0.748612 -0.000000 0.366589
v -0.758585 -0.000000 0.345257
v -0.754488 -0.000000 0.354544
v -0.748612 -0.000000 0.384210
v -0.758585 -0.000000 0.405542
v -0.754488 -0.000000 0.396255
v -0.747073 -0.000000 0.297494
v -0.748612 -0.000000 0.288684
v -0.758585 -0.000000 0.267352
v -0.754488 -0.000000 0.276639
v -0.748612 -0.000000 0.306305
v -0.758585 -0.000000 0.327637
v -0.754488 -0.000000 0.318350
v -0.747073 -0.000000 0.219589
v -0.759773 -0.000000 0.180636
v -0.748612 -0.000000 0.210778
v -0.758585 -0.000000 0.189447
v -0.754488 -0.000000 0.198733
v -0.748612 -0.000000 0.228399
v -0.759773 -0.000000 0.258542
v -0.758585 -0.000000 0.249731
v -0.754488 -0.000000 0.240444
v -0.747073 -0.000000 0.141683
v -0.759773 -0.000000 0.102731
v -0.748612 -0.000000 0.132873
v -0.758585 -0.000000 0.111541
v -0.754488 -0.000000 0.120828
v -0.748612 -0.000000 0.150494
v -0.758585 -0.000000 0.171826
v -0.754488 -0.000000 0.162539
v -0.747073 -0.000000 0.063778
v -0.759773 -0.000000 0.024825
v -0.748612 -0.000000 0.054967
v -0.758585 -0.000000 0.033636
v -0.754488 -0.000000 0.042922
v -0.748612 -0.000000 0.072588
v -0.758585 -0.000000 0.093920
v -0.754488 -0.000000 0.084634
v -0.747073 -0.000000 -0.014128
v -0.748612 -0.000000 -0.022938
v -0.758585 -0.000000 -0.044270
v -0.754488 -0.000000 -0.034983
v -0.748612 -0.000000 -0.005317
v -0.758585 -0.000000 0.016015
v -0.754488 -0.000000 0.006728
v -0.747073 -0.000000 -0.092033
v -0.759773 -0.000000 -0.130986
v -0.748612 -0.000000 -0.100843
v -0.758585 -0.000000 -0.122175
v -0.754488 -0.000000 -0.112889
v -0.748612 -0.000000 -0.083223
v -0.759773 -0.000000 -0.053080
v -0.758585 -0.000000 -0.061891
v -0.754488 -0.000000 -0.071177
v -0.747073 -0.000000 -0.169939
v -0.759773 -0.000000 -0.208891
v -0.748612 -0.000000 -0.178749
v -0.758585 -0.000000 -0.200081
v -0.754488 -0.000000 -0.190794
v -0.748612 -0.000000 -0.161128
v -0.758585 -0.000000 -0.139796
v -0.754488 -0.000000 -0.149083
v -0.747073 -0.000000 -0.247844
v -0.759773 -0.000000 -0.286797
v -0.748612 -0.000000 -0.256654
v -0.758585 -0.000000 -0.277986
v -0.754488 -0.000000 -0.268700
v -0.748612 -0.000000 -0.239034
v -0.758585 -0.000000 -0.217702
v -0.754488 -0.000000 -0.226988
v -0.747073 -0.000000 -0.325750
v -0.748612 -0.000000 -0.316939
v -0.758585 -0.000000 -0.295607
v -0.754488 -0.000000 -0.304894
v 0.745552 -0.000075 0.687022
v 0.758261 -0.000074 0.648069
v 0.747173 -0.000071 0.677743
v 0.757128 -0.000071 0.656471
v 0.753129 -0.000067 0.665535
v 0.747173 -0.000071 0.696300
v 0.758261 -0.000074 0.725974
v 0.757128 -0.000071 0.717573
v 0.753129 -0.000067 0.708508
v 0.748719 -0.000063 0.750696
v 0.757128 -0.000071 0.734376
v 0.753156 -0.000065 0.743379
v 0.745552 -0.000075 0.609116
v 0.758261 -0.000074 0.570163
v 0.747173 -0.000071 0.599837
v 0.757128 -0.000071 0.578565
v 0.753129 -0.000067 0.587630
v 0.747173 -0.000071 0.618395
v 0.757128 -0.000071 0.639667
v 0.753129 -0.000067 0.630602
v 0.745552 -0.000075 0.531211
v 0.758261 -0.000074 0.492258
v 0.747173 -0.000071 0.521932
v 0.757128 -0.000071 0.500659
v 0.753129 -0.000067 0.509724
v 0.747173 -0.000071 0.540489
v 0.757128 -0.000071 0.561762
v 0.753129 -0.000067 0.552697
v 0.745552 -0.000075 0.453305
v 0.758261 -0.000074 0.414352
v 0.747173 -0.000071 0.444026
v 0.757128 -0.000071 0.422754
v 0.753129 -0.000067 0.431819
v 0.747173 -0.000071 0.462584
v 0.757128 -0.000071 0.483856
v 0.753129 -0.000067 0.474792
v 0.745552 -0.000075 0.375400
v 0.758261 -0.000074 0.336447
v 0.747173 -0.000071 0.366121
v 0.757128 -0.000071 0.344849
v 0.753129 -0.000067 0.353913
v 0.747173 -0.000071 0.384679
v 0.757128 -0.000071 0.405951
v 0.753129 -0.000067 0.396886
v 0.745552 -0.000075 0.297494
v 0.758261 -0.000074 0.258542
v 0.747173 -0.000071 0.288215
v 0.757128 -0.000071 0.266943
v 0.753129 -0.000067 0.276008
v 0.747173 -0.000071 0.306773
v 0.757128 -0.000071 0.328045
v 0.753129 -0.000067 0.318981
v 0.745552 -0.000075 0.219589
v 0.758261 -0.000074 0.180636
v 0.747173 -0.000071 0.210310
v 0.757128 -0.000071 0.189038
v 0.753129 -0.000067 0.198102
v 0.747173 -0.000071 0.228868
v 0.757128 -0.000071 0.250140
v 0.753129 -0.000067 0.241075
v 0.745552 -0.000075 0.141683
v 0.758261 -0.000074 0.102731
v 0.747173 -0.000071 0.132404
v 0.757128 -0.000071 0.111132
v 0.753129 -0.000067 0.120197
v 0.747173 -0.000071 0.150962
v 0.757128 -0.000071 0.172235
v 0.753129 -0.000067 0.163170
v 0.745552 -0.000075 0.063778
v 0.758261 -0.000074 0.024825
v 0.747173 -0.000071 0.054499
v 0.757128 -0.000071 0.033227
v 0.753129 -0.000067 0.042291
v 0.747173 -0.000071 0.073057
v 0.757128 -0.000071 0.094329
v 0.753129 -0.000067 0.085264
v 0.745552 -0.000075 -0.014128
v 0.747173 -0.000071 -0.023406
v 0.757128 -0.000071 -0.044679
v 0.753129 -0.000067 -0.035614
v 0.747173 -0.000071 -0.004849
v 0.757128 -0.000071 0.016424
v 0.753129 -0.000067 0.007359
v 0.745552 -0.000075 -0.092033
v 0.758261 -0.000074 -0.130986
v 0.747173 -0.000071 -0.101312
v 0.757128 -0.000071 -0.122584
v 0.753129 -0.000067 -0.113520
v 0.747173 -0.000071 -0.082754
v 0.758261 -0.000074 -0.053080
v 0.757128 -0.000071 -0.061482
v 0.753129 -0.000067 -0.070547
v 0.745552 -0.000075 -0.169939
v 0.758261 -0.000074 -0.208891
v 0.747173 -0.000071 -0.179217
v 0.757128 -0.000071 -0.200490
v 0.753129 -0.000067 -0.191425
v 0.747173 -0.000071 -0.160660
v 0.757128 -0.000071 -0.139387
v 0.753129 -0.000067 -0.148452
v 0.745552 -0.000075 -0.247844
v 0.758261 -0.000074 -0.286797
v 0.747173 -0.000071 -0.257123
v 0.757128 -0.000072 -0.278395
v 0.753129 -0.000067 -0.269330
v 0.747173 -0.000071 -0.238565
v 0.757128 -0.000071 -0.217293
v 0.753129 -0.000067 -0.226358
v 0.745597 -0.000072 -0.325492
v 0.747173 -0.000071 -0.316471
v 0.757128 -0.000072 -0.295198
v 0.753129 -0.000067 -0.304263
v 0.741958 0.073077 0.687022
v 0.754606 0.074322 0.648069
v 0.743573 0.073236 0.677742
v 0.753479 0.074211 0.656470
v 0.749500 0.073819 0.665534
v 0.743573 0.073236 0.696301
v 0.754606 0.074322 0.725974
v 0.753479 0.074211 0.717574
v 0.749500 0.073819 0.708509
v 0.745111 0.073387 0.750695
v 0.753479 0.074211 0.734375
v 0.749527 0.073822 0.743378
v 0.741958 0.073077 0.609116
v 0.754606 0.074322 0.570163
v 0.743572 0.073236 0.599836
v 0.753479 0.074211 0.578564
v 0.749500 0.073819 0.587628
v 0.743572 0.073236 0.618396
v 0.753479 0.074211 0.639668
v 0.749500 0.073819 0.630604
v 0.741959 0.073077 0.531211
v 0.754606 0.074322 0.492258
v 0.743573 0.073236 0.521931
v 0.753479 0.074211 0.500659
v 0.749500 0.073819 0.509723
v 0.743573 0.073236 0.540491
v 0.753479 0.074211 0.561763
v 0.749500 0.073819 0.552698
v 0.741959 0.073077 0.453305
v 0.754606 0.074322 0.414352
v 0.743573 0.073236 0.444025
v 0.753479 0.074211 0.422753
v 0.749500 0.073819 0.431817
v 0.743573 0.073236 0.462585
v 0.753479 0.074211 0.483857
v 0.749500 0.073819 0.474793
v 0.741958 0.073077 0.375400
v 0.754606 0.074322 0.336447
v 0.743573 0.073236 0.366120
v 0.753479 0.074211 0.344848
v 0.749500 0.073819 0.353912
v 0.743573 0.073236 0.384680
v 0.753479 0.074211 0.405952
v 0.749500 0.073819 0.396888
v 0.741958 0.073077 0.297494
v 0.743573 0.073236 0.288214
v 0.753479 0.074211 0.266942
v 0.749500 0.073819 0.276007
v 0.743573 0.073236 0.306774
v 0.753479 0.074211 0.328046
v 0.749500 0.073819 0.318982
v 0.741958 0.073077 0.219589
v 0.754606 0.074322 0.180636
v 0.743573 0.073236 0.210309
v 0.753479 0.074211 0.189037
v 0.749500 0.073819 0.198101
v 0.743573 0.073236 0.228869
v 0.754606 0.074322 0.258542
v 0.753479 0.074211 0.250141
v 0.749500 0.073819 0.241077
v 0.741958 0.073077 0.141683
v 0.754606 0.074322 0.102731
v 0.743572 0.073236 0.132403
v 0.753479 0.074211 0.111131
v 0.749500 0.073819 0.120196
v 0.743573 0.073236 0.150963
v 0.753479 0.074211 0.172235
v 0.749500 0.073819 0.163171
v 0.741958 0.073077 0.063778
v 0.754606 0.074322 0.024825
v 0.743572 0.073236 0.054498
v 0.753479 0.074211 0.033226
v 0.749500 0.073819 0.042290
v 0.743572 0.073236 0.073058
v 0.753479 0.074211 0.094330
v 0.749500 0.073819 0.085266
v 0.741958 0.073077 -0.014128
v 0.754606 0.074322 -0.053080
v 0.743572 0.073236 -0.023407
v 0.753479 0.074211 -0.044680
v 0.749500 0.073819 -0.035615
v 0.743572 0.073236 -0.004848
v 0.753479 0.074211 0.016424
v 0.749500 0.073819 0.007360
v 0.741958 0.073077 -0.092033
v 0.754606 0.074322 -0.130986
v 0.743572 0.073236 -0.101313
v 0.753479 0.074211 -0.122585
v 0.749500 0.073819 -0.113521
v 0.743572 0.073236 -0.082753
v 0.753479 0.074211 -0.061481
v 0.749500 0.073819 -0.070545
v 0.741958 0.073077 -0.169939
v 0.754606 0.074322 -0.208891
v 0.743572 0.073236 -0.179219
v 0.753479 0.074211 -0.200491
v 0.749500 0.073819 -0.191426
v 0.743572 0.073236 -0.160659
v 0.753479 0.074211 -0.139386
v 0.749500 0.073819 -0.148451
v 0.741958 0.073077 -0.247844
v 0.754606 0.074322 -0.286797
v 0.743572 0.073236 -0.257124
v 0.753479 0.074211 -0.278396
v 0.749500 0.073819 -0.269332
v 0.743572 0.073236 -0.238564
v 0.753479 0.074211 -0.217292
v 0.749500 0.073819 -0.226356
v 0.742003 0.073081 -0.325491
v 0.743572 0.073236 -0.316470
v 0.753479 0.074211 -0.295197
v 0.749500 0.073819 -0.304262
v 0.731223 0.145449 0.687022
v 0.743688 0.147929 0.648069
v 0.732814 0.145766 0.677742
v 0.742577 0.147708 0.656470
v 0.738655 0.146928 0.665534
v 0.732814 0.145766 0.696301
v 0.743688 0.147929 0.725974
v 0.742577 0.147708 0.717574
v 0.738655 0.146928 0.708509
v 0.734330 0.146067 0.750695
v 0.742577 0.147708 0.734375
v 0.738682 0.146933 0.743378
v 0.731223 0.145449 0.609116
v 0.743688 0.147929 0.570163
v 0.732814 0.145766 0.599836
v 0.742577 0.147708 0.578564
v 0.738655 0.146928 0.587628
v 0.732814 0.145766 0.618396
v 0.742577 0.147708 0.639668
v 0.738655 0.146928 0.630604
v 0.731223 0.145449 0.531211
v 0.743688 0.147929 0.492258
v 0.732814 0.145766 0.521931
v 0.742577 0.147708 0.500659
v 0.738655 0.146928 0.509723
v 0.732814 0.145766 0.540491
v 0.742577 0.147708 0.561763
v 0.738655 0.146928 0.552698
v 0.731223 0.145449 0.453305
v 0.743688 0.147929 0.414352
v 0.732814 0.145766 0.444025
v 0.742577 0.147708 0.422753
v 0.738655 0.146928 0.431817
v 0.732814 0.145766 0.462585
v 0.742577 0.147708 0.483857
v 0.738655 0.146928 0.474793
v 0.731223 0.145449 0.375400
v 0.743688 0.147929 0.336447
v 0.732814 0.145766 0.366120
v 0.742577 0.147708 0.344848
v 0.738655 0.146928 0.353912
v 0.732814 0.145766 0.384680
v 0.742577 0.147708 0.405952
v 0.738655 0.146928 0.396888
v 0.731223 0.145449 0.297494
v 0.743688 0.147929 0.258542
v 0.732814 0.145766 0.288214
v 0.742577 0.147708 0.266942
v 0.738655 0.146928 0.276007
v 0.732814 0.145766 0.306774
v 0.742577 0.147708 0.328046
v 0.738655 0.146928 0.318982
v 0.731223 0.145449 0.219589
v 0.743688 0.147929 0.180636
v 0.732814 0.145766 0.210309
v 0.742577 0.147708 0.189037
v 0.738655 0.146928 0.198101
v 0.732814 0.145766 0.228869
v 0.742577 0.147708 0.250141
v 0.738655 0.146928 0.241077
v 0.731223 0.145449 0.141683
v 0.743688 0.147929 0.102731
v 0.732814 0.145766 0.132403
v 0.742577 0.147708 0.111131
v 0.738655 0.146928 0.120196
v 0.732814 0.145766 0.150963
v 0.742577 0.147708 0.172235
v 0.738655 0.146928 0.163171
v 0.731223 0.145449 0.063778
v 0.743688 0.147929 0.024825
v 0.732814 0.145766 0.054498
v 0.742577 0.147708 0.033226
v 0.738655 0.146928 0.042290
v 0.732814 0.145766 0.073058
v 0.742577 0.147708 0.094330
v 0.738655 0.146928 0.085266
v 0.731223 0.145449 -0.014128
v 0.732814 0.145766 -0.023407
v 0.742577 0.147708 -0.044680
v 0.738655 0.146928 -0.035615
v 0.732814 0.145766 -0.004848
v 0.742577 0.147708 0.016424
v 0.738655 0.146928 0.007360
v 0.731223 0.145449 -0.092033
v 0.743688 0.147929 -0.130986
v 0.732814 0.145766 -0.101313
v 0.742577 0.147708 -0.122585
v 0.738655 0.146928 -0.113521
v 0.732814 0.145766 -0.082753
v 0.743688 0.147929 -0.053080
v 0.742577 0.147708 -0.061481
v 0.738655 0.146928 -0.070545
v 0.731223 0.145449 -0.169939
v 0.743688 0.147929 -0.208891
v 0.732814 0.145766 -0.179219
v 0.742577 0.147708 -0.200491
v 0.738655 0.146928 -0.191426
v 0.732814 0.145766 -0.160659
v 0.742577 0.147708 -0.139386
v 0.738655 0.146928 -0.148451
v 0.731223 0.145449 -0.247844
v 0.743688 0.147929 -0.286797
v 0.732814 0.145766 -0.257124
v 0.742577 0.147708 -0.278396
v 0.738655 0.146928 -0.269332
v 0.732814 0.145766 -0.238564
v 0.742577 0.147708 -0.217292
v 0.738655 0.146928 -0.226356
v 0.731267 0.145458 -0.325491
v 0.732814 0.145766 -0.316470
v 0.742577 0.147708 -0.295197
v 0.738655 0.146928 -0.304262
v 0.713445 0.216421 0.687022
v 0.725607 0.220111 0.648069
v 0.714997 0.216892 0.677742
v 0.724524 0.219782 0.656470
v 0.720697 0.218621 0.665534
v 0.714997 0.216892 0.696301
v 0.725607 0.220111 0.725974
v 0.724524 0.219782 0.717574
v 0.720697 0.218621 0.708509
v 0.716477 0.217341 0.750695
v 0.724524 0.219782 0.734375
v 0.720723 0.218629 0.743378
v 0.713445 0.216421 0.609116
v 0.725607 0.220111 0.570163
v 0.714997 0.216892 0.599836
v 0.724524 0.219782 0.578564
v 0.720697 0.218621 0.587628
v 0.714997 0.216892 0.618396
v 0.724524 0.219782 0.639668
v 0.720697 0.218621 0.630604
v 0.713445 0.216421 0.531211
v 0.725607 0.220111 0.492258
v 0.714997 0.216892 0.521931
v 0.724524 0.219782 0.500659
v 0.720697 0.218621 0.509723
v 0.714997 0.216892 0.540491
v 0.724524 0.219782 0.561763
v 0.720697 0.218621 0.552698
v 0.713445 0.216421 0.453305
v 0.725607 0.220111 0.414352
v 0.714997 0.216892 0.444025
v 0.724524 0.219782 0.422753
v 0.720697 0.218621 0.431817
v 0.714997 0.216892 0.462585
v 0.724524 0.219782 0.483857
v 0.720697 0.218621 0.474793
v 0.713445 0.216421 0.375400
v 0.725607 0.220111 0.336447
v 0.714997 0.216892 0.366120
v 0.724524 0.219782 0.344848
v 0.720697 0.218621 0.353912
v 0.714997 0.216892 0.384680
v 0.724524 0.219782 0.405952
v 0.720697 0.218621 0.396888
v 0.713445 0.216421 0.297494
v 0.714997 0.216892 0.288214
v 0.724524 0.219782 0.266942
v 0.720697 0.218621 0.276007
v 0.714997 0.216892 0.306774
v 0.724524 0.219782 0.328046
v 0.720697 0.218621 0.318982
v 0.713445 0.216421 0.219589
v 0.725607 0.220111 0.180636
v 0.714997 0.216892 0.210309
v 0.724524 0.219782 0.189037
v 0.720697 0.218621 0.198101
v 0.714997 0.216892 0.228869
v 0.725607 0.220111 0.258542
v 0.724524 0.219782 0.250141
v 0.720697 0.218621 0.241077
v 0.713445 0.216421 0.141683
v 0.725607 0.220111 0.102731
v 0.714997 0.216892 0.132403
v 0.724524 0.219782 0.111131
v 0.720697 0.218621 0.120196
v 0.714997 0.216892 0.150963
v 0.724524 0.219782 0.172235
v 0.720697 0.218621 0.163171
v 0.713445 0.216421 0.063778
v 0.725607 0.220111 0.024825
v 0.714997 0.216892 0.054498
v 0.724524 0.219782 0.033226
v 0.720697 0.218621 0.042290
v 0.714997 0.216892 0.073058
v 0.724524 0.219782 0.094330
v 0.720697 0.218621 0.085266
v 0.713445 0.216421 -0.014128
v 0.714997 0.216892 -0.023407
v 0.724524 0.219782 -0.044680
v 0.720697 0.218621 -0.035615
v 0.714997 0.216892 -0.004848
v 0.724524 0.219782 0.016424
v 0.720697 0.218621 0.007360
v 0.713445 0.216421 -0.092033
v 0.725607 0.220111 -0.130986
v 0.714997 0.216892 -0.101313
v 0.724524 0.219782 -0.122585
v 0.720697 0.218621 -0.113521
v 0.714997 0.216892 -0.082753
v 0.725607 0.220111 -0.053080
v 0.724524 0.219782 -0.061481
v 0.720697 0.218621 -0.070545
v 0.713445 0.216421 -0.169939
v 0.725607 0.220111 -0.208891
v 0.714997 0.216892 -0.179219
v 0.724524 0.219782 -0.200491
v 0.720697 0.218621 -0.191426
v 0.714997 0.216892 -0.160659
v 0.724524 0.219782 -0.139386
v 0.720697 0.218621 -0.148451
v 0.713445 0.216421 -0.247844
v 0.725607 0.220111 -0.286797
v 0.714997 0.216892 -0.257124
v 0.724524 0.219782 -0.278396
v 0.720697 0.218621 -0.269332
v 0.714997 0.216892 -0.238564
v 0.724524 0.219782 -0.217292
v 0.720697 0.218621 -0.226356
v 0.713489 0.216434 -0.325491
v 0.714997 0.216892 -0.316470
v 0.724524 0.219782 -0.295197
v 0.720697 0.218621 -0.304262
v 0.688797 0.285309 0.687022
v 0.700539 0.290173 0.648069
v 0.690295 0.285930 0.677742
v 0.699492 0.289739 0.656470
v 0.695798 0.288209 0.665534
v 0.690295 0.285930 0.696301
v 0.700539 0.290173 0.725974
v 0.699492 0.289739 0.717574
v 0.695798 0.288209 0.708509
v 0.691724 0.286521 0.750695
v 0.699492 0.289739 0.734375
v 0.695823 0.288220 0.743378
v 0.688797 0.285309 0.609116
v 0.700539 0.290173 0.570163
v 0.690295 0.285930 0.599836
v 0.699492 0.289739 0.578564
v 0.695798 0.288209 0.587628
v 0.690295 0.285930 0.618396
v 0.699492 0.289739 0.639668
v 0.695798 0.288209 0.630604
v 0.688797 0.285309 0.531211
v 0.700539 0.290173 0.492258
v 0.690295 0.285930 0.521931
v 0.699492 0.289739 0.500659
v 0.695798 0.288209 0.509723
v 0.690295 0.285930 0.540491
v 0.699492 0.289739 0.561763
v 0.695798 0.288209 0.552698
v 0.688797 0.285309 0.453305
v 0.700539 0.290173 0.414352
v 0.690295 0.285930 0.444025
v 0.699492 0.289739 0.422753
v 0.695798 0.288209 0.431817
v 0.690295 0.285930 0.462585
v 0.699492 0.289739 0.483857
v 0.695798 0.288209 0.474793
v 0.688797 0.285309 0.375400
v 0.700539 0.290173 0.336447
v 0.690295 0.285930 0.366120
v 0.699492 0.289739 0.344848
v 0.695798 0.288209 0.353912
v 0.690295 0.285930 0.384680
v 0.699492 0.289739 0.405952
v 0.695798 0.288209 0.396888
v 0.688797 0.285309 0.297494
v 0.690295 0.285930 0.288214
v 0.699492 0.289739 0.266942
v 0.695798 0.288209 0.276007
v 0.690295 0.285930 0.306774
v 0.699492 0.289739 0.328046
v 0.695798 0.288209 0.318982
v 0.688797 0.285309 0.219589
v 0.700539 0.290173 0.180636
v 0.690295 0.285930 0.210309
v 0.699492 0.289739 0.189037
v 0.695798 0.288209 0.198101
v 0.690295 0.285930 0.228869
v 0.700539 0.290173 0.258542
v 0.699492 0.289739 0.250141
v 0.695798 0.288209 0.241077
v 0.688797 0.285309 0.141683
v 0.700539 0.290173 0.102731
v 0.690295 0.285930 0.132403
v 0.699492 0.289739 0.111131
v 0.695798 0.288209 0.120196
v 0.690295 0.285930 0.150963
v 0.699492 0.289739 0.172235
v 0.695798 0.288209 0.163171
v 0.688797 0.285309 0.063778
v 0.700539 0.290173 0.024825
v 0.690295 0.285930 0.054498
v 0.699492 0.289739 0.033226
v 0.695798 0.288209 0.042290
v 0.690295 0.285930 0.073058
v 0.699492 0.289739 0.094330
v 0.695798 0.288209 0.085266
v 0.688797 0.285309 -0.014128
v 0.690295 0.285930 -0.023407
v 0.699492 0.289739 -0.044680
v 0.695798 0.288209 -0.035615
v 0.690295 0.285930 -0.004848
v 0.699492 0.289739 0.016424
v 0.695798 0.288209 0.007360
v 0.688797 0.285309 -0.092033
v 0.700539 0.290173 -0.130986
v 0.690295 0.285930 -0.101313
v 0.699492 0.289739 -0.122585
v 0.695798 0.288209 -0.113521
v 0.690295 0.285930 -0.082753
v 0.700539 0.290173 -0.053080
v 0.699492 0.289739 -0.061481
v 0.695798 0.288209 -0.070545
v 0.688797 0.285309 -0.169939
v 0.700539 0.290173 -0.208891
v 0.690295 0.285930 -0.179219
v 0.699492 0.289739 -0.200491
v 0.695798 0.288209 -0.191426
v 0.690295 0.285930 -0.160659
v 0.699492 0.289739 -0.139386
v 0.695798 0.288209 -0.148451
v 0.688797 0.285309 -0.247844
v 0.700539 0.290173 -0.286797
v 0.690295 0.285930 -0.257124
v 0.699492 0.289739 -0.278396
v 0.695798 0.288209 -0.269332
v 0.690295 0.285930 -0.238564
v 0.699492 0.289739 -0.217292
v 0.695798 0.288209 -0.226356
v 0.688839 0.285326 -0.325491
v 0.690295 0.285930 -0.316470
v 0.699492 0.289739 -0.295197
v 0.695798 0.288209 -0.304262
v 0.657515 0.351449 0.687022
v 0.668723 0.357440 0.648069
v 0.658945 0.352214 0.677742
v 0.667725 0.356906 0.656470
v 0.664198 0.355021 0.665534
v 0.658945 0.352214 0.696301
v 0.668723 0.357440 0.725974
v 0.667725 0.356906 0.717574
v 0.664198 0.355021 0.708509
v 0.660309 0.352943 0.750695
v 0.667725 0.356906 0.734375
v 0.664222 0.355034 0.743378
v 0.657515 0.351449 0.609116
v 0.668723 0.357440 0.570163
v 0.658945 0.352214 0.599836
v 0.667725 0.356906 0.578564
v 0.664198 0.355021 0.587628
v 0.658945 0.352214 0.618396
v 0.667725 0.356906 0.639668
v 0.664198 0.355021 0.630604
v 0.657515 0.351449 0.531211
v 0.668723 0.357440 0.492258
v 0.658945 0.352214 0.521931
v 0.667725 0.356906 0.500659
v 0.664198 0.355021 0.509723
v 0.658945 0.352214 0.540491
v 0.667725 0.356906 0.561763
v 0.664198 0.355021 0.552698
v 0.657515 0.351449 0.453305
v 0.668723 0.357440 0.414352
v 0.658945 0.352214 0.444025
v 0.667725 0.356906 0.422753
v 0.664198 0.355021 0.431817
v 0.658945 0.352214 0.462585
v 0.667725 0.356906 0.483857
v 0.664198 0.355021 0.474793
v 0.657515 0.351449 0.375400
v 0.668723 0.357440 0.336447
v 0.658945 0.352214 0.366120
v 0.667725 0.356906 0.344848
v 0.664198 0.355021 0.353912
v 0.658945 0.352214 0.384680
v 0.667725 0.356906 0.405952
v 0.664198 0.355021 0.396888
v 0.657515 0.351449 0.297494
v 0.668723 0.357440 0.258542
v 0.658945 0.352214 0.288214
v 0.667725 0.356906 0.266942
v 0.664198 0.355021 0.276007
v 0.658945 0.352214 0.306774
v 0.667725 0.356906 0.328046
v 0.664198 0.355021 0.318982
v 0.657515 0.351449 0.219589
v 0.668723 0.357440 0.180636
v 0.658945 0.352214 0.210309
v 0.667725 0.356906 0.189037
v 0.664198 0.355021 0.198101
v 0.658945 0.352214 0.228869
v 0.667725 0.356906 0.250141
v 0.664198 0.355021 0.241077
v 0.657515 0.351449 0.141683
v 0.668723 0.357440 0.102731
v 0.658945 0.352214 0.132403
v 0.667725 0.356906 0.111131
v 0.664198 0.355021 0.120196
v 0.658945 0.352214 0.150963
v 0.667725 0.356906 0.172235
v 0.664198 0.355021 0.163171
v 0.657515 0.351449 0.063778
v 0.668723 0.357440 0.024825
v 0.658945 0.352214 0.054498
v 0.667725 0.356906 0.033226
v 0.664198 0.355021 0.042290
v 0.658945 0.352214 0.073058
v 0.667725 0.356906 0.094330
v 0.664198 0.355021 0.085266
v 0.657515 0.351449 -0.014128
v 0.668723 0.357440 -0.053080
v 0.658945 0.352214 -0.023407
v 0.667725 0.356906 -0.044680
v 0.664198 0.355021 -0.035615
v 0.658945 0.352214 -0.004848
v 0.667725 0.356906 0.016424
v 0.664198 0.355021 0.007360
v 0.657515 0.351449 -0.092033
v 0.668723 0.357440 -0.130986
v 0.658945 0.352214 -0.101313
v 0.667725 0.356906 -0.122585
v 0.664198 0.355021 -0.113521
v 0.658945 0.352214 -0.082753
v 0.667725 0.356906 -0.061481
v 0.664198 0.355021 -0.070545
v 0.657515 0.351449 -0.169939
v 0.668723 0.357440 -0.208891
v 0.658945 0.352214 -0.179218
v 0.667725 0.356906 -0.200491
v 0.664198 0.355021 -0.191426
v 0.658945 0.352214 -0.160659
v 0.667725 0.356906 -0.139386
v 0.664198 0.355021 -0.148451
v 0.657515 0.351449 -0.247844
v 0.668723 0.357440 -0.286797
v 0.658945 0.352214 -0.257124
v 0.667725 0.356906 -0.278396
v 0.664198 0.355021 -0.269332
v 0.658945 0.352214 -0.238564
v 0.667725 0.356906 -0.217292
v 0.664198 0.355021 -0.226356
v 0.657555 0.351471 -0.325491
v 0.658945 0.352214 -0.316470
v 0.667725 0.356906 -0.295197
v 0.664198 0.355021 -0.304262
v 0.619901 0.414205 0.687022
v 0.630468 0.421266 0.648069
v 0.621249 0.415106 0.677742
v 0.629526 0.420636 0.656470
v 0.626202 0.418415 0.665534
v 0.621249 0.415106 0.696301
v 0.630468 0.421266 0.725974
v 0.629526 0.420636 0.717574
v 0.626202 0.418415 0.708509
v 0.622535 0.415965 0.750695
v 0.629526 0.420636 0.734375
v 0.626224 0.418430 0.743378
v 0.619901 0.414205 0.609116
v 0.630468 0.421266 0.570163
v 0.621249 0.415106 0.599836
v 0.629526 0.420636 0.578564
v 0.626202 0.418415 0.587628
v 0.621249 0.415106 0.618396
v 0.629526 0.420636 0.639668
v 0.626202 0.418415 0.630604
v 0.619901 0.414205 0.531211
v 0.630468 0.421266 0.492258
v 0.621249 0.415106 0.521931
v 0.629526 0.420636 0.500659
v 0.626202 0.418415 0.509723
v 0.621249 0.415106 0.540491
v 0.629526 0.420636 0.561763
v 0.626202 0.418415 0.552698
v 0.619901 0.414205 0.453305
v 0.630468 0.421266 0.414352
v 0.621249 0.415106 0.444025
v 0.629526 0.420636 0.422753
v 0.626202 0.418415 0.431817
v 0.621249 0.415106 0.462585
v 0.629526 0.420636 0.483857
v 0.626202 0.418415 0.474793
v 0.619901 0.414205 0.375400
v 0.630468 0.421266 0.336447
v 0.621249 0.415106 0.366120
v 0.629526 0.420636 0.344848
v 0.626202 0.418415 0.353912
v 0.621249 0.415106 0.384680
v 0.629526 0.420636 0.405952
v 0.626202 0.418415 0.396888
v 0.619901 0.414205 0.297494
v 0.630468 0.421266 0.258542
v 0.621249 0.415106 0.288214
v 0.629526 0.420636 0.266942
v 0.626202 0.418415 0.276007
v 0.621249 0.415106 0.306774
v 0.629526 0.420636 0.328046
v 0.626202 0.418415 0.318982
v 0.619901 0.414205 0.219589
v 0.630468 0.421266 0.180636
v 0.621249 0.415106 0.210309
v 0.629526 0.420636 0.189037
v 0.626202 0.418415 0.198101
v 0.621249 0.415106 0.228869
v 0.629526 0.420636 0.250141
v 0.626202 0.418415 0.241077
v 0.619901 0.414205 0.141683
v 0.630468 0.421266 0.102731
v 0.621249 0.415106 0.132403
v 0.629526 0.420636 0.111131
v 0.626202 0.418415 0.120196
v 0.621249 0.415106 0.150963
v 0.629526 0.420636 0.172235
v 0.626202 0.418415 0.163171
v 0.619901 0.414205 0.063778
v 0.630468 0.421266 0.024825
v 0.621249 0.415106 0.054498
v 0.629526 0.420636 0.033226
v 0.626202 0.418415 0.042290
v 0.621249 0.415106 0.073058
v 0.629526 0.420636 0.094330
v 0.626202 0.418415 0.085266
v 0.619901 0.414205 -0.014128
v 0.621249 0.415106 -0.023407
v 0.629526 0.420636 -0.044680
v 0.626202 0.418415 -0.035615
v 0.621249 0.415106 -0.004848
v 0.629526 0.420636 0.016424
v 0.626202 0.418415 0.007360
v 0.619901 0.414205 -0.092033
v 0.630468 0.421265 -0.130986
v 0.621249 0.415106 -0.101313
v 0.629526 0.420636 -0.122585
v 0.626202 0.418415 -0.113521
v 0.621249 0.415106 -0.082753
v 0.630468 0.421266 -0.053080
v 0.629526 0.420636 -0.061481
v 0.626202 0.418415 -0.070545
v 0.619901 0.414205 -0.169939
v 0.630468 0.421265 -0.208891
v 0.621249 0.415106 -0.179218
v 0.629526 0.420636 -0.200491
v 0.626202 0.418415 -0.191426
v 0.621249 0.415106 -0.160659
v 0.629526 0.420636 -0.139386
v 0.626202 0.418415 -0.148451
v 0.619901 0.414205 -0.247844
v 0.630468 0.421265 -0.286797
v 0.621249 0.415106 -0.257124
v 0.629526 0.420636 -0.278396
v 0.626201 0.418415 -0.269332
v 0.621249 0.415106 -0.238564
v 0.629526 0.420636 -0.217292
v 0.626202 0.418415 -0.226356
v 0.619938 0.414230 -0.325491
v 0.621249 0.415106 -0.316470
v 0.629526 0.420636 -0.295197
v 0.626201 0.418415 -0.304262
v 0.576317 0.472971 0.687022
v 0.586141 0.481034 0.648069
v 0.577570 0.474000 0.677742
v 0.585266 0.480315 0.656470
v 0.582174 0.477778 0.665534
v 0.577570 0.474000 0.696301
v 0.586141 0.481034 0.725974
v 0.585266 0.480315 0.717574
v 0.582174 0.477778 0.708509
v 0.578765 0.474981 0.750695
v 0.585266 0.480315 0.734375
v 0.582195 0.477796 0.743378
v 0.576317 0.472971 0.609116
v 0.586141 0.481034 0.570163
v 0.577570 0.474000 0.599836
v 0.585266 0.480315 0.578564
v 0.582174 0.477778 0.587628
v 0.577570 0.474000 0.618396
v 0.585266 0.480315 0.639668
v 0.582174 0.477778 0.630604
v 0.576317 0.472971 0.531211
v 0.586141 0.481034 0.492258
v 0.577570 0.474000 0.521931
v 0.585266 0.480315 0.500659
v 0.582174 0.477778 0.509723
v 0.577570 0.474000 0.540491
v 0.585266 0.480315 0.561763
v 0.582174 0.477778 0.552698
v 0.576317 0.472971 0.453305
v 0.586141 0.481034 0.414352
v 0.577570 0.474000 0.444025
v 0.585266 0.480315 0.422753
v 0.582174 0.477778 0.431817
v 0.577570 0.474000 0.462585
v 0.585266 0.480315 0.483857
v 0.582174 0.477778 0.474793
v 0.576317 0.472971 0.375400
v 0.586141 0.481034 0.336447
v 0.577570 0.474000 0.366120
v 0.585266 0.480315 0.344848
v 0.582174 0.477778 0.353912
v 0.577570 0.474000 0.384680
v 0.585266 0.480315 0.405952
v 0.582174 0.477778 0.396888
v 0.576317 0.472971 0.297494
v 0.577570 0.474000 0.288214
v 0.585266 0.480315 0.266942
v 0.582174 0.477778 0.276007
v 0.577570 0.474000 0.306774
v 0.585266 0.480315 0.328046
v 0.582174 0.477778 0.318982
v 0.576317 0.472971 0.219589
v 0.586141 0.481034 0.180636
v 0.577570 0.474000 0.210309
v 0.585266 0.480315 0.189037
v 0.582174 0.477778 0.198101
v 0.577570 0.474000 0.228869
v 0.586141 0.481034 0.258542
v 0.585266 0.480315 0.250141
v 0.582174 0.477778 0.241077
v 0.576317 0.472971 0.141683
v 0.586141 0.481034 0.102731
v 0.577570 0.474000 0.132403
v 0.585266 0.480315 0.111131
v 0.582174 0.477778 0.120196
v 0.577570 0.474000 0.150963
v 0.585266 0.480315 0.172235
v 0.582174 0.477778 0.163171
v 0.576317 0.472971 0.063778
v 0.586141 0.481034 0.024825
v 0.577570 0.474000 0.054498
v 0.585266 0.480315 0.033226
v 0.582174 0.477778 0.042290
v 0.577570 0.474000 0.073058
v 0.585266 0.480315 0.094330
v 0.582174 0.477778 0.085266
v 0.576317 0.472971 -0.014128
v 0.577570 0.474000 -0.023407
v 0.585266 0.480315 -0.044680
v 0.582174 0.477778 -0.035615
v 0.577570 0.474000 -0.004848
v 0.585266 0.480315 0.016424
v 0.582174 0.477778 0.007360
v 0.576317 0.472971 -0.092033
v 0.586141 0.481034 -0.130986
v 0.577570 0.474000 -0.101313
v 0.585266 0.480315 -0.122585
v 0.582174 0.477778 -0.113521
v 0.577570 0.474000 -0.082753
v 0.586141 0.481034 -0.053080
v 0.585266 0.480315 -0.061481
v 0.582174 0.477778 -0.070545
v 0.576317 0.472971 -0.169939
v 0.586141 0.481034 -0.208891
v 0.577570 0.474000 -0.179218
v 0.585266 0.480315 -0.200491
v 0.582174 0.477778 -0.191426
v 0.577570 0.474000 -0.160659
v 0.585266 0.480315 -0.139386
v 0.582174 0.477778 -0.148451
v 0.576317 0.472971 -0.247844
v 0.586141 0.481034 -0.286797
v 0.577570 0.474000 -0.257124
v 0.585266 0.480315 -0.278396
v 0.582174 0.477778 -0.269332
v 0.577570 0.474000 -0.238564
v 0.585266 0.480315 -0.217292
v 0.582174 0.477778 -0.226356
v 0.576352 0.473000 -0.325491
v 0.577570 0.474000 -0.316470
v 0.585266 0.480315 -0.295197
v 0.582174 0.477778 -0.304262
v 0.527182 0.527183 0.687022
v 0.536169 0.536169 0.648069
v 0.528329 0.528329 0.677742
v 0.535368 0.535368 0.656470
v 0.532541 0.532541 0.665534
v 0.528329 0.528329 0.696301
v 0.536169 0.536169 0.725974
v 0.535368 0.535368 0.717574
v 0.532541 0.532541 0.708509
v 0.529422 0.529422 0.750695
v 0.535368 0.535368 0.734375
v 0.532560 0.532560 0.743378
v 0.527182 0.527183 0.609116
v 0.536169 0.536169 0.570163
v 0.528329 0.528329 0.599836
v 0.535368 0.535368 0.578564
v 0.532541 0.532541 0.587628
v 0.528329 0.528329 0.618396
v 0.535368 0.535368 0.639668
v 0.532541 0.532541 0.630604
v 0.527182 0.527183 0.531211
v 0.536169 0.536169 0.492258
v 0.528329 0.528329 0.521931
v 0.535368 0.535368 0.500659
v 0.532541 0.532541 0.509723
v 0.528329 0.528329 0.540491
v 0.535368 0.535368 0.561763
v 0.532541 0.532541 0.552698
v 0.527182 0.527183 0.453305
v 0.536169 0.536169 0.414352
v 0.528329 0.528329 0.444025
v 0.535368 0.535368 0.422753
v 0.532541 0.532541 0.431817
v 0.528329 0.528329 0.462585
v 0.535368 0.535368 0.483857
v 0.532541 0.532541 0.474793
v 0.527182 0.527182 0.375400
v 0.536169 0.536169 0.336447
v 0.528329 0.528329 0.366120
v 0.535368 0.535368 0.344848
v 0.532541 0.532541 0.353912
v 0.528329 0.528329 0.384680
v 0.535368 0.535368 0.405952
v 0.532541 0.532541 0.396888
v 0.527182 0.527182 0.297494
v 0.536169 0.536169 0.258542
v 0.528329 0.528329 0.288214
v 0.535368 0.535368 0.266942
v 0.532541 0.532541 0.276007
v 0.528329 0.528329 0.306774
v 0.535368 0.535368 0.328046
v 0.532541 0.532541 0.318982
v 0.527182 0.527182 0.219589
v 0.536169 0.536169 0.180636
v 0.528329 0.528329 0.210309
v 0.535368 0.535368 0.189037
v 0.532541 0.532541 0.198101
v 0.528329 0.528329 0.228869
v 0.535368 0.535368 0.250141
v 0.532541 0.532541 0.241077
v 0.527182 0.527182 0.141683
v 0.536169 0.536169 0.102731
v 0.528329 0.528329 0.132403
v 0.535368 0.535368 0.111131
v 0.532541 0.532541 0.120196
v 0.528329 0.528329 0.150963
v 0.535368 0.535368 0.172235
v 0.532541 0.532541 0.163171
v 0.527182 0.527182 0.063778
v 0.536169 0.536169 0.024825
v 0.528329 0.528329 0.054498
v 0.535368 0.535368 0.033226
v 0.532541 0.532541 0.042290
v 0.528329 0.528329 0.073058
v 0.535368 0.535368 0.094330
v 0.532541 0.532541 0.085266
v 0.527182 0.527182 -0.014128
v 0.528329 0.528329 -0.023407
v 0.535368 0.535368 -0.044680
v 0.532541 0.532541 -0.035615
v 0.528329 0.528329 -0.004848
v 0.535368 0.535368 0.016424
v 0.532541 0.532541 0.007360
v 0.527182 0.527182 -0.092033
v 0.536169 0.536169 -0.130986
v 0.528329 0.528329 -0.101313
v 0.535368 0.535368 -0.122585
v 0.532541 0.532541 -0.113521
v 0.528329 0.528329 -0.082753
v 0.536169 0.536169 -0.053080
v 0.535368 0.535368 -0.061481
v 0.532541 0.532541 -0.070545
v 0.527182 0.527182 -0.169939
v 0.536169 0.536169 -0.208891
v 0.528329 0.528329 -0.179218
v 0.535368 0.535368 -0.200491
v 0.532541 0.532541 -0.191426
v 0.528329 0.528329 -0.160659
v 0.535368 0.535368 -0.139386
v 0.532541 0.532541 -0.148451
v 0.527182 0.527182 -0.247844
v 0.536169 0.536169 -0.286797
v 0.528329 0.528329 -0.257124
v 0.535368 0.535368 -0.278396
v 0.532541 0.532541 -0.269332
v 0.528329 0.528329 -0.238564
v 0.535368 0.535368 -0.217292
v 0.532541 0.532541 -0.226356
v 0.527214 0.527214 -0.325491
v 0.528329 0.528329 -0.316470
v 0.535368 0.535368 -0.295197
v 0.532541 0.532541 -0.304262
v 0.472971 0.576317 0.687022
v 0.481033 0.586141 0.648069
v 0.474000 0.577571 0.677742
v 0.480315 0.585266 0.656470
v 0.477778 0.582175 0.665534
v 0.474000 0.577571 0.696301
v 0.481033 0.586141 0.725974
v 0.480315 0.585266 0.717574
v 0.477778 0.582175 0.708509
v 0.474980 0.578766 0.750695
v 0.480315 0.585266 0.734375
v 0.477795 0.582196 0.743378
v 0.472971 0.576317 0.609116
v 0.481034 0.586141 0.570163
v 0.474000 0.577570 0.599836
v 0.480315 0.585266 0.578564
v 0.477778 0.582174 0.587628
v 0.474000 0.577570 0.618396
v 0.480315 0.585266 0.639668
v 0.477778 0.582174 0.630604
v 0.472971 0.576317 0.531211
v 0.481034 0.586141 0.492258
v 0.474000 0.577571 0.521931
v 0.480315 0.585266 0.500659
v 0.477778 0.582174 0.509723
v 0.474000 0.577571 0.540491
v 0.480315 0.585266 0.561763
v 0.477778 0.582175 0.552698
v 0.472971 0.576317 0.453305
v 0.481034 0.586141 0.414352
v 0.474000 0.577571 0.444025
v 0.480315 0.585266 0.422753
v 0.477778 0.582174 0.431817
v 0.474000 0.577571 0.462585
v 0.480315 0.585266 0.483857
v 0.477778 0.582174 0.474793
v 0.472971 0.576317 0.375400
v 0.481034 0.586141 0.336447
v 0.474000 0.577571 0.366120
v 0.480315 0.585266 0.344848
v 0.477778 0.582174 0.353912
v 0.474000 0.577571 0.384680
v 0.480315 0.585266 0.405952
v 0.477778 0.582174 0.396888
v 0.472971 0.576317 0.297494
v 0.474000 0.577571 0.288214
v 0.480315 0.585266 0.266942
v 0.477778 0.582174 0.276007
v 0.474000 0.577571 0.306774
v 0.480315 0.585266 0.328046
v 0.477778 0.582174 0.318982
v 0.472971 0.576317 0.219589
v 0.481034 0.586141 0.180636
v 0.474000 0.577571 0.210309
v 0.480315 0.585266 0.189037
v 0.477778 0.582174 0.198101
v 0.474000 0.577571 0.228869
v 0.481034 0.586141 0.258542
v 0.480315 0.585266 0.250141
v 0.477778 0.582174 0.241077
v 0.472971 0.576317 0.141683
v 0.481034 0.586141 0.102731
v 0.474000 0.577570 0.132403
v 0.480315 0.585266 0.111131
v 0.477778 0.582174 0.120196
v 0.474000 0.577571 0.150963
v 0.480315 0.585266 0.172235
v 0.477778 0.582174 0.163171
v 0.472971 0.576317 0.063778
v 0.481034 0.586141 0.024825
v 0.474000 0.577570 0.054498
v 0.480315 0.585266 0.033226
v 0.477778 0.582174 0.042290
v 0.474000 0.577570 0.073058
v 0.480315 0.585266 0.094330
v 0.477778 0.582174 0.085266
v 0.472971 0.576317 -0.014128
v 0.474000 0.577570 -0.023407
v 0.480315 0.585266 -0.044680
v 0.477778 0.582174 -0.035615
v 0.474000 0.577570 -0.004848
v 0.480315 0.585266 0.016424
v 0.477778 0.582174 0.007360
v 0.472971 0.576317 -0.092033
v 0.481034 0.586141 -0.130986
v 0.474000 0.577570 -0.101313
v 0.480315 0.585266 -0.122585
v 0.477778 0.582174 -0.113521
v 0.474000 0.577570 -0.082753
v 0.481034 0.586141 -0.053080
v 0.480315 0.585266 -0.061481
v 0.477778 0.582174 -0.070545
v 0.472971 0.576317 -0.169939
v 0.481034 0.586141 -0.208891
v 0.474000 0.577570 -0.179218
v 0.480315 0.585266 -0.200491
v 0.477778 0.582174 -0.191426
v 0.474000 0.577570 -0.160659
v 0.480315 0.585266 -0.139386
v 0.477778 0.582174 -0.148451
v 0.472971 0.576317 -0.247844
v 0.481034 0.586141 -0.286797
v 0.474000 0.577570 -0.257124
v 0.480315 0.585266 -0.278396
v 0.477778 0.582174 -0.269332
v 0.474000 0.577570 -0.238564
v 0.480315 0.585266 -0.217292
v 0.477778 0.582174 -0.226356
v 0.473000 0.576352 -0.325491
v 0.474000 0.577570 -0.316470
v 0.480315 0.585266 -0.295197
v 0.477778 0.582174 -0.304262
v 0.414204 0.619901 0.687022
v 0.421265 0.630468 0.648069
v 0.415105 0.621250 0.677742
v 0.420636 0.629527 0.656470
v 0.418414 0.626202 0.665534
v 0.415105 0.621250 0.696301
v 0.421265 0.630468 0.725974
v 0.420636 0.629527 0.717574
v 0.418414 0.626202 0.708509
v 0.415964 0.622535 0.750695
v 0.420636 0.629527 0.734375
v 0.418429 0.626224 0.743378
v 0.414204 0.619901 0.609116
v 0.421265 0.630468 0.570163
v 0.415105 0.621249 0.599836
v 0.420636 0.629527 0.578564
v 0.418414 0.626202 0.587628
v 0.415105 0.621249 0.618396
v 0.420636 0.629527 0.639668
v 0.418414 0.626202 0.630604
v 0.414204 0.619901 0.531211
v 0.421265 0.630468 0.492258
v 0.415105 0.621250 0.521931
v 0.420636 0.629527 0.500659
v 0.418414 0.626202 0.509723
v 0.415105 0.621250 0.540491
v 0.420636 0.629527 0.561763
v 0.418414 0.626202 0.552698
v 0.414204 0.619901 0.453305
v 0.421265 0.630468 0.414352
v 0.415105 0.621250 0.444025
v 0.420636 0.629527 0.422753
v 0.418414 0.626202 0.431817
v 0.415105 0.621250 0.462585
v 0.420636 0.629527 0.483857
v 0.418414 0.626202 0.474793
v 0.414204 0.619901 0.375400
v 0.421265 0.630468 0.336447
v 0.415105 0.621250 0.366120
v 0.420636 0.629527 0.344848
v 0.418414 0.626202 0.353912
v 0.415105 0.621250 0.384680
v 0.420636 0.629527 0.405952
v 0.418414 0.626202 0.396888
v 0.414204 0.619901 0.297494
v 0.421265 0.630468 0.258542
v 0.415105 0.621250 0.288214
v 0.420636 0.629527 0.266942
v 0.418414 0.626202 0.276007
v 0.415105 0.621250 0.306774
v 0.420636 0.629527 0.328046
v 0.418414 0.626202 0.318982
v 0.414204 0.619901 0.219589
v 0.421265 0.630468 0.180636
v 0.415105 0.621250 0.210309
v 0.420636 0.629527 0.189037
v 0.418414 0.626202 0.198101
v 0.415105 0.621250 0.228869
v 0.420636 0.629527 0.250141
v 0.418414 0.626202 0.241077
v 0.414204 0.619901 0.141683
v 0.421265 0.630468 0.102731
v 0.415105 0.621249 0.132403
v 0.420636 0.629527 0.111131
v 0.418414 0.626202 0.120196
v 0.415105 0.621250 0.150963
v 0.420636 0.629527 0.172235
v 0.418414 0.626202 0.163171
v 0.414204 0.619901 0.063778
v 0.421265 0.630468 0.024825
v 0.415105 0.621249 0.054498
v 0.420636 0.629527 0.033226
v 0.418414 0.626202 0.042290
v 0.415105 0.621249 0.073058
v 0.420636 0.629527 0.094330
v 0.418414 0.626202 0.085266
v 0.414204 0.619901 -0.014128
v 0.415105 0.621249 -0.023407
v 0.420636 0.629527 -0.044680
v 0.418414 0.626202 -0.035615
v 0.415105 0.621249 -0.004848
v 0.420636 0.629527 0.016424
v 0.418414 0.626202 0.007360
v 0.414204 0.619901 -0.092033
v 0.421265 0.630468 -0.130986
v 0.415105 0.621249 -0.101313
v 0.420636 0.629527 -0.122585
v 0.418414 0.626202 -0.113521
v 0.415105 0.621249 -0.082753
v 0.421265 0.630468 -0.053080
v 0.420636 0.629527 -0.061481
v 0.418414 0.626202 -0.070545
v 0.414204 0.619901 -0.169939
v 0.421265 0.630468 -0.208891
v 0.415105 0.621249 -0.179218
v 0.420636 0.629527 -0.200491
v 0.418414 0.626202 -0.191426
v 0.415105 0.621249 -0.160659
v 0.420636 0.629527 -0.139386
v 0.418414 0.626202 -0.148451
v 0.414204 0.619901 -0.247844
v 0.421265 0.630468 -0.286797
v 0.415105 0.621249 -0.257124
v 0.420636 0.629527 -0.278396
v 0.418414 0.626202 -0.269332
v 0.415105 0.621249 -0.238564
v 0.420636 0.629527 -0.217292
v 0.418414 0.626202 -0.226356
v 0.414230 0.619939 -0.325491
v 0.415105 0.621249 -0.316470
v 0.420636 0.629527 -0.295197
v 0.418414 0.626202 -0.304262
v 0.351449 0.657515 0.687022
v 0.357440 0.668724 0.648069
v 0.352214 0.658946 0.677742
v 0.356906 0.667725 0.656470
v 0.355021 0.664198 0.665534
v 0.352214 0.658946 0.696301
v 0.357440 0.668724 0.725974
v 0.356906 0.667725 0.717574
v 0.355021 0.664198 0.708509
v 0.352942 0.660309 0.750695
v 0.356906 0.667725 0.734375
v 0.355034 0.664222 0.743378
v 0.351449 0.657515 0.609116
v 0.357440 0.668724 0.570163
v 0.352213 0.658945 0.599836
v 0.356906 0.667725 0.578564
v 0.355021 0.664198 0.587628
v 0.352213 0.658945 0.618396
v 0.356906 0.667725 0.639668
v 0.355021 0.664198 0.630604
v 0.351449 0.657515 0.531211
v 0.357440 0.668724 0.492258
v 0.352214 0.658946 0.521931
v 0.356906 0.667725 0.500659
v 0.355021 0.664198 0.509723
v 0.352214 0.658946 0.540491
v 0.356906 0.667725 0.561763
v 0.355021 0.664198 0.552698
v 0.351449 0.657515 0.453305
v 0.357440 0.668724 0.414352
v 0.352214 0.658946 0.444025
v 0.356906 0.667725 0.422753
v 0.355021 0.664198 0.431817
v 0.352214 0.658946 0.462585
v 0.356906 0.667725 0.483857
v 0.355021 0.664198 0.474793
v 0.351449 0.657515 0.375400
v 0.357440 0.668724 0.336447
v 0.352214 0.658946 0.366120
v 0.356906 0.667725 0.344848
v 0.355021 0.664198 0.353912
v 0.352214 0.658946 0.384680
v 0.356906 0.667725 0.405952
v 0.355021 0.664198 0.396888
v 0.351449 0.657515 0.297494
v 0.357440 0.668724 0.258542
v 0.352214 0.658946 0.288214
v 0.356906 0.667725 0.266942
v 0.355021 0.664198 0.276007
v 0.352214 0.658946 0.306774
v 0.356906 0.667725 0.328046
v 0.355021 0.664198 0.318982
v 0.351449 0.657515 0.219589
v 0.357440 0.668724 0.180636
v 0.352214 0.658946 0.210309
v 0.356906 0.667725 0.189037
v 0.355021 0.664198 0.198101
v 0.352214 0.658946 0.228869
v 0.356906 0.667725 0.250141
v 0.355021 0.664198 0.241077
v 0.351449 0.657515 0.141683
v 0.357440 0.668724 0.102731
v 0.352214 0.658945 0.132403
v 0.356906 0.667725 0.111131
v 0.355021 0.664198 0.120196
v 0.352214 0.658946 0.150963
v 0.356906 0.667725 0.172235
v 0.355021 0.664198 0.163171
v 0.351449 0.657515 0.063778
v 0.357440 0.668724 0.024825
v 0.352214 0.658945 0.054498
v 0.356906 0.667725 0.033226
v 0.355021 0.664198 0.042290
v 0.352214 0.658945 0.073058
v 0.356906 0.667725 0.094330
v 0.355021 0.664198 0.085266
v 0.351449 0.657515 -0.014128
v 0.352214 0.658945 -0.023407
v 0.356906 0.667725 -0.044680
v 0.355021 0.664198 -0.035615
v 0.352214 0.658945 -0.004848
v 0.356906 0.667725 0.016424
v 0.355021 0.664198 0.007360
v 0.351449 0.657515 -0.092033
v 0.357440 0.668724 -0.130986
v 0.352214 0.658945 -0.101313
v 0.356906 0.667725 -0.122585
v 0.355021 0.664198 -0.113521
v 0.352214 0.658945 -0.082753
v 0.357440 0.668724 -0.053080
v 0.356906 0.667725 -0.061481
v 0.355021 0.664198 -0.070545
v 0.351449 0.657515 -0.169939
v 0.357440 0.668724 -0.208891
v 0.352214 0.658945 -0.179218
v 0.356906 0.667725 -0.200491
v 0.355021 0.664198 -0.191426
v 0.352214 0.658945 -0.160659
v 0.356906 0.667725 -0.139386
v 0.355021 0.664198 -0.148451
v 0.351449 0.657515 -0.247844
v 0.357440 0.668724 -0.286797
v 0.352214 0.658945 -0.257124
v 0.356906 0.667725 -0.278396
v 0.355021 0.664198 -0.269332
v 0.352214 0.658945 -0.238564
v 0.356906 0.667725 -0.217292
v 0.355021 0.664198 -0.226356
v 0.351470 0.657555 -0.325491
v 0.352214 0.658945 -0.316470
v 0.356906 0.667725 -0.295197
v 0.355021 0.664198 -0.304262
v 0.285309 0.688797 0.687022
v 0.290173 0.700539 0.648069
v 0.285930 0.690295 0.677742
v 0.289739 0.699492 0.656470
v 0.288209 0.695798 0.665534
v 0.285930 0.690295 0.696301
v 0.290173 0.700539 0.725974
v 0.289739 0.699492 0.717574
v 0.288209 0.695798 0.708509
v 0.286521 0.691724 0.750695
v 0.289739 0.699492 0.734375
v 0.288219 0.695823 0.743378
v 0.285309 0.688797 0.609116
v 0.290173 0.700539 0.570163
v 0.285930 0.690295 0.599836
v 0.289739 0.699492 0.578564
v 0.288209 0.695798 0.587628
v 0.285930 0.690295 0.618396
v 0.289739 0.699492 0.639668
v 0.288209 0.695798 0.630604
v 0.285309 0.688797 0.531211
v 0.290173 0.700539 0.492258
v 0.285930 0.690295 0.521931
v 0.289739 0.699492 0.500659
v 0.288209 0.695798 0.509723
v 0.285930 0.690295 0.540491
v 0.289739 0.699492 0.561763
v 0.288209 0.695798 0.552698
v 0.285309 0.688797 0.453305
v 0.290173 0.700539 0.414352
v 0.285930 0.690295 0.444025
v 0.289739 0.699492 0.422753
v 0.288209 0.695798 0.431817
v 0.285930 0.690295 0.462585
v 0.289739 0.699492 0.483857
v 0.288209 0.695798 0.474793
v 0.285309 0.688797 0.375400
v 0.290173 0.700539 0.336447
v 0.285930 0.690295 0.366120
v 0.289739 0.699492 0.344848
v 0.288209 0.695798 0.353912
v 0.285930 0.690295 0.384680
v 0.289739 0.699492 0.405952
v 0.288209 0.695798 0.396888
v 0.285309 0.688797 0.297494
v 0.285930 0.690295 0.288214
v 0.289739 0.699492 0.266942
v 0.288209 0.695798 0.276007
v 0.285930 0.690295 0.306774
v 0.289739 0.699492 0.328046
v 0.288209 0.695798 0.318982
v 0.285309 0.688797 0.219589
v 0.290173 0.700539 0.180636
v 0.285930 0.690295 0.210309
v 0.289739 0.699492 0.189037
v 0.288209 0.695798 0.198101
v 0.285930 0.690295 0.228869
v 0.290173 0.700539 0.258542
v 0.289739 0.699492 0.250141
v 0.288209 0.695798 0.241077
v 0.285309 0.688797 0.141683
v 0.290173 0.700539 0.102731
v 0.285930 0.690295 0.132403
v 0.289739 0.699492 0.111131
v 0.288209 0.695798 0.120196
v 0.285930 0.690295 0.150963
v 0.289739 0.699492 0.172235
v 0.288209 0.695798 0.163171
v 0.285309 0.688797 0.063778
v 0.290173 0.700539 0.024825
v 0.285930 0.690295 0.054498
v 0.289739 0.699492 0.033226
v 0.288209 0.695798 0.042290
v 0.285930 0.690295 0.073058
v 0.289739 0.699492 0.094330
v 0.288209 0.695798 0.085266
v 0.285309 0.688797 -0.014128
v 0.285930 0.690295 -0.023407
v 0.289739 0.699492 -0.044680
v 0.288209 0.695798 -0.035615
v 0.285930 0.690295 -0.004848
v 0.289739 0.699492 0.016424
v 0.288209 0.695798 0.007360
v 0.285309 0.688797 -0.092033
v 0.290173 0.700539 -0.130986
v 0.285930 0.690295 -0.101313
v 0.289739 0.699492 -0.122585
v 0.288209 0.695798 -0.113521
v 0.285930 0.690295 -0.082753
v 0.290173 0.700539 -0.053080
v 0.289739 0.699492 -0.061481
v 0.288209 0.695798 -0.070545
v 0.285309 0.688797 -0.169939
v 0.290173 0.700539 -0.208891
v 0.285930 0.690295 -0.179218
v 0.289739 0.699492 -0.200491
v 0.288209 0.695798 -0.191426
v 0.285930 0.690295 -0.160659
v 0.289739 0.699492 -0.139386
v 0.288209 0.695798 -0.148451
v 0.285309 0.688797 -0.247844
v 0.290173 0.700539 -0.286797
v 0.285930 0.690295 -0.257124
v 0.289739 0.699492 -0.278396
v 0.288209 0.695798 -0.269332
v 0.285930 0.690295 -0.238564
v 0.289739 0.699492 -0.217292
v 0.288209 0.695798 -0.226356
v 0.285326 0.688839 -0.325491
v 0.285930 0.690295 -0.316470
v 0.289739 0.699492 -0.295197
v 0.288209 0.695798 -0.304262
v 0.216421 0.713446 0.687022
v 0.220110 0.725607 0.648069
v 0.216892 0.714998 0.677742
v 0.219782 0.724524 0.656470
v 0.218621 0.720697 0.665534
v 0.216892 0.714998 0.696301
v 0.220110 0.725607 0.725974
v 0.219782 0.724524 0.717574
v 0.218621 0.720697 0.708509
v 0.217341 0.716477 0.750695
v 0.219782 0.724524 0.734375
v 0.218629 0.720723 0.743378
v 0.216421 0.713446 0.609116
v 0.220110 0.725607 0.570163
v 0.216892 0.714997 0.599836
v 0.219782 0.724524 0.578564
v 0.218621 0.720697 0.587628
v 0.216892 0.714997 0.618396
v 0.219782 0.724524 0.639668
v 0.218621 0.720697 0.630604
v 0.216421 0.713446 0.531211
v 0.220110 0.725607 0.492258
v 0.216892 0.714998 0.521931
v 0.219782 0.724524 0.500659
v 0.218621 0.720697 0.509723
v 0.216892 0.714998 0.540491
v 0.219782 0.724524 0.561763
v 0.218621 0.720697 0.552698
v 0.216421 0.713446 0.453305
v 0.220110 0.725607 0.414352
v 0.216892 0.714998 0.444025
v 0.219782 0.724524 0.422753
v 0.218621 0.720697 0.431817
v 0.216892 0.714998 0.462585
v 0.219782 0.724524 0.483857
v 0.218621 0.720697 0.474793
v 0.216421 0.713446 0.375400
v 0.220110 0.725607 0.336447
v 0.216892 0.714998 0.366120
v 0.219782 0.724524 0.344848
v 0.218621 0.720697 0.353912
v 0.216892 0.714998 0.384680
v 0.219782 0.724524 0.405952
v 0.218621 0.720697 0.396888
v 0.216421 0.713446 0.297494
v 0.216892 0.714998 0.288214
v 0.219782 0.724524 0.266942
v 0.218621 0.720697 0.276007
v 0.216892 0.714998 0.306774
v 0.219782 0.724524 0.328046
v 0.218621 0.720697 0.318982
v 0.216421 0.713446 0.219589
v 0.220110 0.725607 0.180636
v 0.216892 0.714998 0.210309
v 0.219782 0.724524 0.189037
v 0.218621 0.720697 0.198101
v 0.216892 0.714998 0.228869
v 0.220110 0.725607 0.258542
v 0.219782 0.724524 0.250141
v 0.218621 0.720697 0.241077
v 0.216421 0.713446 0.141683
v 0.220110 0.725607 0.102731
v 0.216892 0.714997 0.132403
v 0.219782 0.724524 0.111131
v 0.218621 0.720697 0.120196
v 0.216892 0.714998 0.150963
v 0.219782 0.724524 0.172235
v 0.218621 0.720697 0.163171
v 0.216421 0.713445 0.063778
v 0.220110 0.725607 0.024825
v 0.216892 0.714997 0.054498
v 0.219782 0.724524 0.033226
v 0.218621 0.720697 0.042290
v 0.216892 0.714997 0.073058
v 0.219782 0.724524 0.094330
v 0.218621 0.720697 0.085266
v 0.216421 0.713445 -0.014128
v 0.216892 0.714997 -0.023407
v 0.219782 0.724524 -0.044680
v 0.218621 0.720697 -0.035615
v 0.216892 0.714997 -0.004848
v 0.219782 0.724524 0.016424
v 0.218621 0.720697 0.007360
v 0.216421 0.713445 -0.092033
v 0.220110 0.725607 -0.130986
v 0.216892 0.714997 -0.101313
v 0.219782 0.724524 -0.122585
v 0.218621 0.720697 -0.113521
v 0.216892 0.714997 -0.082753
v 0.220110 0.725607 -0.053080
v 0.219782 0.724524 -0.061481
v 0.218621 0.720697 -0.070545
v 0.216421 0.713445 -0.169939
v 0.220110 0.725607 -0.208891
v 0.216892 0.714997 -0.179218
v 0.219782 0.724524 -0.200491
v 0.218621 0.720697 -0.191426
v 0.216892 0.714997 -0.160659
v 0.219782 0.724524 -0.139386
v 0.218621 0.720697 -0.148451
v 0.216421 0.713445 -0.247844
v 0.220110 0.725607 -0.286797
v 0.216892 0.714997 -0.257124
v 0.219782 0.724524 -0.278396
v 0.218621 0.720697 -0.269332
v 0.216892 0.714997 -0.238564
v 0.219782 0.724524 -0.217292
v 0.218621 0.720697 -0.226356
v 0.216434 0.713489 -0.325491
v 0.216892 0.714997 -0.316470
v 0.219782 0.724524 -0.295197
v 0.218621 0.720697 -0.304262
v 0.145449 0.731223 0.687022
v 0.147929 0.743688 0.648069
v 0.145766 0.732814 0.677742
v 0.147708 0.742577 0.656470
v 0.146927 0.738655 0.665534
v 0.145766 0.732814 0.696301
v 0.147929 0.743688 0.725974
v 0.147708 0.742577 0.717574
v 0.146927 0.738655 0.708509
v 0.146067 0.734330 0.750695
v 0.147708 0.742577 0.734375
v 0.146933 0.738682 0.743378
v 0.145449 0.731223 0.609116
v 0.147929 0.743688 0.570163
v 0.145765 0.732814 0.599836
v 0.147708 0.742577 0.578564
v 0.146927 0.738655 0.587628
v 0.145765 0.732814 0.618396
v 0.147708 0.742577 0.639668
v 0.146927 0.738655 0.630604
v 0.145449 0.731223 0.531211
v 0.147929 0.743688 0.492258
v 0.145766 0.732814 0.521931
v 0.147708 0.742577 0.500659
v 0.146927 0.738655 0.509723
v 0.145766 0.732814 0.540491
v 0.147708 0.742577 0.561763
v 0.146927 0.738655 0.552698
v 0.145449 0.731223 0.453305
v 0.147929 0.743688 0.414352
v 0.145766 0.732814 0.444025
v 0.147708 0.742577 0.422753
v 0.146927 0.738655 0.431817
v 0.145766 0.732814 0.462585
v 0.147708 0.742577 0.483857
v 0.146927 0.738655 0.474793
v 0.145449 0.731223 0.375400
v 0.147929 0.743688 0.336447
v 0.145766 0.732814 0.366120
v 0.147708 0.742577 0.344848
v 0.146927 0.738655 0.353912
v 0.145766 0.732814 0.384680
v 0.147708 0.742577 0.405952
v 0.146927 0.738655 0.396888
v 0.145449 0.731223 0.297494
v 0.145766 0.732814 0.288214
v 0.147708 0.742577 0.266942
v 0.146927 0.738655 0.276007
v 0.145766 0.732814 0.306774
v 0.147708 0.742577 0.328046
v 0.146927 0.738655 0.318982
v 0.145449 0.731223 0.219589
v 0.147929 0.743688 0.180636
v 0.145766 0.732814 0.210309
v 0.147708 0.742577 0.189037
v 0.146927 0.738655 0.198101
v 0.145766 0.732814 0.228869
v 0.147929 0.743688 0.258542
v 0.147708 0.742577 0.250141
v 0.146927 0.738655 0.241077
v 0.145449 0.731223 0.141683
v 0.147929 0.743688 0.102731
v 0.145766 0.732814 0.132403
v 0.147708 0.742577 0.111131
v 0.146927 0.738655 0.120196
v 0.145766 0.732814 0.150963
v 0.147708 0.742577 0.172235
v 0.146927 0.738655 0.163171
v 0.145449 0.731223 0.063778
v 0.147929 0.743688 0.024825
v 0.145766 0.732814 0.054498
v 0.147708 0.742577 0.033226
v 0.146927 0.738655 0.042290
v 0.145766 0.732814 0.073058
v 0.147708 0.742577 0.094330
v 0.146927 0.738655 0.085266
v 0.145449 0.731223 -0.014128
v 0.147929 0.743688 -0.053080
v 0.145766 0.732814 -0.023407
v 0.147708 0.742577 -0.044680
v 0.146927 0.738655 -0.035615
v 0.145766 0.732814 -0.004848
v 0.147708 0.742577 0.016424
v 0.146927 0.738655 0.007360
v 0.145449 0.731223 -0.092033
v 0.147929 0.743688 -0.130986
v 0.145766 0.732814 -0.101313
v 0.147708 0.742577 -0.122585
v 0.146927 0.738655 -0.113521
v 0.145766 0.732814 -0.082753
v 0.147708 0.742577 -0.061481
v 0.146927 0.738655 -0.070545
v 0.145449 0.731223 -0.169939
v 0.147929 0.743688 -0.208891
v 0.145766 0.732814 -0.179218
v 0.147708 0.742577 -0.200491
v 0.146927 0.738655 -0.191426
v 0.145766 0.732814 -0.160659
v 0.147708 0.742577 -0.139386
v 0.146927 0.738655 -0.148451
v 0.145449 0.731223 -0.247844
v 0.147929 0.743688 -0.286797
v 0.145766 0.732814 -0.257124
v 0.147708 0.742577 -0.278396
v 0.146927 0.738655 -0.269332
v 0.145766 0.732814 -0.238564
v 0.147708 0.742577 -0.217292
v 0.146927 0.738655 -0.226356
v 0.145458 0.731267 -0.325491
v 0.145766 0.732814 -0.316470
v 0.147708 0.742577 -0.295197
v 0.146927 0.738655 -0.304262
v 0.073076 0.741958 0.687022
v 0.074322 0.754606 0.648069
v 0.073235 0.743573 0.677742
v 0.074211 0.753479 0.656470
v 0.073819 0.749500 0.665534
v 0.073235 0.743573 0.696301
v 0.074322 0.754606 0.725974
v 0.074211 0.753479 0.717574
v 0.073819 0.749500 0.708509
v 0.073387 0.745111 0.750695
v 0.074211 0.753479 0.734375
v 0.073822 0.749527 0.743378
v 0.073076 0.741958 0.609116
v 0.074322 0.754606 0.570163
v 0.073235 0.743572 0.599836
v 0.074211 0.753479 0.578564
v 0.073819 0.749500 0.587628
v 0.073235 0.743572 0.618396
v 0.074211 0.753479 0.639668
v 0.073819 0.749500 0.630604
v 0.073076 0.741959 0.531211
v 0.074322 0.754606 0.492258
v 0.073235 0.743573 0.521931
v 0.074211 0.753479 0.500659
v 0.073819 0.749500 0.509723
v 0.073235 0.743573 0.540491
v 0.074211 0.753479 0.561763
v 0.073819 0.749500 0.552698
v 0.073076 0.741959 0.453305
v 0.074322 0.754606 0.414352
v 0.073235 0.743573 0.444025
v 0.074211 0.753479 0.422753
v 0.073819 0.749500 0.431817
v 0.073235 0.743573 0.462585
v 0.074211 0.753479 0.483857
v 0.073819 0.749500 0.474793
v 0.073076 0.741958 0.375400
v 0.074322 0.754606 0.336447
v 0.073235 0.743573 0.366120
v 0.074211 0.753479 0.344848
v 0.073819 0.749500 0.353912
v 0.073235 0.743573 0.384680
v 0.074211 0.753479 0.405952
v 0.073819 0.749500 0.396888
v 0.073076 0.741958 0.297494
v 0.073235 0.743573 0.288214
v 0.074211 0.753479 0.266942
v 0.073819 0.749500 0.276007
v 0.073235 0.743573 0.306774
v 0.074211 0.753479 0.328046
v 0.073819 0.749500 0.318982
v 0.073076 0.741958 0.219589
v 0.074322 0.754606 0.180636
v 0.073235 0.743573 0.210309
v 0.074211 0.753479 0.189037
v 0.073819 0.749500 0.198101
v 0.073235 0.743573 0.228869
v 0.074322 0.754606 0.258542
v 0.074211 0.753479 0.250141
v 0.073819 0.749500 0.241077
v 0.073076 0.741958 0.141683
v 0.074322 0.754606 0.102731
v 0.073235 0.743572 0.132403
v 0.074211 0.753479 0.111131
v 0.073819 0.749500 0.120196
v 0.073235 0.743573 0.150963
v 0.074211 0.753479 0.172235
v 0.073819 0.749500 0.163171
v 0.073076 0.741958 0.063778
v 0.074322 0.754606 0.024825
v 0.073235 0.743572 0.054498
v 0.074211 0.753479 0.033226
v 0.073819 0.749500 0.042290
v 0.073235 0.743572 0.073058
v 0.074211 0.753479 0.094330
v 0.073819 0.749500 0.085266
v 0.073076 0.741958 -0.014128
v 0.073235 0.743572 -0.023407
v 0.074211 0.753479 -0.044680
v 0.073819 0.749500 -0.035615
v 0.073235 0.743572 -0.004848
v 0.074211 0.753479 0.016424
v 0.073819 0.749500 0.007360
v 0.073076 0.741958 -0.092033
v 0.074322 0.754606 -0.130986
v 0.073235 0.743572 -0.101313
v 0.074211 0.753479 -0.122585
v 0.073819 0.749500 -0.113521
v 0.073235 0.743572 -0.082753
v 0.074322 0.754606 -0.053080
v 0.074211 0.753479 -0.061481
v 0.073819 0.749500 -0.070545
v 0.073076 0.741958 -0.169939
v 0.074322 0.754606 -0.208891
v 0.073235 0.743572 -0.179218
v 0.074211 0.753479 -0.200491
v 0.073819 0.749500 -0.191426
v 0.073235 0.743572 -0.160659
v 0.074211 0.753479 -0.139386
v 0.073819 0.749500 -0.148451
v 0.073076 0.741958 -0.247844
v 0.074322 0.754606 -0.286797
v 0.073235 0.743572 -0.257124
v 0.074211 0.753479 -0.278396
v 0.073819 0.749500 -0.269332
v 0.073235 0.743572 -0.238564
v 0.074211 0.753479 -0.217292
v 0.073819 0.749500 -0.226356
v 0.073081 0.742003 -0.325491
v 0.073235 0.743572 -0.316470
v 0.074211 0.753479 -0.295197
v 0.073819 0.749500 -0.304262
v -0.000000 0.745549 0.687022
v -0.000000 0.758258 0.648069
v -0.000000 0.747170 0.677742
v -0.000000 0.757125 0.656470
v -0.000000 0.753126 0.665534
v -0.000000 0.747170 0.696301
v -0.000000 0.758258 0.725974
v -0.000000 0.757125 0.717574
v -0.000000 0.753126 0.708509
v -0.000000 0.748716 0.750695
v -0.000000 0.757125 0.734375
v -0.000000 0.753153 0.743378
v -0.000000 0.745549 0.609116
v -0.000000 0.758258 0.570163
v -0.000000 0.747170 0.599836
v -0.000000 0.757125 0.578564
v -0.000000 0.753126 0.587628
v -0.000000 0.747170 0.618396
v -0.000000 0.757125 0.639668
v -0.000000 0.753126 0.630604
v -0.000000 0.745549 0.531211
v -0.000000 0.758258 0.492258
v -0.000000 0.747170 0.521931
v -0.000000 0.757125 0.500659
v -0.000000 0.753126 0.509723
v -0.000000 0.747170 0.540491
v -0.000000 0.757125 0.561763
v -0.000000 0.753126 0.552698
v -0.000000 0.745549 0.453305
v -0.000000 0.758258 0.414352
v -0.000000 0.747170 0.444025
v -0.000000 0.757125 0.422753
v -0.000000 0.753126 0.431817
v -0.000000 0.747170 0.462585
v -0.000000 0.757125 0.483857
v -0.000000 0.753126 0.474793
v -0.000000 0.745549 0.375400
v -0.000000 0.758258 0.336447
v -0.000000 0.747170 0.366120
v -0.000000 0.757125 0.344848
v -0.000000 0.753126 0.353912
v -0.000000 0.747170 0.384680
v -0.000000 0.757125 0.405952
v -0.000000 0.753126 0.396888
v -0.000000 0.745549 0.297494
v -0.000000 0.747170 0.288214
v -0.000000 0.757125 0.266942
v -0.000000 0.753126 0.276007
v -0.000000 0.747170 0.306774
v -0.000000 0.757125 0.328046
v -0.000000 0.753126 0.318982
v -0.000000 0.745549 0.219589
v -0.000000 0.758258 0.180636
v -0.000000 0.747170 0.210309
v -0.000000 0.757125 0.189037
v -0.000000 0.753126 0.198101
v -0.000000 0.747170 0.228869
v -0.000000 0.758258 0.258542
v -0.000000 0.757125 0.250141
v -0.000000 0.753126 0.241077
v -0.000000 0.745549 0.141683
v -0.000000 0.758258 0.102731
v -0.000000 0.747170 0.132403
v -0.000000 0.757125 0.111131
v -0.000000 0.753126 0.120196
v -0.000000 0.747170 0.150963
v -0.000000 0.757125 0.172235
v -0.000000 0.753126 0.163171
v -0.000000 0.745549 0.063778
v -0.000000 0.758258 0.024825
v -0.000000 0.747170 0.054498
v -0.000000 0.757125 0.033226
v -0.000000 0.753126 0.042290
v -0.000000 0.747170 0.073058
v -0.000000 0.757125 0.094330
v -0.000000 0.753126 0.085266
v -0.000000 0.745549 -0.014128
v -0.000000 0.747170 -0.023407
v -0.000000 0.757125 -0.044680
v -0.000000 0.753126 -0.035615
v -0.000000 0.747170 -0.004848
v -0.000000 0.757125 0.016424
v -0.000000 0.753126 0.007360
v -0.000000 0.745549 -0.092033
v -0.000000 0.758258 -0.130986
v -0.000000 0.747170 -0.101313
v -0.000000 0.757125 -0.122585
v -0.000000 0.753126 -0.113521
v -0.000000 0.747170 -0.082753
v -0.000000 0.758258 -0.053080
v -0.000000 0.757125 -0.061481
v -0.000000 0.753126 -0.070545
v -0.000000 0.745549 -0.169939
v -0.000000 0.758258 -0.208891
v -0.000000 0.747170 -0.179218
v -0.000000 0.757125 -0.200491
v -0.000000 0.753126 -0.191426
v -0.000000 0.747170 -0.160659
v -0.000000 0.757125 -0.139386
v -0.000000 0.753126 -0.148451
v -0.000000 0.745549 -0.247844
v -0.000000 0.758258 -0.286797
v -0.000000 0.747170 -0.257124
v -0.000000 0.757125 -0.278396
v -0.000000 0.753126 -0.269332
v -0.000000 0.747170 -0.238564
v -0.000000 0.757125 -0.217292
v -0.000000 0.753126 -0.226356
v -0.000000 0.745594 -0.325491
v -0.000000 0.747170 -0.316470
v -0.000000 0.757125 -0.295197
v -0.000000 0.753126 -0.304262
v -0.073077 0.741958 0.687022
v -0.074322 0.754606 0.648069
v -0.073236 0.743573 0.677742
v -0.074211 0.753479 0.656470
v -0.073819 0.749500 0.665534
v -0.073236 0.743573 0.696301
v -0.074322 0.754606 0.725974
v -0.074211 0.753479 0.717574
v -0.073819 0.749500 0.708509
v -0.073387 0.745111 0.750695
v -0.074211 0.753479 0.734375
v -0.073822 0.749527 0.743378
v -0.073077 0.741958 0.609116
v -0.074322 0.754606 0.570163
v -0.073236 0.743572 0.599836
v -0.074211 0.753479 0.578564
v -0.073819 0.749500 0.587628
v -0.073236 0.743572 0.618396
v -0.074211 0.753479 0.639668
v -0.073819 0.749500 0.630604
v -0.073077 0.741959 0.531211
v -0.074322 0.754606 0.492258
v -0.073236 0.743573 0.521931
v -0.074211 0.753479 0.500659
v -0.073819 0.749500 0.509723
v -0.073236 0.743573 0.540491
v -0.074211 0.753479 0.561763
v -0.073819 0.749500 0.552698
v -0.073077 0.741959 0.453305
v -0.074322 0.754606 0.414352
v -0.073236 0.743573 0.444025
v -0.074211 0.753479 0.422753
v -0.073819 0.749500 0.431817
v -0.073236 0.743573 0.462585
v -0.074211 0.753479 0.483857
v -0.073819 0.749500 0.474793
v -0.073077 0.741958 0.375400
v -0.074322 0.754606 0.336447
v -0.073236 0.743573 0.366120
v -0.074211 0.753479 0.344848
v -0.073819 0.749500 0.353912
v -0.073236 0.743573 0.384680
v -0.074211 0.753479 0.405952
v -0.073819 0.749500 0.396888
v -0.073077 0.741958 0.297494
v -0.074322 0.754606 0.258542
v -0.073236 0.743573 0.288214
v -0.074211 0.753479 0.266942
v -0.073819 0.749500 0.276007
v -0.073236 0.743573 0.306774
v -0.074211 0.753479 0.328046
v -0.073819 0.749500 0.318982
v -0.073077 0.741958 0.219589
v -0.074322 0.754606 0.180636
v -0.073236 0.743573 0.210309
v -0.074211 0.753479 0.189037
v -0.073819 0.749500 0.198101
v -0.073236 0.743573 0.228869
v -0.074211 0.753479 0.250141
v -0.073819 0.749500 0.241077
v -0.073077 0.741958 0.141683
v -0.074322 0.754606 0.102731
v -0.073236 0.743572 0.132403
v -0.074211 0.753479 0.111131
v -0.073819 0.749500 0.120196
v -0.073236 0.743573 0.150963
v -0.074211 0.753479 0.172235
v -0.073819 0.749500 0.163171
v -0.073077 0.741958 0.063778
v -0.074322 0.754606 0.024825
v -0.073236 0.743572 0.054498
v -0.074211 0.753479 0.033226
v -0.073819 0.749500 0.042290
v -0.073236 0.743572 0.073058
v -0.074211 0.753479 0.094330
v -0.073819 0.749500 0.085266
v -0.073077 0.741958 -0.014128
v -0.074322 0.754606 -0.053080
v -0.073236 0.743572 -0.023407
v -0.074211 0.753479 -0.044680
v -0.073819 0.749500 -0.035615
v -0.073236 0.743572 -0.004848
v -0.074211 0.753479 0.016424
v -0.073819 0.749500 0.007360
v -0.073077 0.741958 -0.092033
v -0.074322 0.754606 -0.130986
v -0.073236 0.743572 -0.101313
v -0.074211 0.753479 -0.122585
v -0.073819 0.749500 -0.113521
v -0.073236 0.743572 -0.082753
v -0.074211 0.753479 -0.061481
v -0.073819 0.749500 -0.070545
v -0.073077 0.741958 -0.169939
v -0.074322 0.754606 -0.208891
v -0.073236 0.743572 -0.179218
v -0.074211 0.753479 -0.200491
v -0.073819 0.749500 -0.191426
v -0.073236 0.743572 -0.160659
v -0.074211 0.753479 -0.139386
v -0.073819 0.749500 -0.148451
v -0.073077 0.741958 -0.247844
v -0.074322 0.754606 -0.286797
v -0.073236 0.743572 -0.257124
v -0.074211 0.753479 -0.278396
v -0.073819 0.749500 -0.269332
v -0.073236 0.743572 -0.238564
v -0.074211 0.753479 -0.217292
v -0.073819 0.749500 -0.226356
v -0.073081 0.742003 -0.325491
v -0.073236 0.743572 -0.316470
v -0.074211 0.753479 -0.295197
v -0.073819 0.749500 -0.304262
v -0.145449 0.731223 0.687022
v -0.147929 0.743688 0.648069
v -0.145766 0.732814 0.677742
v -0.147708 0.742577 0.656470
v -0.146928 0.738655 0.665534
v -0.145766 0.732814 0.696301
v -0.147929 0.743688 0.725974
v -0.147708 0.742577 0.717574
v -0.146928 0.738655 0.708509
v -0.146067 0.734330 0.750695
v -0.147708 0.742577 0.734375
v -0.146933 0.738682 0.743378
v -0.145449 0.731223 0.609116
v -0.147929 0.743688 0.570163
v -0.145766 0.732814 0.599836
v -0.147708 0.742577 0.578564
v -0.146928 0.738655 0.587628
v -0.145766 0.732814 0.618396
v -0.147708 0.742577 0.639668
v -0.146928 0.738655 0.630604
v -0.145449 0.731223 0.531211
v -0.147929 0.743688 0.492258
v -0.145766 0.732814 0.521931
v -0.147708 0.742577 0.500659
v -0.146928 0.738655 0.509723
v -0.145766 0.732814 0.540491
v -0.147708 0.742577 0.561763
v -0.146928 0.738655 0.552698
v -0.145449 0.731223 0.453305
v -0.147929 0.743688 0.414352
v -0.145766 0.732814 0.444025
v -0.147708 0.742577 0.422753
v -0.146928 0.738655 0.431817
v -0.145766 0.732814 0.462585
v -0.147708 0.742577 0.483857
v -0.146928 0.738655 0.474793
v -0.145449 0.731223 0.375400
v -0.147929 0.743688 0.336447
v -0.145766 0.732814 0.366120
v -0.147708 0.742577 0.344848
v -0.146928 0.738655 0.353912
v -0.145766 0.732814 0.384680
v -0.147708 0.742577 0.405952
v -0.146928 0.738655 0.396888
v -0.145449 0.731223 0.297494
v -0.147929 0.743688 0.258542
v -0.145766 0.732814 0.288214
v -0.147708 0.742577 0.266942
v -0.146928 0.738655 0.276007
v -0.145766 0.732814 0.306774
v -0.147708 0.742577 0.328046
v -0.146928 0.738655 0.318982
v -0.145449 0.731223 0.219589
v -0.147929 0.743688 0.180636
v -0.145766 0.732814 0.210309
v -0.147708 0.742577 0.189037
v -0.146928 0.738655 0.198101
v -0.145766 0.732814 0.228869
v -0.147708 0.742577 0.250141
v -0.146928 0.738655 0.241077
v -0.145449 0.731223 0.141683
v -0.147929 0.743688 0.102731
v -0.145766 0.732814 0.132403
v -0.147708 0.742577 0.111131
v -0.146928 0.738655 0.120196
v -0.145766 0.732814 0.150963
v -0.147708 0.742577 0.172235
v -0.146928 0.738655 0.163171
v -0.145449 0.731223 0.063778
v -0.147929 0.743688 0.024825
v -0.145766 0.732814 0.054498
v -0.147708 0.742577 0.033226
v -0.146928 0.738655 0.042290
v -0.145766 0.732814 0.073058
v -0.147708 0.742577 0.094330
v -0.146928 0.738655 0.085266
v -0.145449 0.731223 -0.014128
v -0.145766 0.732814 -0.023407
v -0.147708 0.742577 -0.044680
v -0.146928 0.738655 -0.035615
v -0.145766 0.732814 -0.004848
v -0.147708 0.742577 0.016424
v -0.146928 0.738655 0.007360
v -0.145449 0.731223 -0.092033
v -0.147929 0.743688 -0.130986
v -0.145766 0.732814 -0.101313
v -0.147708 0.742577 -0.122585
v -0.146928 0.738655 -0.113521
v -0.145766 0.732814 -0.082753
v -0.147929 0.743688 -0.053080
v -0.147708 0.742577 -0.061481
v -0.146928 0.738655 -0.070545
v -0.145449 0.731223 -0.169939
v -0.147929 0.743688 -0.208891
v -0.145766 0.732814 -0.179218
v -0.147708 0.742577 -0.200491
v -0.146928 0.738655 -0.191426
v -0.145766 0.732814 -0.160659
v -0.147708 0.742577 -0.139386
v -0.146928 0.738655 -0.148451
v -0.145449 0.731223 -0.247844
v -0.147929 0.743688 -0.286797
v -0.145766 0.732814 -0.257124
v -0.147708 0.742577 -0.278396
v -0.146928 0.738655 -0.269332
v -0.145766 0.732814 -0.238564
v -0.147708 0.742577 -0.217292
v -0.146928 0.738655 -0.226356
v -0.145458 0.731267 -0.325491
v -0.145766 0.732814 -0.316470
v -0.147708 0.742577 -0.295197
v -0.146928 0.738655 -0.304262
v -0.216421 0.713445 0.687022
v -0.220111 0.725607 0.648069
v -0.216892 0.714997 0.677742
v -0.219782 0.724523 0.656470
v -0.218621 0.720697 0.665534
v -0.216892 0.714997 0.696301
v -0.220111 0.725607 0.725974
v -0.219782 0.724523 0.717574
v -0.218621 0.720697 0.708509
v -0.217341 0.716477 0.750695
v -0.219782 0.724523 0.734375
v -0.218629 0.720723 0.743378
v -0.216421 0.713445 0.609116
v -0.220111 0.725607 0.570163
v -0.216892 0.714997 0.599836
v -0.219782 0.724523 0.578564
v -0.218621 0.720697 0.587628
v -0.216892 0.714997 0.618396
v -0.219782 0.724523 0.639668
v -0.218621 0.720697 0.630604
v -0.216421 0.713445 0.531211
v -0.220111 0.725607 0.492258
v -0.216892 0.714997 0.521931
v -0.219782 0.724523 0.500659
v -0.218621 0.720697 0.509723
v -0.216892 0.714997 0.540491
v -0.219782 0.724523 0.561763
v -0.218621 0.720697 0.552698
v -0.216421 0.713445 0.453305
v -0.220111 0.725607 0.414352
v -0.216892 0.714997 0.444025
v -0.219782 0.724523 0.422753
v -0.218621 0.720697 0.431817
v -0.216892 0.714997 0.462585
v -0.219782 0.724523 0.483857
v -0.218621 0.720697 0.474793
v -0.216421 0.713445 0.375400
v -0.220111 0.725607 0.336447
v -0.216892 0.714997 0.366120
v -0.219782 0.724523 0.344848
v -0.218621 0.720697 0.353912
v -0.216892 0.714997 0.384680
v -0.219782 0.724523 0.405952
v -0.218621 0.720697 0.396888
v -0.216421 0.713445 0.297494
v -0.220111 0.725607 0.258542
v -0.216892 0.714997 0.288214
v -0.219782 0.724523 0.266942
v -0.218621 0.720697 0.276007
v -0.216892 0.714997 0.306774
v -0.219782 0.724523 0.328046
v -0.218621 0.720697 0.318982
v -0.216421 0.713445 0.219589
v -0.220111 0.725607 0.180636
v -0.216892 0.714997 0.210309
v -0.219782 0.724523 0.189037
v -0.218621 0.720697 0.198101
v -0.216892 0.714997 0.228869
v -0.219782 0.724523 0.250141
v -0.218621 0.720697 0.241077
v -0.216421 0.713445 0.141683
v -0.220111 0.725607 0.102731
v -0.216892 0.714997 0.132403
v -0.219782 0.724523 0.111131
v -0.218621 0.720697 0.120196
v -0.216892 0.714997 0.150963
v -0.219782 0.724523 0.172235
v -0.218621 0.720697 0.163171
v -0.216421 0.713445 0.063778
v -0.220111 0.725607 0.024825
v -0.216892 0.714997 0.054498
v -0.219782 0.724523 0.033226
v -0.218621 0.720697 0.042290
v -0.216892 0.714997 0.073058
v -0.219782 0.724523 0.094330
v -0.218621 0.720697 0.085266
v -0.216421 0.713445 -0.014128
v -0.216892 0.714997 -0.023407
v -0.219782 0.724523 -0.044680
v -0.218621 0.720697 -0.035615
v -0.216892 0.714997 -0.004848
v -0.219782 0.724523 0.016424
v -0.218621 0.720697 0.007360
v -0.216421 0.713445 -0.092033
v -0.220111 0.725607 -0.130986
v -0.216892 0.714997 -0.101313
v -0.219782 0.724523 -0.122585
v -0.218621 0.720697 -0.113521
v -0.216892 0.714997 -0.082753
v -0.220111 0.725607 -0.053080
v -0.219782 0.724523 -0.061481
v -0.218621 0.720697 -0.070545
v -0.216421 0.713445 -0.169939
v -0.220111 0.725607 -0.208891
v -0.216892 0.714997 -0.179218
v -0.219782 0.724523 -0.200491
v -0.218621 0.720697 -0.191426
v -0.216892 0.714997 -0.160659
v -0.219782 0.724523 -0.139386
v -0.218621 0.720697 -0.148451
v -0.216421 0.713445 -0.247844
v -0.220111 0.725607 -0.286797
v -0.216892 0.714997 -0.257124
v -0.219782 0.724523 -0.278396
v -0.218621 0.720697 -0.269332
v -0.216892 0.714997 -0.238564
v -0.219782 0.724523 -0.217292
v -0.218621 0.720697 -0.226356
v -0.216435 0.713489 -0.325491
v -0.216892 0.714997 -0.316470
v -0.219782 0.724523 -0.295197
v -0.218621 0.720697 -0.304262
v -0.285309 0.688797 0.687022
v -0.290173 0.700539 0.648069
v -0.285930 0.690295 0.677742
v -0.289739 0.699492 0.656470
v -0.288209 0.695798 0.665534
v -0.285930 0.690295 0.696301
v -0.290173 0.700539 0.725974
v -0.289739 0.699492 0.717574
v -0.288209 0.695798 0.708509
v -0.286522 0.691724 0.750695
v -0.289739 0.699492 0.734375
v -0.288220 0.695823 0.743378
v -0.285309 0.688797 0.609116
v -0.290173 0.700539 0.570163
v -0.285930 0.690295 0.599836
v -0.289739 0.699492 0.578564
v -0.288209 0.695798 0.587628
v -0.285930 0.690295 0.618396
v -0.289739 0.699492 0.639668
v -0.288209 0.695798 0.630604
v -0.285309 0.688797 0.531211
v -0.290173 0.700539 0.492258
v -0.285930 0.690295 0.521931
v -0.289739 0.699492 0.500659
v -0.288209 0.695798 0.509723
v -0.285930 0.690295 0.540491
v -0.289739 0.699492 0.561763
v -0.288209 0.695798 0.552698
v -0.285309 0.688797 0.453305
v -0.290173 0.700539 0.414352
v -0.285930 0.690295 0.444025
v -0.289739 0.699492 0.422753
v -0.288209 0.695798 0.431817
v -0.285930 0.690295 0.462585
v -0.289739 0.699492 0.483857
v -0.288209 0.695798 0.474793
v -0.285309 0.688797 0.375400
v -0.290173 0.700539 0.336447
v -0.285930 0.690295 0.366120
v -0.289739 0.699492 0.344848
v -0.288209 0.695798 0.353912
v -0.285930 0.690295 0.384680
v -0.289739 0.699492 0.405952
v -0.288209 0.695798 0.396888
v -0.285309 0.688797 0.297494
v -0.285930 0.690295 0.288214
v -0.289739 0.699492 0.266942
v -0.288209 0.695798 0.276007
v -0.285930 0.690295 0.306774
v -0.289739 0.699492 0.328046
v -0.288209 0.695798 0.318982
v -0.285309 0.688797 0.219589
v -0.290173 0.700539 0.180636
v -0.285930 0.690295 0.210309
v -0.289739 0.699492 0.189037
v -0.288209 0.695798 0.198101
v -0.285930 0.690295 0.228869
v -0.290173 0.700539 0.258542
v -0.289739 0.699492 0.250141
v -0.288209 0.695798 0.241077
v -0.285309 0.688797 0.141683
v -0.290173 0.700539 0.102731
v -0.285930 0.690295 0.132403
v -0.289739 0.699492 0.111131
v -0.288209 0.695798 0.120196
v -0.285930 0.690295 0.150963
v -0.289739 0.699492 0.172235
v -0.288209 0.695798 0.163171
v -0.285309 0.688797 0.063778
v -0.290173 0.700539 0.024825
v -0.285930 0.690295 0.054498
v -0.289739 0.699492 0.033226
v -0.288209 0.695798 0.042290
v -0.285930 0.690295 0.073058
v -0.289739 0.699492 0.094330
v -0.288209 0.695798 0.085266
v -0.285309 0.688797 -0.014128
v -0.285930 0.690295 -0.023407
v -0.289739 0.699492 -0.044680
v -0.288209 0.695798 -0.035615
v -0.285930 0.690295 -0.004848
v -0.289739 0.699492 0.016424
v -0.288209 0.695798 0.007360
v -0.285309 0.688797 -0.092033
v -0.290173 0.700539 -0.130986
v -0.285930 0.690295 -0.101313
v -0.289739 0.699492 -0.122585
v -0.288209 0.695798 -0.113521
v -0.285930 0.690295 -0.082753
v -0.290173 0.700539 -0.053080
v -0.289739 0.699492 -0.061481
v -0.288209 0.695798 -0.070545
v -0.285309 0.688797 -0.169939
v -0.290173 0.700539 -0.208891
v -0.285930 0.690295 -0.179218
v -0.289739 0.699492 -0.200491
v -0.288209 0.695798 -0.191426
v -0.285930 0.690295 -0.160659
v -0.289739 0.699492 -0.139386
v -0.288209 0.695798 -0.148451
v -0.285309 0.688797 -0.247844
v -0.290173 0.700539 -0.286797
v -0.285930 0.690295 -0.257124
v -0.289739 0.699492 -0.278396
v -0.288209 0.695798 -0.269332
v -0.285930 0.690295 -0.238564
v -0.289739 0.699492 -0.217292
v -0.288209 0.695798 -0.226356
v -0.285326 0.688839 -0.325491
v -0.285930 0.690295 -0.316470
v -0.289739 0.699492 -0.295197
v -0.288209 0.695798 -0.304262
v -0.351449 0.657515 0.687022
v -0.357440 0.668723 0.648069
v -0.352214 0.658945 0.677742
v -0.356907 0.667725 0.656470
v -0.355021 0.664198 0.665534
v -0.352214 0.658945 0.696301
v -0.357440 0.668723 0.725974
v -0.356907 0.667725 0.717574
v -0.355021 0.664198 0.708509
v -0.352943 0.660309 0.750695
v -0.356907 0.667725 0.734375
v -0.355034 0.664222 0.743378
v -0.351449 0.657515 0.609116
v -0.357440 0.668723 0.570163
v -0.352214 0.658945 0.599836
v -0.356907 0.667725 0.578564
v -0.355021 0.664198 0.587628
v -0.352214 0.658945 0.618396
v -0.356907 0.667725 0.639668
v -0.355021 0.664198 0.630604
v -0.351449 0.657515 0.531211
v -0.357440 0.668723 0.492258
v -0.352214 0.658945 0.521931
v -0.356907 0.667725 0.500659
v -0.355021 0.664198 0.509723
v -0.352214 0.658945 0.540491
v -0.356907 0.667725 0.561763
v -0.355021 0.664198 0.552698
v -0.351449 0.657515 0.453305
v -0.357440 0.668723 0.414352
v -0.352214 0.658945 0.444025
v -0.356907 0.667725 0.422753
v -0.355021 0.664198 0.431817
v -0.352214 0.658945 0.462585
v -0.356907 0.667725 0.483857
v -0.355021 0.664198 0.474793
v -0.351449 0.657515 0.375400
v -0.357440 0.668723 0.336447
v -0.352214 0.658945 0.366120
v -0.356907 0.667725 0.344848
v -0.355021 0.664198 0.353912
v -0.352214 0.658945 0.384680
v -0.356907 0.667725 0.405952
v -0.355021 0.664198 0.396888
v -0.351449 0.657515 0.297494
v -0.357440 0.668723 0.258542
v -0.352214 0.658945 0.288214
v -0.356907 0.667725 0.266942
v -0.355021 0.664198 0.276007
v -0.352214 0.658945 0.306774
v -0.356907 0.667725 0.328046
v -0.355021 0.664198 0.318982
v -0.351449 0.657515 0.219589
v -0.357440 0.668723 0.180636
v -0.352214 0.658945 0.210309
v -0.356907 0.667725 0.189037
v -0.355021 0.664198 0.198101
v -0.352214 0.658945 0.228869
v -0.356907 0.667725 0.250141
v -0.355021 0.664198 0.241077
v -0.351449 0.657515 0.141683
v -0.357440 0.668723 0.102731
v -0.352214 0.658945 0.132403
v -0.356907 0.667725 0.111131
v -0.355021 0.664198 0.120196
v -0.352214 0.658945 0.150963
v -0.356907 0.667725 0.172235
v -0.355021 0.664198 0.163171
v -0.351449 0.657515 0.063778
v -0.357440 0.668723 0.024825
v -0.352214 0.658945 0.054498
v -0.356906 0.667725 0.033226
v -0.355021 0.664198 0.042290
v -0.352214 0.658945 0.073058
v -0.356907 0.667725 0.094330
v -0.355021 0.664198 0.085266
v -0.351449 0.657515 -0.014128
v -0.352214 0.658945 -0.023407
v -0.356906 0.667725 -0.044680
v -0.355021 0.664198 -0.035615
v -0.352214 0.658945 -0.004848
v -0.356906 0.667725 0.016424
v -0.355021 0.664198 0.007360
v -0.351449 0.657515 -0.092033
v -0.357440 0.668723 -0.130986
v -0.352214 0.658945 -0.101313
v -0.356906 0.667725 -0.122585
v -0.355021 0.664198 -0.113521
v -0.352214 0.658945 -0.082753
v -0.357440 0.668723 -0.053080
v -0.356906 0.667725 -0.061481
v -0.355021 0.664198 -0.070545
v -0.351449 0.657515 -0.169939
v -0.357440 0.668723 -0.208891
v -0.352214 0.658945 -0.179218
v -0.356906 0.667725 -0.200491
v -0.355021 0.664198 -0.191426
v -0.352214 0.658945 -0.160659
v -0.356906 0.667725 -0.139386
v -0.355021 0.664198 -0.148451
v -0.351449 0.657515 -0.247844
v -0.357440 0.668723 -0.286797
v -0.352214 0.658945 -0.257124
v -0.356906 0.667725 -0.278396
v -0.355021 0.664198 -0.269332
v -0.352214 0.658945 -0.238564
v -0.356906 0.667725 -0.217292
v -0.355021 0.664198 -0.226356
v -0.351471 0.657555 -0.325491
v -0.352214 0.658945 -0.316470
v -0.356906 0.667725 -0.295197
v -0.355021 0.664198 -0.304262
v -0.414205 0.619901 0.687022
v -0.421266 0.630468 0.648069
v -0.415106 0.621249 0.677742
v -0.420636 0.629526 0.656470
v -0.418415 0.626201 0.665534
v -0.415106 0.621249 0.696301
v -0.421266 0.630468 0.725974
v -0.420636 0.629526 0.717574
v -0.418415 0.626201 0.708509
v -0.415965 0.622535 0.750695
v -0.420636 0.629526 0.734375
v -0.418430 0.626224 0.743378
v -0.414205 0.619901 0.609116
v -0.421266 0.630468 0.570163
v -0.415106 0.621249 0.599836
v -0.420636 0.629526 0.578564
v -0.418415 0.626201 0.587628
v -0.415106 0.621249 0.618396
v -0.420636 0.629526 0.639668
v -0.418415 0.626201 0.630604
v -0.414205 0.619901 0.531211
v -0.421266 0.630468 0.492258
v -0.415106 0.621249 0.521931
v -0.420636 0.629526 0.500659
v -0.418415 0.626201 0.509723
v -0.415106 0.621249 0.540491
v -0.420636 0.629526 0.561763
v -0.418415 0.626202 0.552698
v -0.414205 0.619901 0.453305
v -0.421266 0.630468 0.414352
v -0.415106 0.621249 0.444025
v -0.420636 0.629526 0.422753
v -0.418415 0.626201 0.431817
v -0.415106 0.621249 0.462585
v -0.420636 0.629526 0.483857
v -0.418415 0.626201 0.474793
v -0.414205 0.619901 0.375400
v -0.421266 0.630468 0.336447
v -0.415106 0.621249 0.366120
v -0.420636 0.629526 0.344848
v -0.418415 0.626201 0.353912
v -0.415106 0.621249 0.384680
v -0.420636 0.629526 0.405952
v -0.418415 0.626201 0.396888
v -0.414205 0.619901 0.297494
v -0.421266 0.630468 0.258542
v -0.415106 0.621249 0.288214
v -0.420636 0.629526 0.266942
v -0.418415 0.626201 0.276007
v -0.415106 0.621249 0.306774
v -0.420636 0.629526 0.328046
v -0.418415 0.626201 0.318982
v -0.414205 0.619901 0.219589
v -0.421266 0.630468 0.180636
v -0.415106 0.621249 0.210309
v -0.420636 0.629526 0.189037
v -0.418415 0.626201 0.198101
v -0.415106 0.621249 0.228869
v -0.420636 0.629526 0.250141
v -0.418415 0.626201 0.241077
v -0.414205 0.619901 0.141683
v -0.421266 0.630468 0.102731
v -0.415106 0.621249 0.132403
v -0.420636 0.629526 0.111131
v -0.418415 0.626201 0.120196
v -0.415106 0.621249 0.150963
v -0.420636 0.629526 0.172235
v -0.418415 0.626201 0.163171
v -0.414205 0.619901 0.063778
v -0.421266 0.630468 0.024825
v -0.415106 0.621249 0.054498
v -0.420636 0.629526 0.033226
v -0.418415 0.626201 0.042290
v -0.415106 0.621249 0.073058
v -0.420636 0.629526 0.094330
v -0.418415 0.626201 0.085266
v -0.414205 0.619901 -0.014128
v -0.421266 0.630468 -0.053080
v -0.415106 0.621249 -0.023407
v -0.420636 0.629526 -0.044680
v -0.418415 0.626201 -0.035615
v -0.415106 0.621249 -0.004848
v -0.420636 0.629526 0.016424
v -0.418415 0.626201 0.007360
v -0.414205 0.619901 -0.092033
v -0.421266 0.630468 -0.130986
v -0.415106 0.621249 -0.101313
v -0.420636 0.629526 -0.122585
v -0.418415 0.626201 -0.113521
v -0.415106 0.621249 -0.082753
v -0.420636 0.629526 -0.061481
v -0.418415 0.626201 -0.070545
v -0.414205 0.619901 -0.169939
v -0.421266 0.630468 -0.208891
v -0.415106 0.621249 -0.179218
v -0.420636 0.629526 -0.200491
v -0.418415 0.626201 -0.191426
v -0.415106 0.621249 -0.160659
v -0.420636 0.629526 -0.139386
v -0.418415 0.626201 -0.148451
v -0.414205 0.619901 -0.247844
v -0.421266 0.630468 -0.286797
v -0.415106 0.621249 -0.257124
v -0.420636 0.629526 -0.278396
v -0.418415 0.626201 -0.269332
v -0.415106 0.621249 -0.238564
v -0.420636 0.629526 -0.217292
v -0.418415 0.626201 -0.226356
v -0.414230 0.619938 -0.325491
v -0.415106 0.621249 -0.316470
v -0.420636 0.629526 -0.295197
v -0.418415 0.626201 -0.304262
v -0.472971 0.576317 0.687022
v -0.481034 0.586141 0.648069
v -0.474000 0.577570 0.677742
v -0.480315 0.585266 0.656470
v -0.477778 0.582174 0.665534
v -0.474000 0.577570 0.696301
v -0.481034 0.586141 0.725974
v -0.480315 0.585266 0.717574
v -0.477778 0.582174 0.708509
v -0.474981 0.578765 0.750695
v -0.480315 0.585266 0.734375
v -0.477796 0.582195 0.743378
v -0.472971 0.576317 0.609116
v -0.481034 0.586141 0.570163
v -0.474000 0.577570 0.599836
v -0.480315 0.585266 0.578564
v -0.477778 0.582174 0.587628
v -0.474000 0.577570 0.618396
v -0.480315 0.585266 0.639668
v -0.477778 0.582174 0.630604
v -0.472971 0.576317 0.531211
v -0.481034 0.586141 0.492258
v -0.474000 0.577570 0.521931
v -0.480315 0.585266 0.500659
v -0.477778 0.582174 0.509723
v -0.474000 0.577570 0.540491
v -0.480315 0.585266 0.561763
v -0.477778 0.582174 0.552698
v -0.472971 0.576317 0.453305
v -0.481034 0.586141 0.414352
v -0.474000 0.577570 0.444025
v -0.480315 0.585266 0.422753
v -0.477778 0.582174 0.431817
v -0.474000 0.577570 0.462585
v -0.480315 0.585266 0.483857
v -0.477778 0.582174 0.474793
v -0.472971 0.576317 0.375400
v -0.481034 0.586141 0.336447
v -0.474000 0.577570 0.366120
v -0.480315 0.585266 0.344848
v -0.477778 0.582174 0.353912
v -0.474000 0.577570 0.384680
v -0.480315 0.585266 0.405952
v -0.477778 0.582174 0.396888
v -0.472971 0.576317 0.297494
v -0.481034 0.586141 0.258542
v -0.474000 0.577570 0.288214
v -0.480315 0.585266 0.266942
v -0.477778 0.582174 0.276007
v -0.474000 0.577570 0.306774
v -0.480315 0.585266 0.328046
v -0.477778 0.582174 0.318982
v -0.472971 0.576317 0.219589
v -0.481034 0.586141 0.180636
v -0.474000 0.577570 0.210309
v -0.480315 0.585266 0.189037
v -0.477778 0.582174 0.198101
v -0.474000 0.577570 0.228869
v -0.480315 0.585266 0.250141
v -0.477778 0.582174 0.241077
v -0.472971 0.576317 0.141683
v -0.481034 0.586141 0.102731
v -0.474000 0.577570 0.132403
v -0.480315 0.585266 0.111131
v -0.477778 0.582174 0.120196
v -0.474000 0.577570 0.150963
v -0.480315 0.585266 0.172235
v -0.477778 0.582174 0.163171
v -0.472971 0.576317 0.063778
v -0.481034 0.586141 0.024825
v -0.474000 0.577570 0.054498
v -0.480315 0.585266 0.033226
v -0.477778 0.582174 0.042290
v -0.474000 0.577570 0.073058
v -0.480315 0.585266 0.094330
v -0.477778 0.582174 0.085266
v -0.472971 0.576317 -0.014128
v -0.481034 0.586141 -0.053080
v -0.474000 0.577570 -0.023407
v -0.480315 0.585266 -0.044680
v -0.477778 0.582174 -0.035615
v -0.474000 0.577570 -0.004848
v -0.480315 0.585266 0.016424
v -0.477778 0.582174 0.007360
v -0.472971 0.576317 -0.092033
v -0.481034 0.586141 -0.130986
v -0.474000 0.577570 -0.101313
v -0.480315 0.585266 -0.122585
v -0.477778 0.582174 -0.113521
v -0.474000 0.577570 -0.082753
v -0.480315 0.585266 -0.061481
v -0.477778 0.582174 -0.070545
v -0.472971 0.576317 -0.169939
v -0.481034 0.586141 -0.208891
v -0.474000 0.577570 -0.179218
v -0.480315 0.585266 -0.200491
v -0.477778 0.582174 -0.191426
v -0.474000 0.577570 -0.160659
v -0.480315 0.585266 -0.139386
v -0.477778 0.582174 -0.148451
v -0.472971 0.576317 -0.247844
v -0.481034 0.586141 -0.286797
v -0.474000 0.577570 -0.257124
v -0.480315 0.585266 -0.278396
v -0.477778 0.582174 -0.269332
v -0.474000 0.577570 -0.238564
v -0.480315 0.585266 -0.217292
v -0.477778 0.582174 -0.226356
v -0.473000 0.576352 -0.325491
v -0.474000 0.577570 -0.316470
v -0.480315 0.585266 -0.295197
v -0.477778 0.582174 -0.304262
v -0.527183 0.527182 0.687022
v -0.536169 0.536169 0.648069
v -0.528329 0.528329 0.677742
v -0.535368 0.535368 0.656470
v -0.532541 0.532541 0.665534
v -0.528329 0.528329 0.696301
v -0.536169 0.536169 0.725974
v -0.535368 0.535368 0.717574
v -0.532541 0.532541 0.708509
v -0.529422 0.529422 0.750695
v -0.535368 0.535368 0.734375
v -0.532560 0.532560 0.743378
v -0.527183 0.527182 0.609116
v -0.536169 0.536169 0.570163
v -0.528329 0.528329 0.599836
v -0.535368 0.535368 0.578564
v -0.532541 0.532541 0.587628
v -0.528329 0.528329 0.618396
v -0.535368 0.535368 0.639668
v -0.532541 0.532541 0.630604
v -0.527183 0.527182 0.531211
v -0.536169 0.536169 0.492258
v -0.528329 0.528329 0.521931
v -0.535368 0.535368 0.500659
v -0.532541 0.532541 0.509723
v -0.528329 0.528329 0.540491
v -0.535368 0.535368 0.561763
v -0.532541 0.532541 0.552698
v -0.527183 0.527182 0.453305
v -0.536169 0.536169 0.414352
v -0.528329 0.528329 0.444025
v -0.535368 0.535368 0.422753
v -0.532541 0.532541 0.431817
v -0.528329 0.528329 0.462585
v -0.535368 0.535368 0.483857
v -0.532541 0.532541 0.474793
v -0.527182 0.527182 0.375400
v -0.536169 0.536169 0.336447
v -0.528329 0.528329 0.366120
v -0.535368 0.535368 0.344848
v -0.532541 0.532541 0.353912
v -0.528329 0.528329 0.384680
v -0.535368 0.535368 0.405952
v -0.532541 0.532541 0.396888
v -0.527182 0.527182 0.297494
v -0.528329 0.528329 0.288214
v -0.535368 0.535368 0.266942
v -0.532541 0.532541 0.276007
v -0.528329 0.528329 0.306774
v -0.535368 0.535368 0.328046
v -0.532541 0.532541 0.318982
v -0.527182 0.527182 0.219589
v -0.536169 0.536169 0.180636
v -0.528329 0.528329 0.210309
v -0.535368 0.535368 0.189037
v -0.532541 0.532541 0.198101
v -0.528329 0.528329 0.228869
v -0.536169 0.536169 0.258542
v -0.535368 0.535368 0.250141
v -0.532541 0.532541 0.241077
v -0.527182 0.527182 0.141683
v -0.536169 0.536169 0.102731
v -0.528329 0.528329 0.132403
v -0.535368 0.535368 0.111131
v -0.532541 0.532541 0.120196
v -0.528329 0.528329 0.150963
v -0.535368 0.535368 0.172235
v -0.532541 0.532541 0.163171
v -0.527182 0.527182 0.063778
v -0.536169 0.536169 0.024825
v -0.528329 0.528329 0.054498
v -0.535368 0.535368 0.033226
v -0.532541 0.532541 0.042290
v -0.528329 0.528329 0.073058
v -0.535368 0.535368 0.094330
v -0.532541 0.532541 0.085266
v -0.527182 0.527182 -0.014128
v -0.536169 0.536169 -0.053080
v -0.528329 0.528329 -0.023407
v -0.535368 0.535368 -0.044680
v -0.532541 0.532541 -0.035615
v -0.528329 0.528329 -0.004848
v -0.535368 0.535368 0.016424
v -0.532541 0.532541 0.007360
v -0.527182 0.527182 -0.092033
v -0.536169 0.536169 -0.130986
v -0.528329 0.528329 -0.101313
v -0.535368 0.535368 -0.122585
v -0.532541 0.532541 -0.113521
v -0.528329 0.528329 -0.082753
v -0.535368 0.535368 -0.061481
v -0.532541 0.532541 -0.070545
v -0.527182 0.527182 -0.169939
v -0.536169 0.536169 -0.208891
v -0.528329 0.528329 -0.179218
v -0.535368 0.535368 -0.200491
v -0.532541 0.532541 -0.191426
v -0.528329 0.528329 -0.160659
v -0.535368 0.535368 -0.139386
v -0.532541 0.532541 -0.148451
v -0.527182 0.527182 -0.247844
v -0.536169 0.536169 -0.286797
v -0.528329 0.528329 -0.257124
v -0.535368 0.535368 -0.278396
v -0.532541 0.532541 -0.269332
v -0.528329 0.528329 -0.238564
v -0.535368 0.535368 -0.217292
v -0.532541 0.532541 -0.226356
v -0.527214 0.527214 -0.325491
v -0.528329 0.528329 -0.316470
v -0.535368 0.535368 -0.295197
v -0.532541 0.532541 -0.304262
v -0.576317 0.472971 0.687022
v -0.586141 0.481033 0.648069
v -0.577571 0.474000 0.677742
v -0.585266 0.480315 0.656470
v -0.582175 0.477778 0.665534
v -0.577571 0.474000 0.696301
v -0.586141 0.481033 0.725974
v -0.585266 0.480315 0.717574
v -0.582175 0.477778 0.708509
v -0.578766 0.474980 0.750695
v -0.585266 0.480315 0.734375
v -0.582196 0.477795 0.743378
v -0.576317 0.472971 0.609116
v -0.586141 0.481034 0.570163
v -0.577571 0.474000 0.599836
v -0.585266 0.480315 0.578564
v -0.582175 0.477778 0.587628
v -0.577571 0.474000 0.618396
v -0.585266 0.480315 0.639668
v -0.582175 0.477778 0.630604
v -0.576317 0.472971 0.531211
v -0.586141 0.481034 0.492258
v -0.577571 0.474000 0.521931
v -0.585266 0.480315 0.500659
v -0.582175 0.477778 0.509723
v -0.577571 0.474000 0.540491
v -0.585266 0.480315 0.561763
v -0.582175 0.477778 0.552698
v -0.576317 0.472971 0.453305
v -0.586141 0.481034 0.414352
v -0.577571 0.474000 0.444025
v -0.585266 0.480315 0.422753
v -0.582175 0.477778 0.431817
v -0.577571 0.474000 0.462585
v -0.585266 0.480315 0.483857
v -0.582175 0.477778 0.474793
v -0.576317 0.472971 0.375400
v -0.586141 0.481034 0.336447
v -0.577571 0.474000 0.366120
v -0.585266 0.480315 0.344848
v -0.582175 0.477778 0.353912
v -0.577571 0.474000 0.384680
v -0.585266 0.480315 0.405952
v -0.582175 0.477778 0.396888
v -0.576317 0.472971 0.297494
v -0.577571 0.474000 0.288214
v -0.585266 0.480315 0.266942
v -0.582175 0.477778 0.276007
v -0.577571 0.474000 0.306774
v -0.585266 0.480315 0.328046
v -0.582175 0.477778 0.318982
v -0.576317 0.472971 0.219589
v -0.586141 0.481034 0.180636
v -0.577571 0.474000 0.210309
v -0.585266 0.480315 0.189037
v -0.582175 0.477778 0.198101
v -0.577571 0.474000 0.228869
v -0.586141 0.481034 0.258542
v -0.585266 0.480315 0.250141
v -0.582175 0.477778 0.241077
v -0.576317 0.472971 0.141683
v -0.586141 0.481034 0.102731
v -0.577571 0.474000 0.132403
v -0.585266 0.480315 0.111131
v -0.582175 0.477778 0.120196
v -0.577571 0.474000 0.150963
v -0.585266 0.480315 0.172235
v -0.582175 0.477778 0.163171
v -0.576317 0.472971 0.063778
v -0.586141 0.481034 0.024825
v -0.577571 0.474000 0.054498
v -0.585266 0.480315 0.033226
v -0.582175 0.477778 0.042290
v -0.577571 0.474000 0.073058
v -0.585266 0.480315 0.094330
v -0.582175 0.477778 0.085266
v -0.576317 0.472971 -0.014128
v -0.586141 0.481034 -0.053080
v -0.577571 0.474000 -0.023407
v -0.585266 0.480315 -0.044680
v -0.582175 0.477778 -0.035615
v -0.577571 0.474000 -0.004848
v -0.585266 0.480315 0.016424
v -0.582175 0.477778 0.007360
v -0.576317 0.472971 -0.092033
v -0.586141 0.481034 -0.130986
v -0.577571 0.474000 -0.101313
v -0.585266 0.480315 -0.122585
v -0.582175 0.477778 -0.113521
v -0.577571 0.474000 -0.082753
v -0.585266 0.480315 -0.061481
v -0.582175 0.477778 -0.070545
v -0.576317 0.472971 -0.169939
v -0.586141 0.481034 -0.208891
v -0.577571 0.474000 -0.179219
v -0.585266 0.480315 -0.200491
v -0.582175 0.477778 -0.191426
v -0.577571 0.474000 -0.160659
v -0.585266 0.480315 -0.139386
v -0.582175 0.477778 -0.148451
v -0.576317 0.472971 -0.247844
v -0.586141 0.481034 -0.286797
v -0.577571 0.474000 -0.257124
v -0.585266 0.480315 -0.278396
v -0.582174 0.477778 -0.269332
v -0.577571 0.474000 -0.238564
v -0.585266 0.480315 -0.217292
v -0.582175 0.477778 -0.226356
v -0.576352 0.473000 -0.325491
v -0.577571 0.474000 -0.316470
v -0.585266 0.480315 -0.295197
v -0.582174 0.477778 -0.304262
v -0.619901 0.414204 0.687022
v -0.630468 0.421265 0.648069
v -0.621250 0.415105 0.677742
v -0.629527 0.420636 0.656470
v -0.626202 0.418414 0.665534
v -0.621250 0.415105 0.696301
v -0.630468 0.421265 0.725974
v -0.629527 0.420636 0.717574
v -0.626202 0.418414 0.708509
v -0.622535 0.415964 0.750695
v -0.629527 0.420636 0.734375
v -0.626224 0.418429 0.743378
v -0.619901 0.414204 0.609116
v -0.630468 0.421265 0.570163
v -0.621249 0.415105 0.599836
v -0.629527 0.420636 0.578564
v -0.626202 0.418414 0.587628
v -0.621249 0.415105 0.618396
v -0.629527 0.420636 0.639668
v -0.626202 0.418414 0.630604
v -0.619901 0.414204 0.531211
v -0.630468 0.421265 0.492258
v -0.621250 0.415105 0.521931
v -0.629527 0.420636 0.500659
v -0.626202 0.418414 0.509723
v -0.621250 0.415105 0.540491
v -0.629527 0.420636 0.561763
v -0.626202 0.418414 0.552698
v -0.619901 0.414204 0.453305
v -0.630468 0.421265 0.414352
v -0.621250 0.415105 0.444025
v -0.629527 0.420636 0.422753
v -0.626202 0.418414 0.431817
v -0.621250 0.415105 0.462585
v -0.629527 0.420636 0.483857
v -0.626202 0.418414 0.474793
v -0.619901 0.414204 0.375400
v -0.630468 0.421265 0.336447
v -0.621250 0.415105 0.366120
v -0.629527 0.420636 0.344848
v -0.626202 0.418414 0.353912
v -0.621250 0.415105 0.384680
v -0.629527 0.420636 0.405952
v -0.626202 0.418414 0.396888
v -0.619901 0.414204 0.297494
v -0.621250 0.415105 0.288214
v -0.629527 0.420636 0.266942
v -0.626202 0.418414 0.276007
v -0.621250 0.415105 0.306774
v -0.629527 0.420636 0.328046
v -0.626202 0.418414 0.318982
v -0.619901 0.414204 0.219589
v -0.630468 0.421265 0.180636
v -0.621250 0.415105 0.210309
v -0.629527 0.420636 0.189037
v -0.626202 0.418414 0.198101
v -0.621250 0.415105 0.228869
v -0.630468 0.421265 0.258542
v -0.629527 0.420636 0.250141
v -0.626202 0.418414 0.241077
v -0.619901 0.414204 0.141683
v -0.630468 0.421265 0.102731
v -0.621249 0.415105 0.132403
v -0.629527 0.420636 0.111131
v -0.626202 0.418414 0.120196
v -0.621250 0.415105 0.150963
v -0.629527 0.420636 0.172235
v -0.626202 0.418414 0.163171
v -0.619901 0.414204 0.063778
v -0.630468 0.421265 0.024825
v -0.621249 0.415105 0.054498
v -0.629527 0.420636 0.033226
v -0.626202 0.418414 0.042290
v -0.621249 0.415105 0.073058
v -0.629527 0.420636 0.094330
v -0.626202 0.418414 0.085266
v -0.619901 0.414204 -0.014128
v -0.630468 0.421265 -0.053080
v -0.621249 0.415105 -0.023407
v -0.629527 0.420636 -0.044680
v -0.626202 0.418414 -0.035615
v -0.621249 0.415105 -0.004848
v -0.629527 0.420636 0.016424
v -0.626202 0.418414 0.007360
v -0.619901 0.414204 -0.092033
v -0.630468 0.421265 -0.130986
v -0.621249 0.415105 -0.101313
v -0.629527 0.420636 -0.122585
v -0.626202 0.418414 -0.113521
v -0.621249 0.415105 -0.082753
v -0.629527 0.420636 -0.061481
v -0.626202 0.418414 -0.070545
v -0.619901 0.414204 -0.169939
v -0.630468 0.421265 -0.208891
v -0.621249 0.415105 -0.179219
v -0.629527 0.420636 -0.200491
v -0.626202 0.418414 -0.191426
v -0.621249 0.415105 -0.160659
v -0.629527 0.420636 -0.139386
v -0.626202 0.418414 -0.148451
v -0.619901 0.414204 -0.247844
v -0.630468 0.421265 -0.286797
v -0.621249 0.415105 -0.257124
v -0.629527 0.420636 -0.278396
v -0.626202 0.418414 -0.269332
v -0.621249 0.415105 -0.238564
v -0.629527 0.420636 -0.217292
v -0.626202 0.418414 -0.226356
v -0.619939 0.414230 -0.325491
v -0.621249 0.415105 -0.316470
v -0.629527 0.420636 -0.295197
v -0.626202 0.418414 -0.304262
v -0.657515 0.351449 0.687022
v -0.668724 0.357440 0.648069
v -0.658946 0.352213 0.677742
v -0.667725 0.356906 0.656470
v -0.664198 0.355021 0.665534
v -0.658946 0.352213 0.696301
v -0.668724 0.357440 0.725974
v -0.667725 0.356906 0.717574
v -0.664198 0.355021 0.708509
v -0.660309 0.352942 0.750695
v -0.667725 0.356906 0.734375
v -0.664222 0.355034 0.743378
v -0.657515 0.351449 0.609116
v -0.668724 0.357440 0.570163
v -0.658946 0.352213 0.599836
v -0.667725 0.356906 0.578564
v -0.664198 0.355021 0.587628
v -0.658946 0.352213 0.618396
v -0.667725 0.356906 0.639668
v -0.664198 0.355021 0.630604
v -0.657515 0.351449 0.531211
v -0.668724 0.357440 0.492258
v -0.658946 0.352213 0.521931
v -0.667725 0.356906 0.500659
v -0.664198 0.355021 0.509723
v -0.658946 0.352213 0.540491
v -0.667725 0.356906 0.561763
v -0.664198 0.355021 0.552698
v -0.657515 0.351449 0.453305
v -0.668724 0.357440 0.414352
v -0.658946 0.352213 0.444025
v -0.667725 0.356906 0.422753
v -0.664198 0.355021 0.431817
v -0.658946 0.352213 0.462585
v -0.667725 0.356906 0.483857
v -0.664198 0.355021 0.474793
v -0.657515 0.351449 0.375400
v -0.668724 0.357440 0.336447
v -0.658946 0.352214 0.366120
v -0.667725 0.356906 0.344848
v -0.664198 0.355021 0.353912
v -0.658946 0.352213 0.384680
v -0.667725 0.356906 0.405952
v -0.664198 0.355021 0.396888
v -0.657515 0.351449 0.297494
v -0.668724 0.357440 0.258542
v -0.658946 0.352214 0.288214
v -0.667725 0.356906 0.266942
v -0.664198 0.355021 0.276007
v -0.658946 0.352214 0.306774
v -0.667725 0.356906 0.328046
v -0.664198 0.355021 0.318982
v -0.657515 0.351449 0.219589
v -0.668724 0.357440 0.180636
v -0.658946 0.352214 0.210309
v -0.667725 0.356906 0.189037
v -0.664198 0.355021 0.198101
v -0.658946 0.352214 0.228869
v -0.667725 0.356906 0.250141
v -0.664198 0.355021 0.241077
v -0.657515 0.351449 0.141683
v -0.668724 0.357440 0.102731
v -0.658946 0.352213 0.132403
v -0.667725 0.356906 0.111131
v -0.664198 0.355021 0.120196
v -0.658946 0.352214 0.150963
v -0.667725 0.356906 0.172235
v -0.664198 0.355021 0.163171
v -0.657515 0.351449 0.063778
v -0.668724 0.357440 0.024825
v -0.658946 0.352213 0.054498
v -0.667725 0.356906 0.033226
v -0.664198 0.355021 0.042290
v -0.658946 0.352213 0.073058
v -0.667725 0.356906 0.094330
v -0.664198 0.355021 0.085266
v -0.657515 0.351449 -0.014128
v -0.668724 0.357440 -0.053080
v -0.658946 0.352213 -0.023407
v -0.667725 0.356906 -0.044680
v -0.664198 0.355021 -0.035615
v -0.658946 0.352213 -0.004848
v -0.667725 0.356906 0.016424
v -0.664198 0.355021 0.007360
v -0.657515 0.351449 -0.092033
v -0.668724 0.357440 -0.130986
v -0.658946 0.352213 -0.101313
v -0.667725 0.356906 -0.122585
v -0.664198 0.355021 -0.113521
v -0.658946 0.352213 -0.082753
v -0.667725 0.356906 -0.061481
v -0.664198 0.355021 -0.070545
v -0.657515 0.351449 -0.169939
v -0.668724 0.357440 -0.208891
v -0.658946 0.352214 -0.179219
v -0.667725 0.356906 -0.200491
v -0.664198 0.355021 -0.191426
v -0.658946 0.352214 -0.160659
v -0.667725 0.356906 -0.139386
v -0.664198 0.355021 -0.148451
v -0.657515 0.351449 -0.247844
v -0.668724 0.357440 -0.286797
v -0.658946 0.352214 -0.257124
v -0.667725 0.356906 -0.278396
v -0.664198 0.355021 -0.269332
v -0.658946 0.352214 -0.238564
v -0.667725 0.356906 -0.217292
v -0.664198 0.355021 -0.226356
v -0.657555 0.351470 -0.325491
v -0.658946 0.352214 -0.316470
v -0.667725 0.356906 -0.295197
v -0.664198 0.355021 -0.304262
v -0.688797 0.285309 0.687022
v -0.700539 0.290172 0.648069
v -0.690296 0.285929 0.677742
v -0.699493 0.289739 0.656470
v -0.695798 0.288209 0.665534
v -0.690296 0.285929 0.696301
v -0.700539 0.290172 0.725974
v -0.699493 0.289739 0.717574
v -0.695798 0.288209 0.708509
v -0.691724 0.286521 0.750695
v -0.699493 0.289739 0.734375
v -0.695823 0.288219 0.743378
v -0.688797 0.285309 0.609116
v -0.700539 0.290172 0.570163
v -0.690295 0.285929 0.599836
v -0.699493 0.289739 0.578564
v -0.695798 0.288209 0.587628
v -0.690295 0.285929 0.618396
v -0.699493 0.289739 0.639668
v -0.695798 0.288209 0.630604
v -0.688797 0.285309 0.531211
v -0.700539 0.290172 0.492258
v -0.690296 0.285929 0.521931
v -0.699493 0.289739 0.500659
v -0.695798 0.288209 0.509723
v -0.690296 0.285929 0.540491
v -0.699493 0.289739 0.561763
v -0.695798 0.288209 0.552698
v -0.688797 0.285309 0.453305
v -0.700539 0.290172 0.414352
v -0.690296 0.285929 0.444025
v -0.699493 0.289739 0.422753
v -0.695798 0.288209 0.431817
v -0.690296 0.285929 0.462585
v -0.699493 0.289739 0.483857
v -0.695798 0.288209 0.474793
v -0.688797 0.285309 0.375400
v -0.700539 0.290172 0.336447
v -0.690296 0.285929 0.366120
v -0.699493 0.289739 0.344848
v -0.695798 0.288209 0.353912
v -0.690296 0.285929 0.384680
v -0.699493 0.289739 0.405952
v -0.695798 0.288209 0.396888
v -0.688797 0.285309 0.297494
v -0.700539 0.290172 0.258542
v -0.690296 0.285930 0.288214
v -0.699493 0.289739 0.266942
v -0.695798 0.288209 0.276007
v -0.690296 0.285929 0.306774
v -0.699493 0.289739 0.328046
v -0.695798 0.288209 0.318982
v -0.688797 0.285309 0.219589
v -0.700539 0.290172 0.180636
v -0.690296 0.285930 0.210309
v -0.699493 0.289739 0.189037
v -0.695798 0.288209 0.198101
v -0.690296 0.285929 0.228869
v -0.699493 0.289739 0.250141
v -0.695798 0.288209 0.241077
v -0.688797 0.285309 0.141683
v -0.700539 0.290172 0.102731
v -0.690295 0.285930 0.132403
v -0.699493 0.289739 0.111131
v -0.695798 0.288209 0.120196
v -0.690296 0.285930 0.150963
v -0.699493 0.289739 0.172235
v -0.695798 0.288209 0.163171
v -0.688797 0.285309 0.063778
v -0.700539 0.290172 0.024825
v -0.690295 0.285930 0.054498
v -0.699493 0.289739 0.033226
v -0.695798 0.288209 0.042290
v -0.690295 0.285930 0.073058
v -0.699493 0.289739 0.094330
v -0.695798 0.288209 0.085266
v -0.688797 0.285309 -0.014128
v -0.690295 0.285930 -0.023407
v -0.699493 0.289739 -0.044680
v -0.695798 0.288209 -0.035615
v -0.690295 0.285930 -0.004848
v -0.699493 0.289739 0.016424
v -0.695798 0.288209 0.007360
v -0.688797 0.285309 -0.092033
v -0.700539 0.290172 -0.130986
v -0.690295 0.285930 -0.101313
v -0.699493 0.289739 -0.122585
v -0.695798 0.288209 -0.113521
v -0.690295 0.285930 -0.082753
v -0.700539 0.290172 -0.053080
v -0.699493 0.289739 -0.061481
v -0.695798 0.288209 -0.070545
v -0.688797 0.285309 -0.169939
v -0.700539 0.290172 -0.208891
v -0.690295 0.285930 -0.179219
v -0.699493 0.289739 -0.200491
v -0.695798 0.288209 -0.191426
v -0.690295 0.285930 -0.160659
v -0.699493 0.289739 -0.139386
v -0.695798 0.288209 -0.148451
v -0.688797 0.285309 -0.247844
v -0.700539 0.290172 -0.286797
v -0.690295 0.285930 -0.257124
v -0.699492 0.289739 -0.278396
v -0.695798 0.288209 -0.269332
v -0.690295 0.285930 -0.238564
v -0.699493 0.289739 -0.217292
v -0.695798 0.288209 -0.226356
v -0.688839 0.285326 -0.325491
v -0.690295 0.285930 -0.316470
v -0.699492 0.289739 -0.295197
v -0.695798 0.288209 -0.304262
v -0.713446 0.216421 0.687022
v -0.725607 0.220111 0.648069
v -0.714998 0.216892 0.677742
v -0.724524 0.219782 0.656470
v -0.720697 0.218621 0.665534
v -0.714998 0.216892 0.696301
v -0.725607 0.220111 0.725974
v -0.724524 0.219782 0.717574
v -0.720697 0.218621 0.708509
v -0.716477 0.217341 0.750695
v -0.724524 0.219782 0.734375
v -0.720723 0.218629 0.743378
v -0.713446 0.216421 0.609116
v -0.725607 0.220111 0.570163
v -0.714997 0.216892 0.599836
v -0.724524 0.219782 0.578564
v -0.720697 0.218621 0.587628
v -0.714997 0.216892 0.618396
v -0.724524 0.219782 0.639668
v -0.720697 0.218621 0.630604
v -0.713446 0.216421 0.531211
v -0.725607 0.220111 0.492258
v -0.714998 0.216892 0.521931
v -0.724524 0.219782 0.500659
v -0.720697 0.218621 0.509723
v -0.714998 0.216892 0.540491
v -0.724524 0.219782 0.561763
v -0.720697 0.218621 0.552698
v -0.713446 0.216421 0.453305
v -0.725607 0.220111 0.414352
v -0.714998 0.216892 0.444025
v -0.724524 0.219782 0.422753
v -0.720697 0.218621 0.431817
v -0.714998 0.216892 0.462585
v -0.724524 0.219782 0.483857
v -0.720697 0.218621 0.474793
v -0.713446 0.216421 0.375400
v -0.725607 0.220111 0.336447
v -0.714998 0.216892 0.366120
v -0.724524 0.219782 0.344848
v -0.720697 0.218621 0.353912
v -0.714998 0.216892 0.384680
v -0.724524 0.219782 0.405952
v -0.720697 0.218621 0.396888
v -0.713446 0.216421 0.297494
v -0.725607 0.220111 0.258542
v -0.714998 0.216892 0.288214
v -0.724524 0.219782 0.266942
v -0.720697 0.218621 0.276007
v -0.714998 0.216892 0.306774
v -0.724524 0.219782 0.328046
v -0.720697 0.218621 0.318982
v -0.713446 0.216421 0.219589
v -0.725607 0.220111 0.180636
v -0.714998 0.216892 0.210309
v -0.724524 0.219782 0.189037
v -0.720697 0.218621 0.198101
v -0.714998 0.216892 0.228869
v -0.724524 0.219782 0.250141
v -0.720697 0.218621 0.241077
v -0.713446 0.216421 0.141683
v -0.725607 0.220111 0.102731
v -0.714997 0.216892 0.132403
v -0.724524 0.219782 0.111131
v -0.720697 0.218621 0.120196
v -0.714998 0.216892 0.150963
v -0.724524 0.219782 0.172235
v -0.720697 0.218621 0.163171
v -0.713445 0.216421 0.063778
v -0.725607 0.220111 0.024825
v -0.714997 0.216892 0.054498
v -0.724524 0.219782 0.033226
v -0.720697 0.218621 0.042290
v -0.714997 0.216892 0.073058
v -0.724524 0.219782 0.094330
v -0.720697 0.218621 0.085266
v -0.713445 0.216421 -0.014128
v -0.714997 0.216892 -0.023407
v -0.724524 0.219782 -0.044680
v -0.720697 0.218621 -0.035615
v -0.714997 0.216892 -0.004848
v -0.724524 0.219782 0.016424
v -0.720697 0.218621 0.007360
v -0.713445 0.216421 -0.092033
v -0.725607 0.220111 -0.130986
v -0.714997 0.216892 -0.101313
v -0.724524 0.219782 -0.122585
v -0.720697 0.218621 -0.113521
v -0.714997 0.216892 -0.082753
v -0.725607 0.220111 -0.053080
v -0.724524 0.219782 -0.061481
v -0.720697 0.218621 -0.070545
v -0.713445 0.216421 -0.169939
v -0.725607 0.220111 -0.208891
v -0.714997 0.216892 -0.179218
v -0.724524 0.219782 -0.200491
v -0.720697 0.218621 -0.191426
v -0.714997 0.216892 -0.160659
v -0.724524 0.219782 -0.139386
v -0.720697 0.218621 -0.148451
v -0.713445 0.216421 -0.247844
v -0.725607 0.220111 -0.286797
v -0.714997 0.216892 -0.257124
v -0.724524 0.219782 -0.278396
v -0.720697 0.218621 -0.269332
v -0.714997 0.216892 -0.238564
v -0.724524 0.219782 -0.217292
v -0.720697 0.218621 -0.226356
v -0.713489 0.216434 -0.325491
v -0.714997 0.216892 -0.316470
v -0.724524 0.219782 -0.295197
v -0.720697 0.218621 -0.304262
v -0.731223 0.145449 0.687022
v -0.743688 0.147929 0.648069
v -0.732814 0.145766 0.677742
v -0.742577 0.147708 0.656470
v -0.738655 0.146927 0.665534
v -0.732814 0.145766 0.696301
v -0.743688 0.147929 0.725974
v -0.742577 0.147708 0.717574
v -0.738655 0.146927 0.708509
v -0.734330 0.146067 0.750695
v -0.742577 0.147708 0.734375
v -0.738682 0.146933 0.743378
v -0.731223 0.145449 0.609116
v -0.743688 0.147929 0.570163
v -0.732814 0.145766 0.599836
v -0.742577 0.147708 0.578564
v -0.738655 0.146927 0.587628
v -0.732814 0.145766 0.618396
v -0.742577 0.147708 0.639668
v -0.738655 0.146927 0.630604
v -0.731223 0.145449 0.531211
v -0.743688 0.147929 0.492258
v -0.732814 0.145766 0.521931
v -0.742577 0.147708 0.500659
v -0.738655 0.146927 0.509723
v -0.732814 0.145766 0.540491
v -0.742577 0.147708 0.561763
v -0.738655 0.146928 0.552698
v -0.731223 0.145449 0.453305
v -0.743688 0.147929 0.414352
v -0.732814 0.145766 0.444025
v -0.742577 0.147708 0.422753
v -0.738655 0.146928 0.431817
v -0.732814 0.145766 0.462585
v -0.742577 0.147708 0.483857
v -0.738655 0.146928 0.474793
v -0.731223 0.145449 0.375400
v -0.743688 0.147929 0.336447
v -0.732814 0.145766 0.366120
v -0.742577 0.147708 0.344848
v -0.738655 0.146928 0.353912
v -0.732814 0.145766 0.384680
v -0.742577 0.147708 0.405952
v -0.738655 0.146928 0.396888
v -0.731223 0.145449 0.297494
v -0.743688 0.147929 0.258542
v -0.732814 0.145766 0.288214
v -0.742577 0.147708 0.266942
v -0.738655 0.146928 0.276007
v -0.732814 0.145766 0.306774
v -0.742577 0.147708 0.328046
v -0.738655 0.146928 0.318982
v -0.731223 0.145449 0.219589
v -0.743688 0.147929 0.180636
v -0.732814 0.145766 0.210309
v -0.742577 0.147708 0.189037
v -0.738655 0.146928 0.198101
v -0.732814 0.145766 0.228869
v -0.742577 0.147708 0.250141
v -0.738655 0.146928 0.241077
v -0.731223 0.145449 0.141683
v -0.743688 0.147929 0.102731
v -0.732814 0.145766 0.132403
v -0.742577 0.147708 0.111131
v -0.738655 0.146928 0.120196
v -0.732814 0.145766 0.150963
v -0.742577 0.147708 0.172235
v -0.738655 0.146928 0.163171
v -0.731223 0.145449 0.063778
v -0.743688 0.147929 0.024825
v -0.732814 0.145766 0.054498
v -0.742577 0.147708 0.033226
v -0.738655 0.146928 0.042290
v -0.732814 0.145766 0.073058
v -0.742577 0.147708 0.094330
v -0.738655 0.146928 0.085266
v -0.731223 0.145449 -0.014128
v -0.743688 0.147929 -0.053080
v -0.732814 0.145766 -0.023407
v -0.742577 0.147708 -0.044680
v -0.738655 0.146928 -0.035615
v -0.732814 0.145766 -0.004848
v -0.742577 0.147708 0.016424
v -0.738655 0.146928 0.007360
v -0.731223 0.145449 -0.092033
v -0.743688 0.147929 -0.130986
v -0.732814 0.145766 -0.101313
v -0.742577 0.147708 -0.122585
v -0.738655 0.146928 -0.113521
v -0.732814 0.145766 -0.082753
v -0.742577 0.147708 -0.061481
v -0.738655 0.146928 -0.070545
v -0.731223 0.145449 -0.169939
v -0.743688 0.147929 -0.208891
v -0.732814 0.145766 -0.179219
v -0.742577 0.147708 -0.200491
v -0.738655 0.146928 -0.191426
v -0.732814 0.145766 -0.160659
v -0.742577 0.147708 -0.139386
v -0.738655 0.146928 -0.148451
v -0.731223 0.145449 -0.247844
v -0.743688 0.147929 -0.286797
v -0.732814 0.145766 -0.257124
v -0.742577 0.147708 -0.278396
v -0.738655 0.146928 -0.269332
v -0.732814 0.145766 -0.238564
v -0.742577 0.147708 -0.217292
v -0.738655 0.146928 -0.226356
v -0.731267 0.145458 -0.325491
v -0.732814 0.145766 -0.316470
v -0.742577 0.147708 -0.295197
v -0.738655 0.146928 -0.304262
v -0.741958 0.073076 0.687022
v -0.754606 0.074322 0.648069
v -0.743573 0.073235 0.677742
v -0.753479 0.074211 0.656470
v -0.749500 0.073819 0.665534
v -0.743573 0.073235 0.696301
v -0.754606 0.074322 0.725974
v -0.753479 0.074211 0.717574
v -0.749500 0.073819 0.708509
v -0.745111 0.073387 0.750695
v -0.753479 0.074211 0.734375
v -0.749527 0.073822 0.743378
v -0.741958 0.073076 0.609116
v -0.754606 0.074322 0.570163
v -0.743572 0.073235 0.599836
v -0.753479 0.074211 0.578564
v -0.749500 0.073819 0.587628
v -0.743572 0.073235 0.618396
v -0.753479 0.074211 0.639668
v -0.749500 0.073819 0.630604
v -0.741959 0.073076 0.531211
v -0.754606 0.074322 0.492258
v -0.743573 0.073235 0.521931
v -0.753479 0.074211 0.500659
v -0.749500 0.073819 0.509723
v -0.743573 0.073235 0.540491
v -0.753479 0.074211 0.561763
v -0.749500 0.073819 0.552698
v -0.741959 0.073076 0.453305
v -0.754606 0.074322 0.414352
v -0.743573 0.073235 0.444025
v -0.753479 0.074211 0.422753
v -0.749500 0.073819 0.431817
v -0.743573 0.073235 0.462585
v -0.753479 0.074211 0.483857
v -0.749500 0.073819 0.474793
v -0.741958 0.073076 0.375400
v -0.754606 0.074322 0.336447
v -0.743573 0.073235 0.366120
v -0.753479 0.074211 0.344848
v -0.749500 0.073819 0.353912
v -0.743573 0.073235 0.384680
v -0.753479 0.074211 0.405952
v -0.749500 0.073819 0.396888
v -0.741958 0.073076 0.297494
v -0.754606 0.074322 0.258542
v -0.743573 0.073235 0.288214
v -0.753479 0.074211 0.266942
v -0.749500 0.073819 0.276007
v -0.743573 0.073235 0.306774
v -0.753479 0.074211 0.328046
v -0.749500 0.073819 0.318982
v -0.741958 0.073076 0.219589
v -0.754606 0.074322 0.180636
v -0.743573 0.073235 0.210309
v -0.753479 0.074211 0.189037
v -0.749500 0.073819 0.198101
v -0.743573 0.073235 0.228869
v -0.753479 0.074211 0.250141
v -0.749500 0.073819 0.241077
v -0.741958 0.073076 0.141683
v -0.754606 0.074322 0.102731
v -0.743572 0.073235 0.132403
v -0.753479 0.074211 0.111131
v -0.749500 0.073819 0.120196
v -0.743573 0.073235 0.150963
v -0.753479 0.074211 0.172235
v -0.749500 0.073819 0.163171
v -0.741958 0.073076 0.063778
v -0.754606 0.074322 0.024825
v -0.743572 0.073235 0.054498
v -0.753479 0.074211 0.033226
v -0.749500 0.073819 0.042290
v -0.743572 0.073235 0.073058
v -0.753479 0.074211 0.094330
v -0.749500 0.073819 0.085266
v -0.741958 0.073076 -0.014128
v -0.743572 0.073235 -0.023407
v -0.753479 0.074211 -0.044680
v -0.749500 0.073819 -0.035615
v -0.743572 0.073235 -0.004848
v -0.753479 0.074211 0.016424
v -0.749500 0.073819 0.007360
v -0.741958 0.073076 -0.092033
v -0.754606 0.074322 -0.130986
v -0.743572 0.073235 -0.101313
v -0.753479 0.074211 -0.122585
v -0.749500 0.073819 -0.113521
v -0.743572 0.073235 -0.082753
v -0.754606 0.074322 -0.053080
v -0.753479 0.074211 -0.061481
v -0.749500 0.073819 -0.070545
v -0.741958 0.073076 -0.169939
v -0.754606 0.074322 -0.208891
v -0.743572 0.073235 -0.179219
v -0.753479 0.074211 -0.200491
v -0.749500 0.073819 -0.191426
v -0.743572 0.073235 -0.160659
v -0.753479 0.074211 -0.139386
v -0.749500 0.073819 -0.148451
v -0.741958 0.073076 -0.247844
v -0.754606 0.074322 -0.286797
v -0.743572 0.073235 -0.257124
v -0.753479 0.074211 -0.278396
v -0.749500 0.073819 -0.269332
v -0.743572 0.073235 -0.238564
v -0.753479 0.074211 -0.217292
v -0.749500 0.073819 -0.226356
v -0.742003 0.073081 -0.325491
v -0.743572 0.073235 -0.316470
v -0.753479 0.074211 -0.295197
v -0.749500 0.073819 -0.304262
v -0.745552 -0.000075 0.687022
v -0.758261 -0.000074 0.648069
v -0.747173 -0.000071 0.677743
v -0.757128 -0.000072 0.656471
v -0.753129 -0.000067 0.665535
v -0.747173 -0.000071 0.696300
v -0.758261 -0.000074 0.725974
v -0.757128 -0.000072 0.717573
v -0.753129 -0.000067 0.708508
v -0.748719 -0.000063 0.750696
v -0.757128 -0.000072 0.734376
v -0.753156 -0.000066 0.743379
v -0.745552 -0.000075 0.609116
v -0.758261 -0.000074 0.570163
v -0.747173 -0.000071 0.599837
v -0.757128 -0.000072 0.578565
v -0.753129 -0.000067 0.587630
v -0.747173 -0.000071 0.618395
v -0.757128 -0.000072 0.639667
v -0.753129 -0.000067 0.630602
v -0.745552 -0.000075 0.531211
v -0.758261 -0.000074 0.492258
v -0.747173 -0.000071 0.521932
v -0.757128 -0.000072 0.500659
v -0.753129 -0.000067 0.509724
v -0.747173 -0.000071 0.540489
v -0.757128 -0.000072 0.561762
v -0.753129 -0.000067 0.552697
v -0.745552 -0.000075 0.453305
v -0.758261 -0.000074 0.414352
v -0.747173 -0.000071 0.444026
v -0.757128 -0.000072 0.422754
v -0.753129 -0.000067 0.431819
v -0.747173 -0.000071 0.462584
v -0.757128 -0.000072 0.483856
v -0.753129 -0.000067 0.474792
v -0.745552 -0.000075 0.375400
v -0.758261 -0.000074 0.336447
v -0.747173 -0.000071 0.366121
v -0.757128 -0.000072 0.344849
v -0.753129 -0.000067 0.353913
v -0.747173 -0.000071 0.384679
v -0.757128 -0.000072 0.405951
v -0.753129 -0.000067 0.396886
v -0.745552 -0.000075 0.297494
v -0.747173 -0.000071 0.288215
v -0.757128 -0.000072 0.266943
v -0.753129 -0.000067 0.276008
v -0.747173 -0.000071 0.306773
v -0.757128 -0.000072 0.328045
v -0.753129 -0.000067 0.318981
v -0.745552 -0.000075 0.219589
v -0.758261 -0.000074 0.180636
v -0.747173 -0.000071 0.210310
v -0.757128 -0.000072 0.189038
v -0.753129 -0.000067 0.198102
v -0.747173 -0.000071 0.228868
v -0.758261 -0.000074 0.258542
v -0.757128 -0.000072 0.250140
v -0.753129 -0.000067 0.241075
v -0.745552 -0.000075 0.141683
v -0.758261 -0.000074 0.102731
v -0.747173 -0.000071 0.132404
v -0.757128 -0.000072 0.111132
v -0.753129 -0.000067 0.120197
v -0.747173 -0.000071 0.150962
v -0.757128 -0.000072 0.172235
v -0.753129 -0.000067 0.163170
v -0.745552 -0.000075 0.063778
v -0.758261 -0.000074 0.024825
v -0.747173 -0.000071 0.054499
v -0.757128 -0.000072 0.033227
v -0.753129 -0.000067 0.042291
v -0.747173 -0.000071 0.073057
v -0.757128 -0.000072 0.094329
v -0.753129 -0.000067 0.085264
v -0.745552 -0.000075 -0.014128
v -0.747173 -0.000071 -0.023406
v -0.757128 -0.000072 -0.044679
v -0.753129 -0.000067 -0.035614
v -0.747173 -0.000071 -0.004849
v -0.757128 -0.000072 0.016424
v -0.753129 -0.000067 0.007359
v -0.745552 -0.000075 -0.092033
v -0.758261 -0.000074 -0.130986
v -0.747173 -0.000071 -0.101312
v -0.757128 -0.000072 -0.122584
v -0.753129 -0.000067 -0.113520
v -0.747173 -0.000071 -0.082754
v -0.758261 -0.000074 -0.053080
v -0.757128 -0.000072 -0.061482
v -0.753129 -0.000067 -0.070547
v -0.745552 -0.000075 -0.169939
v -0.758261 -0.000074 -0.208891
v -0.747173 -0.000071 -0.179217
v -0.757128 -0.000072 -0.200490
v -0.753129 -0.000067 -0.191425
v -0.747173 -0.000071 -0.160660
v -0.757128 -0.000072 -0.139387
v -0.753129 -0.000067 -0.148452
v -0.745552 -0.000075 -0.247844
v -0.758261 -0.000074 -0.286797
v -0.747173 -0.000071 -0.257123
v -0.757128 -0.000072 -0.278395
v -0.753129 -0.000067 -0.269330
v -0.747173 -0.000071 -0.238565
v -0.757128 -0.000072 -0.217293
v -0.753129 -0.000067 -0.226358
v -0.745597 -0.000073 -0.325492
v -0.747173 -0.000071 -0.316471
v -0.757128 -0.000072 -0.295198
v -0.753129 -0.000067 -0.304263
vn 0.9062 0.0445 0.4205
vn 0.9617 0.0472 0.2699
vn 0.9582 0.0944 0.2702
vn 0.9027 0.0889 0.4209
vn 0.9443 0.1878 0.2702
vn 0.8897 0.1770 0.4209
vn 0.9214 0.2795 0.2702
vn 0.8681 0.2633 0.4209
vn 0.8895 0.3685 0.2702
vn 0.8381 0.3471 0.4209
vn 0.8491 0.4539 0.2702
vn 0.8000 0.4276 0.4209
vn 0.8006 0.5349 0.2702
vn 0.7542 0.5040 0.4209
vn 0.7443 0.6108 0.2702
vn 0.7012 0.5755 0.4209
vn 0.6808 0.6808 0.2702
vn 0.6414 0.6414 0.4209
vn 0.6108 0.7443 0.2702
vn 0.5755 0.7012 0.4209
vn 0.5349 0.8006 0.2702
vn 0.5040 0.7542 0.4209
vn 0.4539 0.8491 0.2702
vn 0.4276 0.8000 0.4209
vn 0.3685 0.8895 0.2702
vn 0.3471 0.8381 0.4209
vn 0.2795 0.9214 0.2702
vn 0.2633 0.8681 0.4209
vn 0.1878 0.9443 0.2702
vn 0.1770 0.8897 0.4209
vn 0.0944 0.9582 0.2702
vn 0.0889 0.9027 0.4209
vn -0.0000 0.9628 0.2702
vn -0.0000 0.9071 0.4209
vn -0.0944 0.9582 0.2702
vn -0.0889 0.9027 0.4209
vn -0.1878 0.9443 0.2702
vn -0.1770 0.8897 0.4209
vn -0.2795 0.9214 0.2702
vn -0.2633 0.8681 0.4209
vn -0.3685 0.8895 0.2702
vn -0.3471 0.8381 0.4209
vn -0.4539 0.8491 0.2702
vn -0.4276 0.8000 0.4209
vn -0.5349 0.8006 0.2702
vn -0.5040 0.7542 0.4209
vn -0.6108 0.7443 0.2702
vn -0.5755 0.7012 0.4209
vn -0.6808 0.6808 0.2702
vn -0.6414 0.6414 0.4209
vn -0.7443 0.6108 0.2702
vn -0.7012 0.5755 0.4209
vn -0.8006 0.5349 0.2702
vn -0.7542 0.5040 0.4209
vn -0.8491 0.4539 0.2702
vn -0.8000 0.4276 0.4209
vn -0.8895 0.3685 0.2702
vn -0.8381 0.3471 0.4209
vn -0.9214 0.2795 0.2702
vn -0.8681 0.2633 0.4209
vn -0.9443 0.1878 0.2702
vn -0.8897 0.1770 0.4209
vn -0.9582 0.0944 0.2702
vn -0.9027 0.0889 0.4209
vn -0.9617 0.0472 0.2699
vn -0.9062 0.0445 0.4205
vn 0.9498 0.0467 0.3093
vn 0.9463 0.0932 0.3096
vn 0.9326 0.1855 0.3096
vn 0.9099 0.2760 0.3096
vn 0.8785 0.3639 0.3096
vn 0.8386 0.4482 0.3096
vn 0.7906 0.5283 0.3096
vn 0.7350 0.6032 0.3096
vn 0.6724 0.6724 0.3096
vn 0.6032 0.7350 0.3096
vn 0.5283 0.7906 0.3096
vn 0.4482 0.8386 0.3096
vn 0.3639 0.8785 0.3096
vn 0.2760 0.9099 0.3096
vn 0.1855 0.9326 0.3096
vn 0.0932 0.9463 0.3096
vn -0.0000 0.9509 0.3096
vn -0.0932 0.9463 0.3096
vn -0.1855 0.9326 0.3096
vn -0.2760 0.9099 0.3096
vn -0.3639 0.8785 0.3096
vn -0.4482 0.8386 0.3096
vn -0.5283 0.7906 0.3096
vn -0.6032 0.7350 0.3096
vn -0.6724 0.6724 0.3096
vn -0.7350 0.6032 0.3096
vn -0.7906 0.5283 0.3096
vn -0.8386 0.4482 0.3096
vn -0.8785 0.3639 0.3096
vn -0.9099 0.2760 0.3096
vn -0.9326 0.1855 0.3096
vn -0.9463 0.0932 0.3096
vn -0.9498 0.0467 0.3093
vn 0.9988 0.0491 -0.0000
vn 0.9952 0.0980 -0.0000
vn 0.9808 0.1951 -0.0000
vn 0.9569 0.2903 -0.0000
vn 0.9239 0.3827 -0.0000
vn 0.8819 0.4714 -0.0000
vn 0.8315 0.5556 -0.0000
vn 0.7730 0.6344 -0.0000
vn 0.7071 0.7071 -0.0000
vn 0.6344 0.7730 -0.0000
vn 0.5556 0.8315 -0.0000
vn 0.4714 0.8819 -0.0000
vn 0.3827 0.9239 -0.0000
vn 0.2903 0.9569 -0.0000
vn 0.1951 0.9808 -0.0000
vn 0.0980 0.9952 -0.0000
vn -0.0000 1.0000 -0.0000
vn -0.0980 0.9952 -0.0000
vn -0.1951 0.9808 -0.0000
vn -0.2903 0.9569 -0.0000
vn -0.3827 0.9239 -0.0000
vn -0.4714 0.8819 -0.0000
vn -0.5556 0.8315 -0.0000
vn -0.6344 0.7730 -0.0000
vn -0.7071 0.7071 -0.0000
vn -0.7730 0.6344 -0.0000
vn -0.8315 0.5556 -0.0000
vn -0.8819 0.4714 -0.0000
vn -0.9239 0.3827 -0.0000
vn -0.9569 0.2903 -0.0000
vn -0.9808 0.1951 -0.0000
vn -0.9952 0.0980 -0.0000
vn -0.9988 0.0491 -0.0000
vn 0.9617 0.0472 -0.2698
vn 0.9062 0.0445 -0.4205
vn 0.9027 0.0889 -0.4209
vn 0.9582 0.0944 -0.2702
vn 0.8897 0.1770 -0.4209
vn 0.9443 0.1878 -0.2702
vn 0.8681 0.2633 -0.4209
vn 0.9214 0.2795 -0.2702
vn 0.8381 0.3471 -0.4209
vn 0.8895 0.3685 -0.2702
vn 0.8000 0.4276 -0.4209
vn 0.8491 0.4539 -0.2702
vn 0.7542 0.5040 -0.4209
vn 0.8006 0.5349 -0.2702
vn 0.7012 0.5755 -0.4209
vn 0.7443 0.6108 -0.2702
vn 0.6414 0.6414 -0.4209
vn 0.6808 0.6808 -0.2702
vn 0.5755 0.7012 -0.4209
vn 0.6108 0.7443 -0.2702
vn 0.5040 0.7542 -0.4209
vn 0.5349 0.8006 -0.2702
vn 0.4276 0.8000 -0.4209
vn 0.4539 0.8491 -0.2702
vn 0.3471 0.8381 -0.4209
vn 0.3685 0.8895 -0.2702
vn 0.2633 0.8681 -0.4209
vn 0.2795 0.9214 -0.2702
vn 0.1770 0.8897 -0.4209
vn 0.1878 0.9443 -0.2702
vn 0.0889 0.9027 -0.4209
vn 0.0944 0.9582 -0.2702
vn -0.0000 0.9071 -0.4209
vn -0.0000 0.9628 -0.2702
vn -0.0889 0.9027 -0.4209
vn -0.0944 0.9582 -0.2702
vn -0.1770 0.8897 -0.4209
vn -0.1878 0.9443 -0.2702
vn -0.2633 0.8681 -0.4209
vn -0.2795 0.9214 -0.2702
vn -0.3471 0.8381 -0.4209
vn -0.3685 0.8895 -0.2702
vn -0.4276 0.8000 -0.4209
vn -0.4539 0.8491 -0.2702
vn -0.5040 0.7542 -0.4209
vn -0.5349 0.8006 -0.2702
vn -0.5755 0.7012 -0.4209
vn -0.6108 0.7443 -0.2702
vn -0.6414 0.6414 -0.4209
vn -0.6808 0.6808 -0.2702
vn -0.7012 0.5755 -0.4209
vn -0.7443 0.6108 -0.2702
vn -0.7542 0.5040 -0.4209
vn -0.8006 0.5349 -0.2702
vn -0.8000 0.4276 -0.4209
vn -0.8491 0.4539 -0.2702
vn -0.8381 0.3471 -0.4209
vn -0.8895 0.3685 -0.2702
vn -0.8681 0.2633 -0.4209
vn -0.9214 0.2795 -0.2702
vn -0.8897 0.1770 -0.4209
vn -0.9443 0.1878 -0.2702
vn -0.9027 0.0889 -0.4209
vn -0.9582 0.0944 -0.2702
vn -0.9062 0.0445 -0.4205
vn -0.9617 0.0472 -0.2699
vn 0.9498 0.0467 -0.3093
vn 0.9463 0.0932 -0.3096
vn 0.9326 0.1855 -0.3096
vn 0.9099 0.2760 -0.3096
vn 0.8785 0.3639 -0.3096
vn 0.8386 0.4482 -0.3096
vn 0.7906 0.5283 -0.3096
vn 0.7350 0.6032 -0.3096
vn 0.6724 0.6724 -0.3096
vn 0.6032 0.7350 -0.3096
vn 0.5283 0.7906 -0.3096
vn 0.4482 0.8386 -0.3096
vn 0.3639 0.8785 -0.3096
vn 0.2760 0.9099 -0.3096
vn 0.1855 0.9326 -0.3096
vn 0.0932 0.9463 -0.3096
vn -0.0000 0.9509 -0.3096
vn -0.0932 0.9463 -0.3096
vn -0.1855 0.9326 -0.3096
vn -0.2760 0.9099 -0.3096
vn -0.3639 0.8785 -0.3096
vn -0.4482 0.8386 -0.3096
vn -0.5283 0.7906 -0.3096
vn -0.6032 0.7350 -0.3096
vn -0.6724 0.6724 -0.3096
vn -0.7350 0.6032 -0.3096
vn -0.7906 0.5283 -0.3096
vn -0.8386 0.4482 -0.3096
vn -0.8785 0.3639 -0.3096
vn -0.9099 0.2760 -0.3096
vn -0.9326 0.1855 -0.3096
vn -0.9463 0.0932 -0.3096
vn -0.9498 0.0467 -0.3093
vn 0.8864 0.0435 0.4608
vn 0.8830 0.0870 0.4612
vn 0.8702 0.1731 0.4612
vn 0.8491 0.2576 0.4612
vn 0.8197 0.3396 0.4612
vn 0.7825 0.4183 0.4612
vn 0.7378 0.4930 0.4612
vn 0.6859 0.5629 0.4612
vn 0.6274 0.6274 0.4612
vn 0.5629 0.6859 0.4612
vn 0.4930 0.7378 0.4612
vn 0.4183 0.7825 0.4612
vn 0.3396 0.8198 0.4612
vn 0.2576 0.8491 0.4612
vn 0.1731 0.8702 0.4612
vn 0.0870 0.8830 0.4612
vn -0.0000 0.8873 0.4612
vn -0.0870 0.8830 0.4612
vn -0.1731 0.8702 0.4612
vn -0.2576 0.8491 0.4612
vn -0.3396 0.8197 0.4612
vn -0.4183 0.7825 0.4612
vn -0.4930 0.7378 0.4612
vn -0.5629 0.6859 0.4612
vn -0.6274 0.6274 0.4612
vn -0.6859 0.5629 0.4612
vn -0.7378 0.4930 0.4612
vn -0.7825 0.4183 0.4612
vn -0.8197 0.3396 0.4612
vn -0.8491 0.2576 0.4612
vn -0.8702 0.1731 0.4612
vn -0.8830 0.0870 0.4612
vn -0.9617 0.0472 0.2698
vn -0.8864 0.0435 0.4608
vn 0.8543 0.0420 0.5181
vn 0.8510 0.0838 0.5185
vn 0.8386 0.1668 0.5185
vn 0.8183 0.2482 0.5185
vn 0.7900 0.3272 0.5185
vn 0.7541 0.4031 0.5185
vn 0.7110 0.4751 0.5185
vn 0.6610 0.5425 0.5185
vn 0.6046 0.6046 0.5185
vn 0.5425 0.6610 0.5185
vn 0.4751 0.7110 0.5185
vn 0.4031 0.7541 0.5185
vn 0.3272 0.7900 0.5185
vn 0.2482 0.8183 0.5185
vn 0.1668 0.8386 0.5185
vn 0.0838 0.8510 0.5185
vn -0.0000 0.8551 0.5185
vn -0.0838 0.8510 0.5185
vn -0.1668 0.8386 0.5185
vn -0.2482 0.8183 0.5185
vn -0.3272 0.7900 0.5185
vn -0.4031 0.7541 0.5185
vn -0.4751 0.7110 0.5185
vn -0.5425 0.6610 0.5185
vn -0.6046 0.6046 0.5185
vn -0.6610 0.5425 0.5185
vn -0.7110 0.4751 0.5185
vn -0.7541 0.4031 0.5185
vn -0.7900 0.3272 0.5185
vn -0.8183 0.2482 0.5185
vn -0.8386 0.1668 0.5185
vn -0.8510 0.0838 0.5185
vn -0.8543 0.0420 0.5181
vn 0.9617 0.0472 -0.2699
vn -0.9617 0.0472 -0.2698
vn 0.9839 0.0483 -0.1719
vn 0.9803 0.0966 -0.1721
vn 0.9661 0.1922 -0.1721
vn 0.9427 0.2860 -0.1721
vn 0.9101 0.3770 -0.1721
vn 0.8688 0.4644 -0.1721
vn 0.8191 0.5473 -0.1721
vn 0.7615 0.6249 -0.1721
vn 0.6966 0.6966 -0.1721
vn 0.6249 0.7615 -0.1721
vn 0.5473 0.8191 -0.1721
vn 0.4644 0.8688 -0.1721
vn 0.3770 0.9101 -0.1721
vn 0.2860 0.9427 -0.1721
vn 0.1922 0.9662 -0.1721
vn 0.0966 0.9803 -0.1721
vn -0.0000 0.9851 -0.1721
vn -0.0966 0.9803 -0.1721
vn -0.1922 0.9662 -0.1721
vn -0.2860 0.9427 -0.1721
vn -0.3770 0.9101 -0.1721
vn -0.4644 0.8688 -0.1721
vn -0.5473 0.8191 -0.1721
vn -0.6249 0.7615 -0.1721
vn -0.6966 0.6966 -0.1721
vn -0.7615 0.6249 -0.1721
vn -0.8191 0.5473 -0.1721
vn -0.8688 0.4644 -0.1721
vn -0.9101 0.3770 -0.1721
vn -0.9427 0.2860 -0.1721
vn -0.9661 0.1922 -0.1721
vn -0.9803 0.0966 -0.1721
vn -0.9839 0.0483 -0.1719
vn -0.9062 -0.0445 -0.4205
vn -0.9027 -0.0889 -0.4209
vn -0.9582 -0.0944 -0.2702
vn -0.9617 -0.0472 -0.2698
vn -0.8897 -0.1770 -0.4209
vn -0.9443 -0.1878 -0.2702
vn -0.8680 -0.2633 -0.4209
vn -0.9214 -0.2795 -0.2702
vn -0.8381 -0.3471 -0.4209
vn -0.8895 -0.3685 -0.2702
vn -0.8000 -0.4276 -0.4209
vn -0.8491 -0.4539 -0.2702
vn -0.7542 -0.5040 -0.4209
vn -0.8005 -0.5349 -0.2702
vn -0.7012 -0.5755 -0.4209
vn -0.7443 -0.6108 -0.2702
vn -0.6414 -0.6414 -0.4209
vn -0.6808 -0.6808 -0.2702
vn -0.5755 -0.7012 -0.4209
vn -0.6108 -0.7443 -0.2702
vn -0.5040 -0.7542 -0.4209
vn -0.5349 -0.8005 -0.2702
vn -0.4276 -0.8000 -0.4209
vn -0.4539 -0.8491 -0.2702
vn -0.3471 -0.8381 -0.4209
vn -0.3685 -0.8895 -0.2702
vn -0.2633 -0.8680 -0.4209
vn -0.2795 -0.9214 -0.2702
vn -0.1770 -0.8897 -0.4209
vn -0.1878 -0.9443 -0.2702
vn -0.0889 -0.9027 -0.4209
vn -0.0944 -0.9582 -0.2702
vn -0.0000 -0.9071 -0.4209
vn -0.0000 -0.9628 -0.2702
vn 0.0889 -0.9027 -0.4209
vn 0.0944 -0.9582 -0.2702
vn 0.1770 -0.8897 -0.4209
vn 0.1878 -0.9443 -0.2702
vn 0.2633 -0.8680 -0.4209
vn 0.2795 -0.9214 -0.2702
vn 0.3471 -0.8381 -0.4209
vn 0.3685 -0.8895 -0.2702
vn 0.4276 -0.8000 -0.4209
vn 0.4539 -0.8491 -0.2702
vn 0.5040 -0.7542 -0.4209
vn 0.5349 -0.8005 -0.2702
vn 0.5755 -0.7012 -0.4209
vn 0.6108 -0.7443 -0.2702
vn 0.6414 -0.6414 -0.4209
vn 0.6808 -0.6808 -0.2702
vn 0.7012 -0.5755 -0.4209
vn 0.7443 -0.6108 -0.2702
vn 0.7542 -0.5040 -0.4209
vn 0.8005 -0.5349 -0.2702
vn 0.8000 -0.4276 -0.4209
vn 0.8491 -0.4539 -0.2702
vn 0.8381 -0.3471 -0.4209
vn 0.8895 -0.3685 -0.2702
vn 0.8680 -0.2633 -0.4209
vn 0.9214 -0.2795 -0.2702
vn 0.8897 -0.1770 -0.4209
vn 0.9443 -0.1878 -0.2702
vn 0.9027 -0.0889 -0.4209
vn 0.9582 -0.0944 -0.2702
vn 0.9062 -0.0445 -0.4205
vn 0.9617 -0.0472 -0.2698
vn -0.9498 -0.0467 -0.3093
vn -0.9463 -0.0932 -0.3096
vn -0.9326 -0.1855 -0.3096
vn -0.9099 -0.2760 -0.3096
vn -0.8785 -0.3639 -0.3096
vn -0.8386 -0.4482 -0.3096
vn -0.7906 -0.5283 -0.3096
vn -0.7350 -0.6032 -0.3096
vn -0.6724 -0.6724 -0.3096
vn -0.6032 -0.7350 -0.3096
vn -0.5283 -0.7906 -0.3096
vn -0.4482 -0.8386 -0.3096
vn -0.3639 -0.8785 -0.3096
vn -0.2760 -0.9099 -0.3096
vn -0.1855 -0.9326 -0.3096
vn -0.0932 -0.9463 -0.3096
vn -0.0000 -0.9509 -0.3096
vn 0.0932 -0.9463 -0.3096
vn 0.1855 -0.9326 -0.3096
vn 0.2760 -0.9099 -0.3096
vn 0.3639 -0.8785 -0.3096
vn 0.4482 -0.8386 -0.3096
vn 0.5283 -0.7906 -0.3096
vn 0.6032 -0.7350 -0.3096
vn 0.6724 -0.6724 -0.3096
vn 0.7350 -0.6032 -0.3096
vn 0.7906 -0.5283 -0.3096
vn 0.8386 -0.4482 -0.3096
vn 0.8785 -0.3639 -0.3096
vn 0.9099 -0.2760 -0.3096
vn 0.9326 -0.1855 -0.3096
vn 0.9463 -0.0932 -0.3096
vn 0.9498 -0.0467 -0.3093
vn -0.9952 -0.0980 -0.0000
vn -0.9988 -0.0491 -0.0000
vn -0.9808 -0.1951 -0.0000
vn -0.9569 -0.2903 -0.0000
vn -0.9239 -0.3827 -0.0000
vn -0.8819 -0.4714 -0.0000
vn -0.8315 -0.5556 -0.0000
vn -0.7730 -0.6344 -0.0000
vn -0.7071 -0.7071 -0.0000
vn -0.6344 -0.7730 -0.0000
vn -0.5556 -0.8315 -0.0000
vn -0.4714 -0.8819 -0.0000
vn -0.3827 -0.9239 -0.0000
vn -0.2903 -0.9569 -0.0000
vn -0.1951 -0.9808 -0.0000
vn -0.0980 -0.9952 -0.0000
vn -0.0000 -1.0000 -0.0000
vn 0.0980 -0.9952 -0.0000
vn 0.1951 -0.9808 -0.0000
vn 0.2903 -0.9569 -0.0000
vn 0.3827 -0.9239 -0.0000
vn 0.4714 -0.8819 -0.0000
vn 0.5556 -0.8315 -0.0000
vn 0.6344 -0.7730 -0.0000
vn 0.7071 -0.7071 -0.0000
vn 0.7730 -0.6344 -0.0000
vn 0.8315 -0.5556 -0.0000
vn 0.8819 -0.4714 -0.0000
vn 0.9239 -0.3827 -0.0000
vn 0.9569 -0.2903 -0.0000
vn 0.9808 -0.1951 -0.0000
vn 0.9952 -0.0980 -0.0000
vn 0.9988 -0.0491 -0.0000
vn -0.9617 -0.0472 0.2698
vn -0.9582 -0.0944 0.2702
vn -0.9027 -0.0889 0.4209
vn -0.9062 -0.0445 0.4205
vn -0.9443 -0.1878 0.2702
vn -0.8897 -0.1770 0.4209
vn -0.9214 -0.2795 0.2702
vn -0.8680 -0.2633 0.4209
vn -0.8895 -0.3685 0.2702
vn -0.8381 -0.3471 0.4209
vn -0.8491 -0.4539 0.2702
vn -0.8000 -0.4276 0.4209
vn -0.8006 -0.5349 0.2702
vn -0.7542 -0.5040 0.4209
vn -0.7443 -0.6108 0.2702
vn -0.7012 -0.5755 0.4209
vn -0.6808 -0.6808 0.2702
vn -0.6414 -0.6414 0.4209
vn -0.6108 -0.7443 0.2702
vn -0.5755 -0.7012 0.4209
vn -0.5349 -0.8006 0.2702
vn -0.5040 -0.7542 0.4209
vn -0.4539 -0.8491 0.2702
vn -0.4276 -0.8000 0.4209
vn -0.3685 -0.8895 0.2702
vn -0.3471 -0.8381 0.4209
vn -0.2795 -0.9214 0.2702
vn -0.2633 -0.8680 0.4209
vn -0.1878 -0.9443 0.2702
vn -0.1770 -0.8897 0.4209
vn -0.0944 -0.9582 0.2702
vn -0.0889 -0.9027 0.4209
vn -0.0000 -0.9628 0.2702
vn -0.0000 -0.9071 0.4209
vn 0.0944 -0.9582 0.2702
vn 0.0889 -0.9027 0.4209
vn 0.1878 -0.9443 0.2702
vn 0.1770 -0.8897 0.4209
vn 0.2795 -0.9214 0.2702
vn 0.2633 -0.8680 0.4209
vn 0.3685 -0.8895 0.2702
vn 0.3471 -0.8381 0.4209
vn 0.4539 -0.8491 0.2702
vn 0.4276 -0.8000 0.4209
vn 0.5349 -0.8005 0.2702
vn 0.5040 -0.7542 0.4209
vn 0.6108 -0.7443 0.2702
vn 0.5755 -0.7012 0.4209
vn 0.6808 -0.6808 0.2702
vn 0.6414 -0.6414 0.4209
vn 0.7443 -0.6108 0.2702
vn 0.7012 -0.5755 0.4209
vn 0.8005 -0.5349 0.2702
vn 0.7542 -0.5040 0.4209
vn 0.8491 -0.4539 0.2702
vn 0.8000 -0.4276 0.4209
vn 0.8895 -0.3685 0.2702
vn 0.8381 -0.3471 0.4209
vn 0.9214 -0.2795 0.2702
vn 0.8680 -0.2633 0.4209
vn 0.9443 -0.1878 0.2702
vn 0.8897 -0.1770 0.4209
vn 0.9582 -0.0944 0.2702
vn 0.9027 -0.0889 0.4209
vn 0.9617 -0.0472 0.2698
vn 0.9062 -0.0445 0.4205
vn -0.9463 -0.0932 0.3096
vn -0.9498 -0.0467 0.3093
vn -0.9326 -0.1855 0.3096
vn -0.9099 -0.2760 0.3096
vn -0.8785 -0.3639 0.3096
vn -0.8386 -0.4482 0.3096
vn -0.7906 -0.5283 0.3096
vn -0.7350 -0.6032 0.3096
vn -0.6724 -0.6724 0.3096
vn -0.6032 -0.7350 0.3096
vn -0.5283 -0.7906 0.3096
vn -0.4482 -0.8386 0.3096
vn -0.3639 -0.8785 0.3096
vn -0.2760 -0.9099 0.3096
vn -0.1855 -0.9326 0.3096
vn -0.0932 -0.9463 0.3096
vn -0.0000 -0.9509 0.3096
vn 0.0932 -0.9463 0.3096
vn 0.1855 -0.9326 0.3096
vn 0.2760 -0.9099 0.3096
vn 0.3639 -0.8785 0.3096
vn 0.4482 -0.8386 0.3096
vn 0.5283 -0.7906 0.3096
vn 0.6032 -0.7350 0.3096
vn 0.6724 -0.6724 0.3096
vn 0.7350 -0.6032 0.3096
vn 0.7906 -0.5283 0.3096
vn 0.8386 -0.4482 0.3096
vn 0.8785 -0.3639 0.3096
vn 0.9099 -0.2760 0.3096
vn 0.9326 -0.1855 0.3096
vn 0.9463 -0.0932 0.3096
vn 0.9498 -0.0467 0.3093
vn -0.8865 -0.0435 -0.4608
vn -0.8830 -0.0870 -0.4612
vn -0.8702 -0.1731 -0.4612
vn -0.8491 -0.2576 -0.4612
vn -0.8197 -0.3396 -0.4612
vn -0.7825 -0.4183 -0.4612
vn -0.7378 -0.4930 -0.4612
vn -0.6859 -0.5629 -0.4612
vn -0.6274 -0.6274 -0.4612
vn -0.5629 -0.6859 -0.4612
vn -0.4930 -0.7378 -0.4612
vn -0.5349 -0.8006 -0.2702
vn -0.4183 -0.7825 -0.4612
vn -0.3396 -0.8197 -0.4612
vn -0.2576 -0.8491 -0.4612
vn -0.1731 -0.8702 -0.4612
vn -0.0870 -0.8830 -0.4612
vn -0.0000 -0.8873 -0.4612
vn 0.0870 -0.8830 -0.4612
vn 0.1731 -0.8702 -0.4612
vn 0.2576 -0.8491 -0.4612
vn 0.3396 -0.8197 -0.4612
vn 0.4183 -0.7825 -0.4612
vn 0.4930 -0.7378 -0.4612
vn 0.5629 -0.6859 -0.4612
vn 0.6274 -0.6274 -0.4612
vn 0.6859 -0.5629 -0.4612
vn 0.7378 -0.4930 -0.4612
vn 0.8006 -0.5349 -0.2702
vn 0.7825 -0.4183 -0.4612
vn 0.8197 -0.3396 -0.4612
vn 0.8491 -0.2576 -0.4612
vn 0.8702 -0.1731 -0.4612
vn 0.8830 -0.0870 -0.4612
vn 0.8864 -0.0435 -0.4608
vn -0.8543 -0.0420 -0.5181
vn -0.8510 -0.0838 -0.5185
vn -0.8386 -0.1668 -0.5185
vn -0.8183 -0.2482 -0.5185
vn -0.7900 -0.3272 -0.5185
vn -0.7541 -0.4031 -0.5185
vn -0.7110 -0.4751 -0.5185
vn -0.6610 -0.5425 -0.5185
vn -0.6046 -0.6046 -0.5185
vn -0.5425 -0.6610 -0.5185
vn -0.4751 -0.7110 -0.5185
vn -0.4031 -0.7541 -0.5185
vn -0.3272 -0.7900 -0.5185
vn -0.2482 -0.8183 -0.5185
vn -0.1668 -0.8386 -0.5185
vn -0.0838 -0.8510 -0.5185
vn -0.0000 -0.8551 -0.5185
vn 0.0838 -0.8510 -0.5185
vn 0.1668 -0.8386 -0.5185
vn 0.2482 -0.8183 -0.5185
vn 0.3272 -0.7900 -0.5185
vn 0.4031 -0.7541 -0.5185
vn 0.4751 -0.7110 -0.5185
vn 0.5425 -0.6610 -0.5185
vn 0.6046 -0.6046 -0.5185
vn 0.6610 -0.5425 -0.5185
vn 0.7110 -0.4751 -0.5185
vn 0.7541 -0.4031 -0.5185
vn 0.7900 -0.3272 -0.5185
vn 0.8183 -0.2482 -0.5185
vn 0.8386 -0.1668 -0.5185
vn 0.8510 -0.0838 -0.5185
vn 0.8543 -0.0420 -0.5181
vn 0.5349 -0.8006 0.2702
vn 0.8006 -0.5349 0.2702
vn 0.5349 -0.8006 -0.2702
vn -0.8006 -0.5349 -0.2702
vn -0.8005 -0.5349 0.2702
vn -0.5349 -0.8005 0.2702
vn -0.9803 -0.0966 0.1721
vn -0.9839 -0.0483 0.1719
vn -0.9661 -0.1922 0.1722
vn -0.9427 -0.2860 0.1722
vn -0.9101 -0.3770 0.1721
vn -0.8688 -0.4644 0.1721
vn -0.8191 -0.5473 0.1722
vn -0.7615 -0.6249 0.1722
vn -0.6965 -0.6966 0.1722
vn -0.6249 -0.7615 0.1722
vn -0.5473 -0.8191 0.1722
vn -0.4644 -0.8688 0.1722
vn -0.3770 -0.9101 0.1722
vn -0.2860 -0.9427 0.1722
vn -0.1922 -0.9661 0.1722
vn -0.0966 -0.9803 0.1722
vn -0.0000 -0.9851 0.1722
vn 0.0966 -0.9803 0.1722
vn 0.1922 -0.9661 0.1722
vn 0.2860 -0.9427 0.1722
vn 0.3770 -0.9101 0.1722
vn 0.4644 -0.8688 0.1722
vn 0.5473 -0.8191 0.1722
vn 0.6249 -0.7615 0.1722
vn 0.6965 -0.6966 0.1722
vn 0.7615 -0.6249 0.1722
vn 0.8191 -0.5473 0.1722
vn 0.8688 -0.4644 0.1722
vn 0.9101 -0.3770 0.1722
vn 0.9427 -0.2860 0.1722
vn 0.9661 -0.1922 0.1722
vn 0.9803 -0.0966 0.1721
vn 0.9839 -0.0483 0.1719
vn 0.0451 -0.9989 0.0127
vn 0.0417 -0.9989 0.0194
vn 0.0451 -0.9989 0.0128
vn 0.0445 -0.9989 0.0140
vn 0.0482 -0.9988 -0.0000
vn 0.0478 -0.9989 -0.0000
vn 0.0417 -0.9989 -0.0194
vn 0.0451 -0.9989 -0.0127
vn 0.0451 -0.9989 -0.0128
vn 0.0445 -0.9989 -0.0140
vn 0.0449 -0.9989 0.0127
vn 0.0391 -0.9990 0.0205
vn 0.0365 -0.9991 0.0223
vn 0.0441 -0.9989 -0.0140
vn 0.0470 -0.9989 -0.0081
vn -0.5179 -0.0254 0.8551
vn -0.5158 -0.0508 0.8552
vn -0.1712 -0.0169 -0.9851
vn -0.1719 -0.0084 -0.9851
vn -0.5085 -0.1012 0.8551
vn -0.1688 -0.0336 -0.9851
vn -0.4962 -0.1505 0.8551
vn -0.1647 -0.0500 -0.9851
vn -0.4790 -0.1984 0.8551
vn -0.1590 -0.0659 -0.9851
vn -0.4573 -0.2444 0.8551
vn -0.1518 -0.0811 -0.9851
vn -0.4311 -0.2881 0.8551
vn -0.1431 -0.0956 -0.9851
vn -0.4008 -0.3289 0.8551
vn -0.1330 -0.1092 -0.9851
vn -0.3666 -0.3666 0.8551
vn -0.1217 -0.1217 -0.9851
vn -0.3289 -0.4008 0.8551
vn -0.1092 -0.1330 -0.9851
vn -0.2881 -0.4311 0.8551
vn -0.0956 -0.1431 -0.9851
vn -0.2444 -0.4573 0.8551
vn -0.0811 -0.1518 -0.9851
vn -0.1984 -0.4790 0.8551
vn -0.0659 -0.1590 -0.9851
vn -0.1505 -0.4962 0.8551
vn -0.0500 -0.1647 -0.9851
vn -0.1012 -0.5085 0.8551
vn -0.0336 -0.1688 -0.9851
vn -0.0508 -0.5160 0.8551
vn -0.0169 -0.1713 -0.9851
vn -0.0000 -0.5185 0.8551
vn -0.0000 -0.1721 -0.9851
vn 0.0508 -0.5160 0.8551
vn 0.0169 -0.1713 -0.9851
vn 0.1012 -0.5085 0.8551
vn 0.0336 -0.1688 -0.9851
vn 0.1505 -0.4962 0.8551
vn 0.0500 -0.1647 -0.9851
vn 0.1984 -0.4790 0.8551
vn 0.0659 -0.1590 -0.9851
vn 0.2444 -0.4573 0.8551
vn 0.0811 -0.1518 -0.9851
vn 0.2881 -0.4311 0.8551
vn 0.0956 -0.1431 -0.9851
vn 0.3289 -0.4008 0.8551
vn 0.1092 -0.1330 -0.9851
vn 0.3666 -0.3666 0.8551
vn 0.1217 -0.1217 -0.9851
vn 0.4008 -0.3289 0.8551
vn 0.1330 -0.1092 -0.9851
vn 0.4311 -0.2881 0.8551
vn 0.1431 -0.0956 -0.9851
vn 0.4573 -0.2444 0.8551
vn 0.1518 -0.0811 -0.9851
vn 0.4790 -0.1984 0.8551
vn 0.1590 -0.0659 -0.9851
vn 0.4962 -0.1505 0.8551
vn 0.1647 -0.0500 -0.9851
vn 0.5086 -0.1012 0.8551
vn 0.1688 -0.0336 -0.9851
vn 0.5158 -0.0508 0.8552
vn 0.1712 -0.0169 -0.9851
vn 0.5178 -0.0254 0.8551
vn 0.1719 -0.0084 -0.9851
vn -0.0417 -0.9989 0.0194
vn -0.0451 -0.9989 0.0127
vn -0.0451 -0.9989 0.0128
vn -0.0445 -0.9989 0.0140
vn -0.0482 -0.9988 -0.0000
vn -0.0478 -0.9989 -0.0000
vn -0.0451 -0.9989 -0.0127
vn -0.0417 -0.9989 -0.0194
vn -0.0451 -0.9989 -0.0128
vn -0.0445 -0.9989 -0.0140
vn -0.0391 -0.9990 0.0205
vn -0.0449 -0.9989 0.0127
vn -0.0365 -0.9991 0.0223
vn -0.0441 -0.9989 -0.0140
vn -0.0470 -0.9989 -0.0081
vt 0.005856 0.929655
vt 0.005856 0.925418
vt 0.036731 0.925418
vt 0.036731 0.929655
vt 0.067605 0.925418
vt 0.067605 0.929655
vt 0.098480 0.925418
vt 0.098480 0.929655
vt 0.129355 0.925418
vt 0.129355 0.929655
vt 0.160230 0.925418
vt 0.160230 0.929655
vt 0.191104 0.925418
vt 0.191104 0.929655
vt 0.221979 0.925418
vt 0.221979 0.929655
vt 0.252854 0.925418
vt 0.252854 0.929655
vt 0.283728 0.925418
vt 0.283728 0.929655
vt 0.314603 0.925418
vt 0.314603 0.929655
vt 0.345478 0.925418
vt 0.345478 0.929655
vt 0.376353 0.925418
vt 0.376353 0.929655
vt 0.407228 0.925418
vt 0.407228 0.929655
vt 0.438102 0.925418
vt 0.438102 0.929655
vt 0.468977 0.925418
vt 0.468977 0.929655
vt 0.499852 0.925418
vt 0.499852 0.929655
vt 0.530727 0.925418
vt 0.530727 0.929655
vt 0.561601 0.925418
vt 0.561601 0.929655
vt 0.592476 0.925418
vt 0.592476 0.929655
vt 0.623351 0.925418
vt 0.623351 0.929655
vt 0.654226 0.925418
vt 0.654226 0.929655
vt 0.685100 0.925418
vt 0.685100 0.929655
vt 0.715975 0.925418
vt 0.715975 0.929655
vt 0.746850 0.925418
vt 0.746850 0.929655
vt 0.777725 0.925418
vt 0.777725 0.929655
vt 0.808599 0.925418
vt 0.808599 0.929655
vt 0.839474 0.925418
vt 0.839474 0.929655
vt 0.870349 0.925418
vt 0.870349 0.929655
vt 0.901224 0.925418
vt 0.901224 0.929655
vt 0.932098 0.925418
vt 0.932098 0.929655
vt 0.962973 0.925418
vt 0.962973 0.929655
vt 0.993848 0.925418
vt 0.993848 0.929655
vt 0.005856 0.935248
vt 0.036731 0.935248
vt 0.067605 0.935248
vt 0.098480 0.935248
vt 0.129355 0.935248
vt 0.160230 0.935248
vt 0.191104 0.935248
vt 0.221979 0.935248
vt 0.252854 0.935248
vt 0.283728 0.935248
vt 0.314603 0.935248
vt 0.345478 0.935248
vt 0.376353 0.935248
vt 0.407228 0.935248
vt 0.438102 0.935248
vt 0.468977 0.935248
vt 0.499852 0.935248
vt 0.530727 0.935248
vt 0.561601 0.935248
vt 0.592476 0.935248
vt 0.623351 0.935248
vt 0.654226 0.935248
vt 0.685100 0.935248
vt 0.715975 0.935248
vt 0.746850 0.935248
vt 0.777725 0.935248
vt 0.808599 0.935248
vt 0.839474 0.935248
vt 0.870349 0.935248
vt 0.901224 0.935248
vt 0.932098 0.935248
vt 0.962973 0.935248
vt 0.993848 0.935248
vt 0.005856 0.921708
vt 0.036731 0.921708
vt 0.067605 0.921708
vt 0.098480 0.921708
vt 0.129355 0.921708
vt 0.160230 0.921708
vt 0.191104 0.921708
vt 0.221979 0.921708
vt 0.252854 0.921708
vt 0.283728 0.921708
vt 0.314603 0.921708
vt 0.345478 0.921708
vt 0.376353 0.921708
vt 0.407228 0.921708
vt 0.438102 0.921708
vt 0.468977 0.921708
vt 0.499852 0.921708
vt 0.530727 0.921708
vt 0.561601 0.921708
vt 0.592476 0.921708
vt 0.623351 0.921708
vt 0.654226 0.921708
vt 0.685100 0.921708
vt 0.715975 0.921708
vt 0.746850 0.921708
vt 0.777725 0.921708
vt 0.808599 0.921708
vt 0.839474 0.921708
vt 0.870349 0.921708
vt 0.901224 0.921708
vt 0.932098 0.921708
vt 0.962973 0.921708
vt 0.993848 0.921708
vt 0.005856 0.938981
vt 0.036731 0.938981
vt 0.067605 0.938981
vt 0.098480 0.938981
vt 0.129355 0.938981
vt 0.160230 0.938981
vt 0.191104 0.938981
vt 0.221979 0.938981
vt 0.252854 0.938981
vt 0.283728 0.938981
vt 0.314603 0.938981
vt 0.345478 0.938981
vt 0.376353 0.938981
vt 0.407228 0.938981
vt 0.438102 0.938981
vt 0.468977 0.938981
vt 0.499852 0.938981
vt 0.530727 0.938981
vt 0.561601 0.938981
vt 0.592476 0.938981
vt 0.623351 0.938981
vt 0.654226 0.938981
vt 0.685100 0.938981
vt 0.715975 0.938981
vt 0.746850 0.938981
vt 0.777725 0.938981
vt 0.808599 0.938981
vt 0.839474 0.938981
vt 0.870349 0.938981
vt 0.901224 0.938981
vt 0.932098 0.938981
vt 0.962973 0.938981
vt 0.993848 0.938981
vt 0.005856 0.952545
vt 0.005856 0.948308
vt 0.036730 0.948308
vt 0.036730 0.952545
vt 0.067605 0.948308
vt 0.067605 0.952545
vt 0.098480 0.948308
vt 0.098480 0.952545
vt 0.129355 0.948308
vt 0.129355 0.952545
vt 0.160230 0.948308
vt 0.160230 0.952545
vt 0.191104 0.948308
vt 0.191104 0.952545
vt 0.221979 0.948308
vt 0.221979 0.952545
vt 0.252854 0.948308
vt 0.252854 0.952545
vt 0.283728 0.948308
vt 0.283728 0.952545
vt 0.314603 0.948308
vt 0.314603 0.952545
vt 0.345478 0.948308
vt 0.345478 0.952545
vt 0.376353 0.948308
vt 0.376353 0.952545
vt 0.407228 0.948308
vt 0.407228 0.952545
vt 0.438102 0.948308
vt 0.438102 0.952545
vt 0.468977 0.948308
vt 0.468977 0.952545
vt 0.499852 0.948308
vt 0.499852 0.952545
vt 0.530727 0.948308
vt 0.530727 0.952545
vt 0.561601 0.948308
vt 0.561601 0.952545
vt 0.592476 0.948308
vt 0.592476 0.952545
vt 0.623351 0.948308
vt 0.623351 0.952545
vt 0.654226 0.948308
vt 0.654226 0.952545
vt 0.685100 0.948308
vt 0.685100 0.952545
vt 0.715975 0.948308
vt 0.715975 0.952545
vt 0.746850 0.948308
vt 0.746850 0.952545
vt 0.777725 0.948308
vt 0.777725 0.952545
vt 0.808599 0.948308
vt 0.808599 0.952545
vt 0.839474 0.948308
vt 0.839474 0.952545
vt 0.870349 0.948308
vt 0.870349 0.952545
vt 0.901224 0.948308
vt 0.901224 0.952545
vt 0.932098 0.948308
vt 0.932098 0.952545
vt 0.962973 0.948308
vt 0.962973 0.952545
vt 0.993848 0.948308
vt 0.993848 0.952545
vt 0.005856 0.956255
vt 0.036730 0.956255
vt 0.067605 0.956255
vt 0.098480 0.956255
vt 0.129355 0.956255
vt 0.160230 0.956255
vt 0.191104 0.956255
vt 0.221979 0.956255
vt 0.252854 0.956255
vt 0.283728 0.956255
vt 0.314603 0.956255
vt 0.345478 0.956255
vt 0.376353 0.956255
vt 0.407228 0.956255
vt 0.438102 0.956255
vt 0.468977 0.956255
vt 0.499852 0.956255
vt 0.530727 0.956255
vt 0.561601 0.956255
vt 0.592476 0.956255
vt 0.623351 0.956255
vt 0.654226 0.956255
vt 0.685100 0.956255
vt 0.715975 0.956255
vt 0.746850 0.956255
vt 0.777725 0.956255
vt 0.808599 0.956255
vt 0.839474 0.956255
vt 0.870349 0.956255
vt 0.901224 0.956255
vt 0.932098 0.956255
vt 0.962973 0.956255
vt 0.993848 0.956255
vt 0.005856 0.942714
vt 0.036731 0.942714
vt 0.067605 0.942714
vt 0.098480 0.942714
vt 0.129355 0.942714
vt 0.160230 0.942714
vt 0.191104 0.942714
vt 0.221979 0.942714
vt 0.252854 0.942714
vt 0.283728 0.942714
vt 0.314603 0.942714
vt 0.345478 0.942714
vt 0.376353 0.942714
vt 0.407228 0.942714
vt 0.438102 0.942714
vt 0.468977 0.942714
vt 0.499852 0.942714
vt 0.530727 0.942714
vt 0.561601 0.942714
vt 0.592476 0.942714
vt 0.623351 0.942714
vt 0.654226 0.942714
vt 0.685100 0.942714
vt 0.715975 0.942714
vt 0.746850 0.942714
vt 0.777725 0.942714
vt 0.808599 0.942714
vt 0.839474 0.942714
vt 0.870349 0.942714
vt 0.901224 0.942714
vt 0.932098 0.942714
vt 0.962973 0.942714
vt 0.993848 0.942714
vt 0.005856 0.964202
vt 0.005856 0.959966
vt 0.036730 0.959966
vt 0.036730 0.964202
vt 0.067605 0.959966
vt 0.067605 0.964202
vt 0.098480 0.959966
vt 0.098480 0.964202
vt 0.129355 0.959966
vt 0.129355 0.964202
vt 0.160230 0.959966
vt 0.160230 0.964202
vt 0.191104 0.959966
vt 0.191104 0.964202
vt 0.221979 0.959966
vt 0.221979 0.964202
vt 0.252854 0.959966
vt 0.252854 0.964202
vt 0.283728 0.959966
vt 0.283728 0.964202
vt 0.314603 0.959966
vt 0.314603 0.964202
vt 0.345478 0.959966
vt 0.345478 0.964202
vt 0.376353 0.959966
vt 0.376353 0.964202
vt 0.407228 0.959966
vt 0.407228 0.964202
vt 0.438102 0.959966
vt 0.438102 0.964202
vt 0.468977 0.959966
vt 0.468977 0.964202
vt 0.499852 0.959966
vt 0.499852 0.964202
vt 0.530727 0.959966
vt 0.530727 0.964202
vt 0.561601 0.959966
vt 0.561601 0.964202
vt 0.592476 0.959966
vt 0.592476 0.964202
vt 0.623351 0.959966
vt 0.623351 0.964202
vt 0.654226 0.959966
vt 0.654226 0.964202
vt 0.685100 0.959966
vt 0.685100 0.964202
vt 0.715975 0.959966
vt 0.715975 0.964202
vt 0.746850 0.959966
vt 0.746850 0.964202
vt 0.777725 0.959966
vt 0.777725 0.964202
vt 0.808599 0.959966
vt 0.808599 0.964202
vt 0.839474 0.959966
vt 0.839474 0.964202
vt 0.870349 0.959966
vt 0.870349 0.964202
vt 0.901224 0.959966
vt 0.901224 0.964202
vt 0.932098 0.959966
vt 0.932098 0.964202
vt 0.962973 0.959966
vt 0.962973 0.964202
vt 0.993848 0.959966
vt 0.993848 0.964202
vt 0.005856 0.967815
vt 0.036730 0.967815
vt 0.067605 0.967815
vt 0.098480 0.967815
vt 0.129355 0.967815
vt 0.160230 0.967815
vt 0.191104 0.967815
vt 0.221979 0.967815
vt 0.252854 0.967815
vt 0.283728 0.967815
vt 0.314603 0.967815
vt 0.345478 0.967815
vt 0.376353 0.967815
vt 0.407228 0.967815
vt 0.438102 0.967815
vt 0.468977 0.967815
vt 0.499852 0.967815
vt 0.530727 0.967815
vt 0.561601 0.967815
vt 0.592476 0.967815
vt 0.623351 0.967815
vt 0.654226 0.967815
vt 0.685100 0.967815
vt 0.715975 0.967815
vt 0.746850 0.967815
vt 0.777725 0.967815
vt 0.808599 0.967815
vt 0.839474 0.967815
vt 0.870349 0.967815
vt 0.901224 0.967815
vt 0.932098 0.967815
vt 0.962973 0.967815
vt 0.993848 0.967815
vt 0.005856 0.895107
vt 0.005856 0.890871
vt 0.036731 0.890871
vt 0.036731 0.895107
vt 0.067605 0.890871
vt 0.067605 0.895107
vt 0.098480 0.890871
vt 0.098480 0.895107
vt 0.129355 0.890871
vt 0.129355 0.895107
vt 0.160230 0.890871
vt 0.160230 0.895107
vt 0.191104 0.890871
vt 0.191104 0.895107
vt 0.221979 0.890871
vt 0.221979 0.895107
vt 0.252854 0.890871
vt 0.252854 0.895107
vt 0.283728 0.890871
vt 0.283728 0.895107
vt 0.314603 0.890871
vt 0.314603 0.895107
vt 0.345478 0.890871
vt 0.345478 0.895107
vt 0.376353 0.890871
vt 0.376353 0.895107
vt 0.407228 0.890871
vt 0.407228 0.895107
vt 0.438102 0.890871
vt 0.438102 0.895107
vt 0.468977 0.890871
vt 0.468977 0.895107
vt 0.499852 0.890871
vt 0.499852 0.895107
vt 0.530727 0.890871
vt 0.530727 0.895107
vt 0.561601 0.890871
vt 0.561601 0.895107
vt 0.592476 0.890871
vt 0.592476 0.895107
vt 0.623351 0.890871
vt 0.623351 0.895107
vt 0.654226 0.890871
vt 0.654226 0.895107
vt 0.685100 0.890871
vt 0.685100 0.895107
vt 0.715975 0.890871
vt 0.715975 0.895107
vt 0.746850 0.890871
vt 0.746850 0.895107
vt 0.777725 0.890871
vt 0.777725 0.895107
vt 0.808599 0.890871
vt 0.808599 0.895107
vt 0.839474 0.890871
vt 0.839474 0.895107
vt 0.870349 0.890871
vt 0.870349 0.895107
vt 0.901224 0.890871
vt 0.901224 0.895107
vt 0.932098 0.890871
vt 0.932098 0.895107
vt 0.962973 0.890871
vt 0.962973 0.895107
vt 0.993848 0.890871
vt 0.993848 0.895107
vt 0.005856 0.900701
vt 0.036731 0.900701
vt 0.067605 0.900701
vt 0.098480 0.900701
vt 0.129355 0.900701
vt 0.160230 0.900701
vt 0.191104 0.900701
vt 0.221979 0.900701
vt 0.252854 0.900701
vt 0.283728 0.900701
vt 0.314603 0.900701
vt 0.345478 0.900701
vt 0.376353 0.900701
vt 0.407228 0.900701
vt 0.438102 0.900701
vt 0.468977 0.900701
vt 0.499852 0.900701
vt 0.530727 0.900701
vt 0.561601 0.900701
vt 0.592476 0.900701
vt 0.623351 0.900701
vt 0.654226 0.900701
vt 0.685100 0.900701
vt 0.715975 0.900701
vt 0.746850 0.900701
vt 0.777725 0.900701
vt 0.808599 0.900701
vt 0.839474 0.900701
vt 0.870349 0.900701
vt 0.901224 0.900701
vt 0.932098 0.900701
vt 0.962973 0.900701
vt 0.993848 0.900701
vt 0.005856 0.887160
vt 0.036731 0.887160
vt 0.067605 0.887160
vt 0.098480 0.887160
vt 0.129355 0.887160
vt 0.160230 0.887160
vt 0.191104 0.887160
vt 0.221979 0.887160
vt 0.252854 0.887160
vt 0.283728 0.887160
vt 0.314603 0.887160
vt 0.345478 0.887160
vt 0.376353 0.887160
vt 0.407228 0.887160
vt 0.438102 0.887160
vt 0.468977 0.887160
vt 0.499852 0.887160
vt 0.530727 0.887160
vt 0.561601 0.887160
vt 0.592476 0.887160
vt 0.623351 0.887160
vt 0.654226 0.887160
vt 0.685100 0.887160
vt 0.715975 0.887160
vt 0.746850 0.887160
vt 0.777725 0.887160
vt 0.808599 0.887160
vt 0.839474 0.887160
vt 0.870349 0.887160
vt 0.901224 0.887160
vt 0.932098 0.887160
vt 0.962973 0.887160
vt 0.993848 0.887160
vt 0.005856 0.904434
vt 0.036731 0.904434
vt 0.067605 0.904434
vt 0.098480 0.904434
vt 0.129355 0.904434
vt 0.160230 0.904434
vt 0.191104 0.904434
vt 0.221979 0.904434
vt 0.252854 0.904434
vt 0.283728 0.904434
vt 0.314603 0.904434
vt 0.345478 0.904434
vt 0.376353 0.904434
vt 0.407228 0.904434
vt 0.438102 0.904434
vt 0.468977 0.904434
vt 0.499852 0.904434
vt 0.530727 0.904434
vt 0.561601 0.904434
vt 0.592476 0.904434
vt 0.623351 0.904434
vt 0.654226 0.904434
vt 0.685100 0.904434
vt 0.715975 0.904434
vt 0.746850 0.904434
vt 0.777725 0.904434
vt 0.808599 0.904434
vt 0.839474 0.904434
vt 0.870349 0.904434
vt 0.901224 0.904434
vt 0.932098 0.904434
vt 0.962973 0.904434
vt 0.993848 0.904434
vt 0.005856 0.917997
vt 0.005856 0.913761
vt 0.036731 0.913761
vt 0.036731 0.917997
vt 0.067605 0.913761
vt 0.067605 0.917997
vt 0.098480 0.913761
vt 0.098480 0.917997
vt 0.129355 0.913761
vt 0.129355 0.917997
vt 0.160230 0.913761
vt 0.160230 0.917997
vt 0.191104 0.913761
vt 0.191104 0.917997
vt 0.221979 0.913761
vt 0.221979 0.917997
vt 0.252854 0.913761
vt 0.252854 0.917997
vt 0.283728 0.913761
vt 0.283728 0.917997
vt 0.314603 0.913761
vt 0.314603 0.917997
vt 0.345478 0.913761
vt 0.345478 0.917997
vt 0.376353 0.913761
vt 0.376353 0.917997
vt 0.407228 0.913761
vt 0.407228 0.917997
vt 0.438102 0.913761
vt 0.438102 0.917997
vt 0.468977 0.913761
vt 0.468977 0.917997
vt 0.499852 0.913761
vt 0.499852 0.917997
vt 0.530727 0.913761
vt 0.530727 0.917997
vt 0.561601 0.913761
vt 0.561601 0.917997
vt 0.592476 0.913761
vt 0.592476 0.917997
vt 0.623351 0.913761
vt 0.623351 0.917997
vt 0.654226 0.913761
vt 0.654226 0.917997
vt 0.685100 0.913761
vt 0.685100 0.917997
vt 0.715975 0.913761
vt 0.715975 0.917997
vt 0.746850 0.913761
vt 0.746850 0.917997
vt 0.777725 0.913761
vt 0.777725 0.917997
vt 0.808599 0.913761
vt 0.808599 0.917997
vt 0.839474 0.913761
vt 0.839474 0.917997
vt 0.870349 0.913761
vt 0.870349 0.917997
vt 0.901224 0.913761
vt 0.901224 0.917997
vt 0.932098 0.913761
vt 0.932098 0.917997
vt 0.962973 0.913761
vt 0.962973 0.917997
vt 0.993848 0.913761
vt 0.993848 0.917997
vt 0.005856 0.908167
vt 0.036731 0.908167
vt 0.067605 0.908167
vt 0.098480 0.908167
vt 0.129355 0.908167
vt 0.160230 0.908167
vt 0.191104 0.908167
vt 0.221979 0.908167
vt 0.252854 0.908167
vt 0.283728 0.908167
vt 0.314603 0.908167
vt 0.345478 0.908167
vt 0.376353 0.908167
vt 0.407228 0.908167
vt 0.438102 0.908167
vt 0.468977 0.908167
vt 0.499852 0.908167
vt 0.530727 0.908167
vt 0.561601 0.908167
vt 0.592476 0.908167
vt 0.623351 0.908167
vt 0.654226 0.908167
vt 0.685100 0.908167
vt 0.715975 0.908167
vt 0.746850 0.908167
vt 0.777725 0.908167
vt 0.808599 0.908167
vt 0.839474 0.908167
vt 0.870349 0.908167
vt 0.901224 0.908167
vt 0.932098 0.908167
vt 0.962973 0.908167
vt 0.993848 0.908167
vt 0.005856 0.860560
vt 0.005856 0.856324
vt 0.036731 0.856324
vt 0.036731 0.860560
vt 0.067605 0.856324
vt 0.067605 0.860560
vt 0.098480 0.856324
vt 0.098480 0.860560
vt 0.129355 0.856324
vt 0.129355 0.860560
vt 0.160230 0.856324
vt 0.160230 0.860560
vt 0.191104 0.856324
vt 0.191104 0.860560
vt 0.221979 0.856324
vt 0.221979 0.860560
vt 0.252854 0.856324
vt 0.252854 0.860560
vt 0.283728 0.856324
vt 0.283728 0.860560
vt 0.314603 0.856324
vt 0.314603 0.860560
vt 0.345478 0.856324
vt 0.345478 0.860560
vt 0.376353 0.856324
vt 0.376353 0.860560
vt 0.407228 0.856324
vt 0.407228 0.860560
vt 0.438102 0.856324
vt 0.438102 0.860560
vt 0.468977 0.856324
vt 0.468977 0.860560
vt 0.499852 0.856324
vt 0.499852 0.860560
vt 0.530727 0.856324
vt 0.530727 0.860560
vt 0.561601 0.856324
vt 0.561601 0.860560
vt 0.592476 0.856324
vt 0.592476 0.860560
vt 0.623351 0.856324
vt 0.623351 0.860560
vt 0.654226 0.856324
vt 0.654226 0.860560
vt 0.685100 0.856324
vt 0.685100 0.860560
vt 0.715975 0.856324
vt 0.715975 0.860560
vt 0.746850 0.856324
vt 0.746850 0.860560
vt 0.777725 0.856324
vt 0.777725 0.860560
vt 0.808599 0.856324
vt 0.808599 0.860560
vt 0.839474 0.856324
vt 0.839474 0.860560
vt 0.870349 0.856324
vt 0.870349 0.860560
vt 0.901224 0.856324
vt 0.901224 0.860560
vt 0.932098 0.856324
vt 0.932098 0.860560
vt 0.962973 0.856324
vt 0.962973 0.860560
vt 0.993848 0.856324
vt 0.993848 0.860560
vt 0.005856 0.866154
vt 0.036731 0.866154
vt 0.067605 0.866154
vt 0.098480 0.866154
vt 0.129355 0.866154
vt 0.160230 0.866154
vt 0.191104 0.866154
vt 0.221979 0.866154
vt 0.252854 0.866154
vt 0.283728 0.866154
vt 0.314603 0.866154
vt 0.345478 0.866154
vt 0.376353 0.866154
vt 0.407228 0.866154
vt 0.438102 0.866154
vt 0.468977 0.866154
vt 0.499852 0.866154
vt 0.530727 0.866154
vt 0.561601 0.866154
vt 0.592476 0.866154
vt 0.623351 0.866154
vt 0.654226 0.866154
vt 0.685100 0.866154
vt 0.715975 0.866154
vt 0.746850 0.866154
vt 0.777725 0.866154
vt 0.808599 0.866154
vt 0.839474 0.866154
vt 0.870349 0.866154
vt 0.901224 0.866154
vt 0.932098 0.866154
vt 0.962973 0.866154
vt 0.993848 0.866154
vt 0.005856 0.852613
vt 0.036731 0.852613
vt 0.067605 0.852613
vt 0.098480 0.852613
vt 0.129355 0.852613
vt 0.160230 0.852613
vt 0.191104 0.852613
vt 0.221979 0.852613
vt 0.252854 0.852613
vt 0.283728 0.852613
vt 0.314603 0.852613
vt 0.345478 0.852613
vt 0.376353 0.852613
vt 0.407228 0.852613
vt 0.438102 0.852613
vt 0.468977 0.852613
vt 0.499852 0.852613
vt 0.530727 0.852613
vt 0.561601 0.852613
vt 0.592476 0.852613
vt 0.623351 0.852613
vt 0.654226 0.852613
vt 0.685100 0.852613
vt 0.715975 0.852613
vt 0.746850 0.852613
vt 0.777725 0.852613
vt 0.808599 0.852613
vt 0.839474 0.852613
vt 0.870349 0.852613
vt 0.901224 0.852613
vt 0.932098 0.852613
vt 0.962973 0.852613
vt 0.993848 0.852613
vt 0.005856 0.869887
vt 0.036731 0.869887
vt 0.067605 0.869887
vt 0.098480 0.869887
vt 0.129355 0.869887
vt 0.160230 0.869887
vt 0.191104 0.869887
vt 0.221979 0.869887
vt 0.252854 0.869887
vt 0.283728 0.869887
vt 0.314603 0.869887
vt 0.345478 0.869887
vt 0.376353 0.869887
vt 0.407228 0.869887
vt 0.438102 0.869887
vt 0.468977 0.869887
vt 0.499852 0.869887
vt 0.530727 0.869887
vt 0.561601 0.869887
vt 0.592476 0.869887
vt 0.623351 0.869887
vt 0.654226 0.869887
vt 0.685100 0.869887
vt 0.715975 0.869887
vt 0.746850 0.869887
vt 0.777725 0.869887
vt 0.808599 0.869887
vt 0.839474 0.869887
vt 0.870349 0.869887
vt 0.901224 0.869887
vt 0.932098 0.869887
vt 0.962973 0.869887
vt 0.993848 0.869887
vt 0.005856 0.883450
vt 0.005856 0.879213
vt 0.036731 0.879213
vt 0.036731 0.883450
vt 0.067605 0.879213
vt 0.067605 0.883450
vt 0.098480 0.879213
vt 0.098480 0.883450
vt 0.129355 0.879213
vt 0.129355 0.883450
vt 0.160230 0.879213
vt 0.160230 0.883450
vt 0.191104 0.879213
vt 0.191104 0.883450
vt 0.221979 0.879213
vt 0.221979 0.883450
vt 0.252854 0.879213
vt 0.252854 0.883450
vt 0.283728 0.879213
vt 0.283728 0.883450
vt 0.314603 0.879213
vt 0.314603 0.883450
vt 0.345478 0.879213
vt 0.345478 0.883450
vt 0.376353 0.879213
vt 0.376353 0.883450
vt 0.407228 0.879213
vt 0.407228 0.883450
vt 0.438102 0.879213
vt 0.438102 0.883450
vt 0.468977 0.879213
vt 0.468977 0.883450
vt 0.499852 0.879213
vt 0.499852 0.883450
vt 0.530727 0.879213
vt 0.530727 0.883450
vt 0.561601 0.879213
vt 0.561601 0.883450
vt 0.592476 0.879213
vt 0.592476 0.883450
vt 0.623351 0.879213
vt 0.623351 0.883450
vt 0.654226 0.879213
vt 0.654226 0.883450
vt 0.685100 0.879213
vt 0.685100 0.883450
vt 0.715975 0.879213
vt 0.715975 0.883450
vt 0.746850 0.879213
vt 0.746850 0.883450
vt 0.777725 0.879213
vt 0.777725 0.883450
vt 0.808599 0.879213
vt 0.808599 0.883450
vt 0.839474 0.879213
vt 0.839474 0.883450
vt 0.870349 0.879213
vt 0.870349 0.883450
vt 0.901224 0.879213
vt 0.901224 0.883450
vt 0.932098 0.879213
vt 0.932098 0.883450
vt 0.962973 0.879213
vt 0.962973 0.883450
vt 0.993848 0.879213
vt 0.993848 0.883450
vt 0.005856 0.873620
vt 0.036731 0.873620
vt 0.067605 0.873620
vt 0.098480 0.873620
vt 0.129355 0.873620
vt 0.160230 0.873620
vt 0.191104 0.873620
vt 0.221979 0.873620
vt 0.252854 0.873620
vt 0.283728 0.873620
vt 0.314603 0.873620
vt 0.345478 0.873620
vt 0.376353 0.873620
vt 0.407228 0.873620
vt 0.438102 0.873620
vt 0.468977 0.873620
vt 0.499852 0.873620
vt 0.530727 0.873620
vt 0.561601 0.873620
vt 0.592476 0.873620
vt 0.623351 0.873620
vt 0.654226 0.873620
vt 0.685100 0.873620
vt 0.715975 0.873620
vt 0.746850 0.873620
vt 0.777725 0.873620
vt 0.808599 0.873620
vt 0.839474 0.873620
vt 0.870349 0.873620
vt 0.901224 0.873620
vt 0.932098 0.873620
vt 0.962973 0.873620
vt 0.993848 0.873620
vt 0.005856 0.826013
vt 0.005856 0.821776
vt 0.036731 0.821776
vt 0.036731 0.826013
vt 0.067605 0.821776
vt 0.067605 0.826013
vt 0.098480 0.821776
vt 0.098480 0.826013
vt 0.129355 0.821776
vt 0.129355 0.826013
vt 0.160230 0.821776
vt 0.160230 0.826013
vt 0.191104 0.821776
vt 0.191104 0.826013
vt 0.221979 0.821776
vt 0.221979 0.826013
vt 0.252854 0.821776
vt 0.252854 0.826013
vt 0.283728 0.821776
vt 0.283728 0.826013
vt 0.314603 0.821776
vt 0.314603 0.826013
vt 0.345478 0.821776
vt 0.345478 0.826013
vt 0.376353 0.821776
vt 0.376353 0.826013
vt 0.407228 0.821776
vt 0.407228 0.826013
vt 0.438102 0.821776
vt 0.438102 0.826013
vt 0.468977 0.821776
vt 0.468977 0.826013
vt 0.499852 0.821776
vt 0.499852 0.826013
vt 0.530727 0.821776
vt 0.530727 0.826013
vt 0.561601 0.821776
vt 0.561601 0.826013
vt 0.592476 0.821776
vt 0.592476 0.826013
vt 0.623351 0.821776
vt 0.623351 0.826013
vt 0.654226 0.821776
vt 0.654226 0.826013
vt 0.685100 0.821776
vt 0.685100 0.826013
vt 0.715975 0.821776
vt 0.715975 0.826013
vt 0.746850 0.821776
vt 0.746850 0.826013
vt 0.777725 0.821776
vt 0.777725 0.826013
vt 0.808599 0.821776
vt 0.808599 0.826013
vt 0.839474 0.821776
vt 0.839474 0.826013
vt 0.870349 0.821776
vt 0.870349 0.826013
vt 0.901224 0.821776
vt 0.901224 0.826013
vt 0.932098 0.821776
vt 0.932098 0.826013
vt 0.962973 0.821776
vt 0.962973 0.826013
vt 0.993848 0.821776
vt 0.993848 0.826013
vt 0.005856 0.831606
vt 0.036731 0.831606
vt 0.067605 0.831606
vt 0.098480 0.831606
vt 0.129355 0.831606
vt 0.160230 0.831607
vt 0.191104 0.831607
vt 0.221979 0.831607
vt 0.252854 0.831607
vt 0.283728 0.831607
vt 0.314603 0.831607
vt 0.345478 0.831607
vt 0.376353 0.831607
vt 0.407228 0.831607
vt 0.438102 0.831607
vt 0.468977 0.831607
vt 0.499852 0.831607
vt 0.530727 0.831607
vt 0.561601 0.831607
vt 0.592476 0.831607
vt 0.623351 0.831607
vt 0.654226 0.831607
vt 0.685100 0.831607
vt 0.715975 0.831607
vt 0.746850 0.831607
vt 0.777725 0.831607
vt 0.808599 0.831607
vt 0.839474 0.831607
vt 0.870349 0.831607
vt 0.901224 0.831607
vt 0.932098 0.831607
vt 0.962973 0.831607
vt 0.993848 0.831607
vt 0.005856 0.818066
vt 0.036731 0.818066
vt 0.067605 0.818066
vt 0.098480 0.818066
vt 0.129355 0.818066
vt 0.160230 0.818066
vt 0.191104 0.818066
vt 0.221979 0.818066
vt 0.252854 0.818066
vt 0.283729 0.818066
vt 0.314603 0.818066
vt 0.345478 0.818066
vt 0.376353 0.818066
vt 0.407228 0.818066
vt 0.438102 0.818066
vt 0.468977 0.818066
vt 0.499852 0.818066
vt 0.530727 0.818066
vt 0.561601 0.818066
vt 0.592476 0.818066
vt 0.623351 0.818066
vt 0.654226 0.818066
vt 0.685100 0.818066
vt 0.715975 0.818066
vt 0.746850 0.818066
vt 0.777725 0.818066
vt 0.808599 0.818066
vt 0.839474 0.818066
vt 0.870349 0.818066
vt 0.901224 0.818066
vt 0.932099 0.818066
vt 0.962973 0.818066
vt 0.993848 0.818066
vt 0.005856 0.835339
vt 0.036731 0.835339
vt 0.067605 0.835339
vt 0.098480 0.835339
vt 0.129355 0.835339
vt 0.160230 0.835339
vt 0.191104 0.835339
vt 0.221979 0.835339
vt 0.252854 0.835339
vt 0.283728 0.835339
vt 0.314603 0.835339
vt 0.345478 0.835339
vt 0.376353 0.835339
vt 0.407228 0.835339
vt 0.438102 0.835339
vt 0.468977 0.835339
vt 0.499852 0.835339
vt 0.530727 0.835339
vt 0.561601 0.835339
vt 0.592476 0.835339
vt 0.623351 0.835339
vt 0.654226 0.835339
vt 0.685100 0.835339
vt 0.715975 0.835339
vt 0.746850 0.835339
vt 0.777725 0.835339
vt 0.808599 0.835339
vt 0.839474 0.835339
vt 0.870349 0.835339
vt 0.901224 0.835339
vt 0.932098 0.835339
vt 0.962973 0.835339
vt 0.993848 0.835339
vt 0.005856 0.848903
vt 0.005856 0.844666
vt 0.036731 0.844666
vt 0.036731 0.848903
vt 0.067605 0.844666
vt 0.067605 0.848903
vt 0.098480 0.844666
vt 0.098480 0.848903
vt 0.129355 0.844666
vt 0.129355 0.848903
vt 0.160230 0.844666
vt 0.160230 0.848903
vt 0.191104 0.844666
vt 0.191104 0.848903
vt 0.221979 0.844666
vt 0.221979 0.848903
vt 0.252854 0.844666
vt 0.252854 0.848903
vt 0.283728 0.844666
vt 0.283728 0.848903
vt 0.314603 0.844666
vt 0.314603 0.848903
vt 0.345478 0.844666
vt 0.345478 0.848903
vt 0.376353 0.844666
vt 0.376353 0.848903
vt 0.407228 0.844666
vt 0.407228 0.848903
vt 0.438102 0.844666
vt 0.438102 0.848903
vt 0.468977 0.844666
vt 0.468977 0.848903
vt 0.499852 0.844666
vt 0.499852 0.848903
vt 0.530727 0.844666
vt 0.530727 0.848903
vt 0.561601 0.844666
vt 0.561601 0.848903
vt 0.592476 0.844666
vt 0.592476 0.848903
vt 0.623351 0.844666
vt 0.623351 0.848903
vt 0.654226 0.844666
vt 0.654226 0.848903
vt 0.685100 0.844666
vt 0.685100 0.848903
vt 0.715975 0.844666
vt 0.715975 0.848903
vt 0.746850 0.844666
vt 0.746850 0.848903
vt 0.777725 0.844666
vt 0.777725 0.848903
vt 0.808599 0.844666
vt 0.808599 0.848903
vt 0.839474 0.844666
vt 0.839474 0.848903
vt 0.870349 0.844666
vt 0.870349 0.848903
vt 0.901224 0.844666
vt 0.901224 0.848903
vt 0.932098 0.844666
vt 0.932098 0.848903
vt 0.962973 0.844666
vt 0.962973 0.848903
vt 0.993848 0.844666
vt 0.993848 0.848903
vt 0.005856 0.839072
vt 0.036731 0.839072
vt 0.067605 0.839072
vt 0.098480 0.839072
vt 0.129355 0.839072
vt 0.160230 0.839072
vt 0.191104 0.839072
vt 0.221979 0.839072
vt 0.252854 0.839072
vt 0.283728 0.839072
vt 0.314603 0.839072
vt 0.345478 0.839072
vt 0.376353 0.839072
vt 0.407228 0.839072
vt 0.438102 0.839072
vt 0.468977 0.839072
vt 0.499852 0.839072
vt 0.530727 0.839072
vt 0.561601 0.839072
vt 0.592476 0.839072
vt 0.623351 0.839072
vt 0.654226 0.839072
vt 0.685100 0.839072
vt 0.715975 0.839072
vt 0.746850 0.839072
vt 0.777725 0.839072
vt 0.808599 0.839072
vt 0.839474 0.839072
vt 0.870349 0.839072
vt 0.901224 0.839072
vt 0.932098 0.839072
vt 0.962973 0.839072
vt 0.993848 0.839072
vt 0.005856 0.791465
vt 0.005856 0.787229
vt 0.036731 0.787229
vt 0.036731 0.791465
vt 0.067605 0.787229
vt 0.067605 0.791465
vt 0.098480 0.787229
vt 0.098480 0.791465
vt 0.129355 0.787229
vt 0.129355 0.791465
vt 0.160230 0.787229
vt 0.160230 0.791465
vt 0.191104 0.787229
vt 0.191104 0.791465
vt 0.221979 0.787229
vt 0.221979 0.791465
vt 0.252854 0.787229
vt 0.252854 0.791465
vt 0.283729 0.787229
vt 0.283729 0.791465
vt 0.314603 0.787229
vt 0.314603 0.791465
vt 0.345478 0.787229
vt 0.345478 0.791465
vt 0.376353 0.787229
vt 0.376353 0.791465
vt 0.407228 0.787229
vt 0.407228 0.791465
vt 0.438102 0.787229
vt 0.438102 0.791465
vt 0.468977 0.787229
vt 0.468977 0.791465
vt 0.499852 0.787229
vt 0.499852 0.791465
vt 0.530727 0.787229
vt 0.530727 0.791465
vt 0.561601 0.787229
vt 0.561601 0.791465
vt 0.592476 0.787229
vt 0.592476 0.791465
vt 0.623351 0.787229
vt 0.623351 0.791465
vt 0.654226 0.787229
vt 0.654226 0.791465
vt 0.685100 0.787229
vt 0.685100 0.791465
vt 0.715975 0.787229
vt 0.715975 0.791465
vt 0.746850 0.787229
vt 0.746850 0.791465
vt 0.777725 0.787229
vt 0.777725 0.791465
vt 0.808599 0.787229
vt 0.808599 0.791465
vt 0.839474 0.787229
vt 0.839474 0.791466
vt 0.870349 0.787229
vt 0.870349 0.791466
vt 0.901224 0.787229
vt 0.901224 0.791466
vt 0.932099 0.787229
vt 0.932099 0.791466
vt 0.962973 0.787229
vt 0.962973 0.791466
vt 0.993848 0.787229
vt 0.993848 0.791466
vt 0.005856 0.797059
vt 0.036731 0.797059
vt 0.067605 0.797059
vt 0.098480 0.797059
vt 0.129355 0.797059
vt 0.160230 0.797059
vt 0.191104 0.797059
vt 0.221979 0.797059
vt 0.252854 0.797059
vt 0.283729 0.797059
vt 0.314603 0.797059
vt 0.345478 0.797059
vt 0.376353 0.797059
vt 0.407228 0.797059
vt 0.438102 0.797059
vt 0.468977 0.797059
vt 0.499852 0.797059
vt 0.530727 0.797059
vt 0.561601 0.797059
vt 0.592476 0.797059
vt 0.623351 0.797059
vt 0.654226 0.797059
vt 0.685100 0.797059
vt 0.715975 0.797059
vt 0.746850 0.797059
vt 0.777725 0.797059
vt 0.808599 0.797059
vt 0.839474 0.797059
vt 0.870349 0.797059
vt 0.901224 0.797059
vt 0.932099 0.797059
vt 0.962973 0.797059
vt 0.993848 0.797059
vt 0.005856 0.783518
vt 0.036731 0.783518
vt 0.067605 0.783518
vt 0.098480 0.783518
vt 0.129355 0.783518
vt 0.160230 0.783518
vt 0.191104 0.783518
vt 0.221979 0.783518
vt 0.252854 0.783518
vt 0.283729 0.783518
vt 0.314603 0.783518
vt 0.345478 0.783518
vt 0.376353 0.783518
vt 0.407228 0.783518
vt 0.438102 0.783518
vt 0.468977 0.783518
vt 0.499852 0.783518
vt 0.530727 0.783518
vt 0.561601 0.783518
vt 0.592476 0.783518
vt 0.623351 0.783518
vt 0.654226 0.783518
vt 0.685100 0.783518
vt 0.715975 0.783518
vt 0.746850 0.783518
vt 0.777725 0.783518
vt 0.808599 0.783518
vt 0.839474 0.783519
vt 0.870349 0.783519
vt 0.901224 0.783519
vt 0.932099 0.783519
vt 0.962973 0.783519
vt 0.993848 0.783519
vt 0.005856 0.800792
vt 0.036731 0.800792
vt 0.067605 0.800792
vt 0.098480 0.800792
vt 0.129355 0.800792
vt 0.160230 0.800792
vt 0.191104 0.800792
vt 0.221979 0.800792
vt 0.252854 0.800792
vt 0.283729 0.800792
vt 0.314603 0.800792
vt 0.345478 0.800792
vt 0.376353 0.800792
vt 0.407228 0.800792
vt 0.438102 0.800792
vt 0.468977 0.800792
vt 0.499852 0.800792
vt 0.530727 0.800792
vt 0.561601 0.800792
vt 0.592476 0.800792
vt 0.623351 0.800792
vt 0.654226 0.800792
vt 0.685100 0.800792
vt 0.715975 0.800792
vt 0.746850 0.800792
vt 0.777725 0.800792
vt 0.808599 0.800792
vt 0.839474 0.800792
vt 0.870349 0.800792
vt 0.901224 0.800792
vt 0.932099 0.800792
vt 0.962973 0.800792
vt 0.993848 0.800792
vt 0.005856 0.814355
vt 0.005856 0.810119
vt 0.036731 0.810119
vt 0.036731 0.814355
vt 0.067605 0.810119
vt 0.067605 0.814355
vt 0.098480 0.810119
vt 0.098480 0.814355
vt 0.129355 0.810119
vt 0.129355 0.814355
vt 0.160230 0.810119
vt 0.160230 0.814355
vt 0.191104 0.810119
vt 0.191104 0.814355
vt 0.221979 0.810119
vt 0.221979 0.814355
vt 0.252854 0.810119
vt 0.252854 0.814355
vt 0.283729 0.810119
vt 0.283729 0.814355
vt 0.314603 0.810119
vt 0.314603 0.814355
vt 0.345478 0.810119
vt 0.345478 0.814355
vt 0.376353 0.810119
vt 0.376353 0.814355
vt 0.407228 0.810119
vt 0.407228 0.814355
vt 0.438102 0.810119
vt 0.438102 0.814355
vt 0.468977 0.810119
vt 0.468977 0.814355
vt 0.499852 0.810119
vt 0.499852 0.814355
vt 0.530727 0.810119
vt 0.530727 0.814355
vt 0.561601 0.810119
vt 0.561601 0.814355
vt 0.592476 0.810119
vt 0.592476 0.814355
vt 0.623351 0.810119
vt 0.623351 0.814355
vt 0.654226 0.810119
vt 0.654226 0.814355
vt 0.685100 0.810119
vt 0.685100 0.814355
vt 0.715975 0.810119
vt 0.715975 0.814355
vt 0.746850 0.810119
vt 0.746850 0.814355
vt 0.777725 0.810119
vt 0.777725 0.814355
vt 0.808599 0.810119
vt 0.808599 0.814355
vt 0.839474 0.810119
vt 0.839474 0.814355
vt 0.870349 0.810119
vt 0.870349 0.814355
vt 0.901224 0.810119
vt 0.901224 0.814355
vt 0.932099 0.810119
vt 0.932099 0.814355
vt 0.962973 0.810119
vt 0.962973 0.814355
vt 0.993848 0.810119
vt 0.993848 0.814355
vt 0.005856 0.804525
vt 0.036731 0.804525
vt 0.067605 0.804525
vt 0.098480 0.804525
vt 0.129355 0.804525
vt 0.160230 0.804525
vt 0.191104 0.804525
vt 0.221979 0.804525
vt 0.252854 0.804525
vt 0.283729 0.804525
vt 0.314603 0.804525
vt 0.345478 0.804525
vt 0.376353 0.804525
vt 0.407228 0.804525
vt 0.438102 0.804525
vt 0.468977 0.804525
vt 0.499852 0.804525
vt 0.530727 0.804525
vt 0.561601 0.804525
vt 0.592476 0.804525
vt 0.623351 0.804525
vt 0.654226 0.804525
vt 0.685100 0.804525
vt 0.715975 0.804525
vt 0.746850 0.804525
vt 0.777725 0.804525
vt 0.808599 0.804525
vt 0.839474 0.804525
vt 0.870349 0.804525
vt 0.901224 0.804525
vt 0.932099 0.804525
vt 0.962973 0.804525
vt 0.993848 0.804525
vt 0.005856 0.756918
vt 0.005856 0.752682
vt 0.036731 0.752682
vt 0.036731 0.756918
vt 0.067605 0.752682
vt 0.067605 0.756918
vt 0.098480 0.752682
vt 0.098480 0.756918
vt 0.129355 0.752682
vt 0.129355 0.756918
vt 0.160230 0.752682
vt 0.160230 0.756918
vt 0.191104 0.752682
vt 0.191104 0.756918
vt 0.221979 0.752682
vt 0.221979 0.756918
vt 0.252854 0.752682
vt 0.252854 0.756918
vt 0.283729 0.752682
vt 0.283729 0.756918
vt 0.314603 0.752682
vt 0.314603 0.756918
vt 0.345478 0.752682
vt 0.345478 0.756918
vt 0.376353 0.752682
vt 0.376353 0.756918
vt 0.407228 0.752682
vt 0.407228 0.756918
vt 0.438102 0.752682
vt 0.438102 0.756918
vt 0.468977 0.752682
vt 0.468977 0.756918
vt 0.499852 0.752682
vt 0.499852 0.756918
vt 0.530727 0.752682
vt 0.530727 0.756918
vt 0.561601 0.752682
vt 0.561601 0.756918
vt 0.592476 0.752682
vt 0.592476 0.756918
vt 0.623351 0.752682
vt 0.623351 0.756918
vt 0.654226 0.752682
vt 0.654226 0.756918
vt 0.685100 0.752682
vt 0.685100 0.756918
vt 0.715975 0.752682
vt 0.715975 0.756918
vt 0.746850 0.752682
vt 0.746850 0.756918
vt 0.777725 0.752682
vt 0.777725 0.756918
vt 0.808599 0.752682
vt 0.808599 0.756918
vt 0.839474 0.752682
vt 0.839474 0.756918
vt 0.870349 0.752682
vt 0.870349 0.756918
vt 0.901224 0.752682
vt 0.901224 0.756918
vt 0.932099 0.752682
vt 0.932099 0.756918
vt 0.962973 0.752682
vt 0.962973 0.756918
vt 0.993848 0.752682
vt 0.993848 0.756918
vt 0.005856 0.762512
vt 0.036731 0.762512
vt 0.067605 0.762512
vt 0.098480 0.762512
vt 0.129355 0.762512
vt 0.160230 0.762512
vt 0.191104 0.762512
vt 0.221979 0.762512
vt 0.252854 0.762512
vt 0.283729 0.762512
vt 0.314603 0.762512
vt 0.345478 0.762512
vt 0.376353 0.762512
vt 0.407228 0.762512
vt 0.438102 0.762512
vt 0.468977 0.762512
vt 0.499852 0.762512
vt 0.530727 0.762512
vt 0.561601 0.762512
vt 0.592476 0.762512
vt 0.623351 0.762512
vt 0.654226 0.762512
vt 0.685100 0.762512
vt 0.715975 0.762512
vt 0.746850 0.762512
vt 0.777725 0.762512
vt 0.808599 0.762512
vt 0.839474 0.762512
vt 0.870349 0.762512
vt 0.901224 0.762512
vt 0.932099 0.762512
vt 0.962973 0.762512
vt 0.993848 0.762512
vt 0.005856 0.748971
vt 0.036731 0.748971
vt 0.067605 0.748971
vt 0.098480 0.748971
vt 0.129355 0.748971
vt 0.160230 0.748971
vt 0.191104 0.748971
vt 0.221979 0.748971
vt 0.252854 0.748971
vt 0.283729 0.748971
vt 0.314603 0.748971
vt 0.345478 0.748971
vt 0.376353 0.748971
vt 0.407228 0.748971
vt 0.438102 0.748971
vt 0.468977 0.748971
vt 0.499852 0.748971
vt 0.530727 0.748971
vt 0.561601 0.748971
vt 0.592476 0.748971
vt 0.623351 0.748971
vt 0.654226 0.748971
vt 0.685100 0.748971
vt 0.715975 0.748971
vt 0.746850 0.748971
vt 0.777725 0.748971
vt 0.808599 0.748971
vt 0.839474 0.748971
vt 0.870349 0.748971
vt 0.901224 0.748971
vt 0.932099 0.748971
vt 0.962973 0.748971
vt 0.993848 0.748971
vt 0.005856 0.766245
vt 0.036731 0.766245
vt 0.067605 0.766245
vt 0.098480 0.766245
vt 0.129355 0.766245
vt 0.160230 0.766245
vt 0.191104 0.766245
vt 0.221979 0.766245
vt 0.252854 0.766245
vt 0.283729 0.766245
vt 0.314603 0.766245
vt 0.345478 0.766245
vt 0.376353 0.766245
vt 0.407228 0.766245
vt 0.438102 0.766245
vt 0.468977 0.766245
vt 0.499852 0.766245
vt 0.530727 0.766245
vt 0.561601 0.766245
vt 0.592476 0.766245
vt 0.623351 0.766245
vt 0.654226 0.766245
vt 0.685100 0.766245
vt 0.715975 0.766245
vt 0.746850 0.766245
vt 0.777725 0.766245
vt 0.808599 0.766245
vt 0.839474 0.766245
vt 0.870349 0.766245
vt 0.901224 0.766245
vt 0.932099 0.766245
vt 0.962973 0.766245
vt 0.993848 0.766245
vt 0.005856 0.779808
vt 0.005856 0.775571
vt 0.036731 0.775571
vt 0.036731 0.779808
vt 0.067605 0.775571
vt 0.067605 0.779808
vt 0.098480 0.775571
vt 0.098480 0.779808
vt 0.129355 0.775571
vt 0.129355 0.779808
vt 0.160230 0.775571
vt 0.160230 0.779808
vt 0.191104 0.775571
vt 0.191104 0.779808
vt 0.221979 0.775571
vt 0.221979 0.779808
vt 0.252854 0.775571
vt 0.252854 0.779808
vt 0.283729 0.775571
vt 0.283729 0.779808
vt 0.314603 0.775571
vt 0.314603 0.779808
vt 0.345478 0.775571
vt 0.345478 0.779808
vt 0.376353 0.775571
vt 0.376353 0.779808
vt 0.407228 0.775571
vt 0.407228 0.779808
vt 0.438102 0.775571
vt 0.438102 0.779808
vt 0.468977 0.775571
vt 0.468977 0.779808
vt 0.499852 0.775571
vt 0.499852 0.779808
vt 0.530727 0.775571
vt 0.530727 0.779808
vt 0.561601 0.775571
vt 0.561601 0.779808
vt 0.592476 0.775571
vt 0.592476 0.779808
vt 0.623351 0.775571
vt 0.623351 0.779808
vt 0.654226 0.775571
vt 0.654226 0.779808
vt 0.685100 0.775571
vt 0.685100 0.779808
vt 0.715975 0.775571
vt 0.715975 0.779808
vt 0.746850 0.775571
vt 0.746850 0.779808
vt 0.777725 0.775571
vt 0.777725 0.779808
vt 0.808599 0.775571
vt 0.808599 0.779808
vt 0.839474 0.775572
vt 0.839474 0.779808
vt 0.870349 0.775572
vt 0.870349 0.779808
vt 0.901224 0.775572
vt 0.901224 0.779808
vt 0.932099 0.775572
vt 0.932099 0.779808
vt 0.962973 0.775572
vt 0.962973 0.779808
vt 0.993848 0.775572
vt 0.993848 0.779808
vt 0.005856 0.769978
vt 0.036731 0.769978
vt 0.067605 0.769978
vt 0.098480 0.769978
vt 0.129355 0.769978
vt 0.160230 0.769978
vt 0.191104 0.769978
vt 0.221979 0.769978
vt 0.252854 0.769978
vt 0.283729 0.769978
vt 0.314603 0.769978
vt 0.345478 0.769978
vt 0.376353 0.769978
vt 0.407228 0.769978
vt 0.438102 0.769978
vt 0.468977 0.769978
vt 0.499852 0.769978
vt 0.530727 0.769978
vt 0.561601 0.769978
vt 0.592476 0.769978
vt 0.623351 0.769978
vt 0.654226 0.769978
vt 0.685100 0.769978
vt 0.715975 0.769978
vt 0.746850 0.769978
vt 0.777725 0.769978
vt 0.808599 0.769978
vt 0.839474 0.769978
vt 0.870349 0.769978
vt 0.901224 0.769978
vt 0.932099 0.769978
vt 0.962973 0.769978
vt 0.993848 0.769978
vt 0.005856 0.722371
vt 0.005856 0.718134
vt 0.036731 0.718134
vt 0.036731 0.722371
vt 0.067605 0.718134
vt 0.067605 0.722371
vt 0.098480 0.718134
vt 0.098480 0.722371
vt 0.129355 0.718134
vt 0.129355 0.722371
vt 0.160230 0.718134
vt 0.160230 0.722371
vt 0.191104 0.718134
vt 0.191104 0.722371
vt 0.221979 0.718134
vt 0.221979 0.722371
vt 0.252854 0.718134
vt 0.252854 0.722371
vt 0.283729 0.718134
vt 0.283729 0.722371
vt 0.314603 0.718134
vt 0.314603 0.722371
vt 0.345478 0.718134
vt 0.345478 0.722371
vt 0.376353 0.718134
vt 0.376353 0.722371
vt 0.407228 0.718134
vt 0.407228 0.722371
vt 0.438102 0.718134
vt 0.438102 0.722371
vt 0.468977 0.718134
vt 0.468977 0.722371
vt 0.499852 0.718134
vt 0.499852 0.722371
vt 0.530727 0.718134
vt 0.530727 0.722371
vt 0.561601 0.718134
vt 0.561601 0.722371
vt 0.592476 0.718134
vt 0.592476 0.722371
vt 0.623351 0.718134
vt 0.623351 0.722371
vt 0.654226 0.718134
vt 0.654226 0.722371
vt 0.685100 0.718134
vt 0.685100 0.722371
vt 0.715975 0.718134
vt 0.715975 0.722371
vt 0.746850 0.718134
vt 0.746850 0.722371
vt 0.777725 0.718134
vt 0.777725 0.722371
vt 0.808599 0.718134
vt 0.808599 0.722371
vt 0.839474 0.718134
vt 0.839474 0.722371
vt 0.870349 0.718134
vt 0.870349 0.722371
vt 0.901224 0.718134
vt 0.901224 0.722371
vt 0.932099 0.718134
vt 0.932099 0.722371
vt 0.962973 0.718134
vt 0.962973 0.722371
vt 0.993848 0.718134
vt 0.993848 0.722371
vt 0.005856 0.727965
vt 0.036731 0.727965
vt 0.067605 0.727965
vt 0.098480 0.727965
vt 0.129355 0.727965
vt 0.160230 0.727965
vt 0.191104 0.727965
vt 0.221979 0.727965
vt 0.252854 0.727965
vt 0.283729 0.727965
vt 0.314603 0.727965
vt 0.345478 0.727965
vt 0.376353 0.727965
vt 0.407228 0.727965
vt 0.438102 0.727965
vt 0.468977 0.727965
vt 0.499852 0.727965
vt 0.530727 0.727965
vt 0.561601 0.727965
vt 0.592476 0.727965
vt 0.623351 0.727965
vt 0.654226 0.727965
vt 0.685100 0.727965
vt 0.715975 0.727965
vt 0.746850 0.727965
vt 0.777725 0.727965
vt 0.808599 0.727965
vt 0.839474 0.727965
vt 0.870349 0.727965
vt 0.901224 0.727965
vt 0.932099 0.727965
vt 0.962973 0.727965
vt 0.993848 0.727965
vt 0.005856 0.714424
vt 0.036731 0.714424
vt 0.067605 0.714424
vt 0.098480 0.714424
vt 0.129355 0.714424
vt 0.160230 0.714424
vt 0.191104 0.714424
vt 0.221979 0.714424
vt 0.252854 0.714424
vt 0.283729 0.714424
vt 0.314603 0.714424
vt 0.345478 0.714424
vt 0.376353 0.714424
vt 0.407228 0.714424
vt 0.438102 0.714424
vt 0.468977 0.714424
vt 0.499852 0.714424
vt 0.530727 0.714424
vt 0.561601 0.714424
vt 0.592476 0.714424
vt 0.623351 0.714424
vt 0.654226 0.714424
vt 0.685100 0.714424
vt 0.715975 0.714424
vt 0.746850 0.714424
vt 0.777725 0.714424
vt 0.808599 0.714424
vt 0.839474 0.714424
vt 0.870349 0.714424
vt 0.901224 0.714424
vt 0.932099 0.714424
vt 0.962973 0.714424
vt 0.993848 0.714424
vt 0.005856 0.731697
vt 0.036731 0.731697
vt 0.067605 0.731697
vt 0.098480 0.731697
vt 0.129355 0.731697
vt 0.160230 0.731697
vt 0.191104 0.731697
vt 0.221979 0.731697
vt 0.252854 0.731697
vt 0.283729 0.731697
vt 0.314603 0.731697
vt 0.345478 0.731697
vt 0.376353 0.731697
vt 0.407228 0.731697
vt 0.438102 0.731697
vt 0.468977 0.731697
vt 0.499852 0.731697
vt 0.530727 0.731697
vt 0.561601 0.731697
vt 0.592476 0.731697
vt 0.623351 0.731697
vt 0.654226 0.731697
vt 0.685100 0.731698
vt 0.715975 0.731698
vt 0.746850 0.731698
vt 0.777725 0.731698
vt 0.808599 0.731698
vt 0.839474 0.731698
vt 0.870349 0.731698
vt 0.901224 0.731698
vt 0.932099 0.731698
vt 0.962973 0.731698
vt 0.993848 0.731698
vt 0.005856 0.745261
vt 0.005856 0.741024
vt 0.036731 0.741024
vt 0.036731 0.745261
vt 0.067605 0.741024
vt 0.067605 0.745261
vt 0.098480 0.741024
vt 0.098480 0.745261
vt 0.129355 0.741024
vt 0.129355 0.745261
vt 0.160230 0.741024
vt 0.160230 0.745261
vt 0.191104 0.741024
vt 0.191104 0.745261
vt 0.221979 0.741024
vt 0.221979 0.745261
vt 0.252854 0.741024
vt 0.252854 0.745261
vt 0.283729 0.741024
vt 0.283729 0.745261
vt 0.314603 0.741024
vt 0.314603 0.745261
vt 0.345478 0.741024
vt 0.345478 0.745261
vt 0.376353 0.741024
vt 0.376353 0.745261
vt 0.407228 0.741024
vt 0.407228 0.745261
vt 0.438102 0.741024
vt 0.438102 0.745261
vt 0.468977 0.741024
vt 0.468977 0.745261
vt 0.499852 0.741024
vt 0.499852 0.745261
vt 0.530727 0.741024
vt 0.530727 0.745261
vt 0.561601 0.741024
vt 0.561601 0.745261
vt 0.592476 0.741024
vt 0.592476 0.745261
vt 0.623351 0.741024
vt 0.623351 0.745261
vt 0.654226 0.741024
vt 0.654226 0.745261
vt 0.685100 0.741024
vt 0.685100 0.745261
vt 0.715975 0.741024
vt 0.715975 0.745261
vt 0.746850 0.741024
vt 0.746850 0.745261
vt 0.777725 0.741024
vt 0.777725 0.745261
vt 0.808599 0.741024
vt 0.808599 0.745261
vt 0.839474 0.741024
vt 0.839474 0.745261
vt 0.870349 0.741024
vt 0.870349 0.745261
vt 0.901224 0.741024
vt 0.901224 0.745261
vt 0.932099 0.741024
vt 0.932099 0.745261
vt 0.962973 0.741024
vt 0.962973 0.745261
vt 0.993848 0.741024
vt 0.993848 0.745261
vt 0.005856 0.735430
vt 0.036731 0.735430
vt 0.067605 0.735430
vt 0.098480 0.735430
vt 0.129355 0.735430
vt 0.160230 0.735430
vt 0.191104 0.735430
vt 0.221979 0.735430
vt 0.252854 0.735430
vt 0.283729 0.735430
vt 0.314603 0.735430
vt 0.345478 0.735430
vt 0.376353 0.735430
vt 0.407228 0.735430
vt 0.438102 0.735430
vt 0.468977 0.735430
vt 0.499852 0.735430
vt 0.530727 0.735430
vt 0.561601 0.735430
vt 0.592476 0.735430
vt 0.623351 0.735430
vt 0.654226 0.735430
vt 0.685100 0.735430
vt 0.715975 0.735430
vt 0.746850 0.735430
vt 0.777725 0.735430
vt 0.808599 0.735430
vt 0.839474 0.735430
vt 0.870349 0.735430
vt 0.901224 0.735430
vt 0.932099 0.735430
vt 0.962973 0.735430
vt 0.993848 0.735430
vt 0.005856 0.687823
vt 0.005856 0.683587
vt 0.036731 0.683587
vt 0.036731 0.687823
vt 0.067605 0.683587
vt 0.067605 0.687823
vt 0.098480 0.683587
vt 0.098480 0.687823
vt 0.129355 0.683587
vt 0.129355 0.687823
vt 0.160230 0.683587
vt 0.160230 0.687823
vt 0.191104 0.683587
vt 0.191104 0.687823
vt 0.221979 0.683587
vt 0.221979 0.687823
vt 0.252854 0.683587
vt 0.252854 0.687823
vt 0.283729 0.683587
vt 0.283729 0.687823
vt 0.314603 0.683587
vt 0.314603 0.687823
vt 0.345478 0.683587
vt 0.345478 0.687823
vt 0.376353 0.683587
vt 0.376353 0.687823
vt 0.407228 0.683587
vt 0.407228 0.687823
vt 0.438102 0.683587
vt 0.438102 0.687823
vt 0.468977 0.683587
vt 0.468977 0.687823
vt 0.499852 0.683587
vt 0.499852 0.687823
vt 0.530727 0.683587
vt 0.530727 0.687823
vt 0.561601 0.683587
vt 0.561601 0.687823
vt 0.592476 0.683587
vt 0.592476 0.687823
vt 0.623351 0.683587
vt 0.623351 0.687823
vt 0.654226 0.683587
vt 0.654226 0.687823
vt 0.685100 0.683587
vt 0.685100 0.687824
vt 0.715975 0.683587
vt 0.715975 0.687824
vt 0.746850 0.683587
vt 0.746850 0.687824
vt 0.777725 0.683587
vt 0.777725 0.687824
vt 0.808599 0.683587
vt 0.808599 0.687824
vt 0.839474 0.683587
vt 0.839474 0.687824
vt 0.870349 0.683587
vt 0.870349 0.687824
vt 0.901224 0.683587
vt 0.901224 0.687824
vt 0.932099 0.683587
vt 0.932099 0.687824
vt 0.962973 0.683587
vt 0.962973 0.687824
vt 0.993848 0.683587
vt 0.993848 0.687824
vt 0.005856 0.693417
vt 0.036731 0.693417
vt 0.067605 0.693417
vt 0.098480 0.693417
vt 0.129355 0.693417
vt 0.160230 0.693417
vt 0.191104 0.693417
vt 0.221979 0.693417
vt 0.252854 0.693417
vt 0.283729 0.693417
vt 0.314603 0.693417
vt 0.345478 0.693417
vt 0.376353 0.693417
vt 0.407228 0.693417
vt 0.438102 0.693417
vt 0.468977 0.693417
vt 0.499852 0.693417
vt 0.530727 0.693417
vt 0.561601 0.693417
vt 0.592476 0.693417
vt 0.623351 0.693417
vt 0.654226 0.693417
vt 0.685100 0.693417
vt 0.715975 0.693417
vt 0.746850 0.693417
vt 0.777725 0.693417
vt 0.808599 0.693417
vt 0.839474 0.693417
vt 0.870349 0.693417
vt 0.901224 0.693417
vt 0.932099 0.693417
vt 0.962973 0.693417
vt 0.993848 0.693417
vt 0.005856 0.679877
vt 0.036731 0.679877
vt 0.067605 0.679877
vt 0.098480 0.679877
vt 0.129355 0.679877
vt 0.160230 0.679877
vt 0.191104 0.679877
vt 0.221979 0.679877
vt 0.252854 0.679877
vt 0.283729 0.679877
vt 0.314603 0.679877
vt 0.345478 0.679877
vt 0.376353 0.679877
vt 0.407228 0.679877
vt 0.438102 0.679877
vt 0.468977 0.679877
vt 0.499852 0.679877
vt 0.530727 0.679877
vt 0.561601 0.679877
vt 0.592476 0.679877
vt 0.623351 0.679877
vt 0.654226 0.679877
vt 0.685100 0.679877
vt 0.715975 0.679877
vt 0.746850 0.679877
vt 0.777725 0.679877
vt 0.808599 0.679877
vt 0.839474 0.679877
vt 0.870349 0.679877
vt 0.901224 0.679877
vt 0.932099 0.679877
vt 0.962973 0.679877
vt 0.993848 0.679877
vt 0.005856 0.697150
vt 0.036731 0.697150
vt 0.067605 0.697150
vt 0.098480 0.697150
vt 0.129355 0.697150
vt 0.160230 0.697150
vt 0.191104 0.697150
vt 0.221979 0.697150
vt 0.252854 0.697150
vt 0.283729 0.697150
vt 0.314603 0.697150
vt 0.345478 0.697150
vt 0.376353 0.697150
vt 0.407228 0.697150
vt 0.438102 0.697150
vt 0.468977 0.697150
vt 0.499852 0.697150
vt 0.530727 0.697150
vt 0.561601 0.697150
vt 0.592476 0.697150
vt 0.623351 0.697150
vt 0.654226 0.697150
vt 0.685100 0.697150
vt 0.715975 0.697150
vt 0.746850 0.697150
vt 0.777725 0.697150
vt 0.808599 0.697150
vt 0.839474 0.697150
vt 0.870349 0.697150
vt 0.901224 0.697150
vt 0.932099 0.697150
vt 0.962973 0.697150
vt 0.993848 0.697150
vt 0.005856 0.710713
vt 0.005856 0.706477
vt 0.036731 0.706477
vt 0.036731 0.710713
vt 0.067605 0.706477
vt 0.067605 0.710713
vt 0.098480 0.706477
vt 0.098480 0.710713
vt 0.129355 0.706477
vt 0.129355 0.710713
vt 0.160230 0.706477
vt 0.160230 0.710713
vt 0.191104 0.706477
vt 0.191104 0.710713
vt 0.221979 0.706477
vt 0.221979 0.710713
vt 0.252854 0.706477
vt 0.252854 0.710713
vt 0.283729 0.706477
vt 0.283729 0.710713
vt 0.314603 0.706477
vt 0.314603 0.710713
vt 0.345478 0.706477
vt 0.345478 0.710713
vt 0.376353 0.706477
vt 0.376353 0.710713
vt 0.407228 0.706477
vt 0.407228 0.710713
vt 0.438102 0.706477
vt 0.438102 0.710713
vt 0.468977 0.706477
vt 0.468977 0.710713
vt 0.499852 0.706477
vt 0.499852 0.710713
vt 0.530727 0.706477
vt 0.530727 0.710713
vt 0.561601 0.706477
vt 0.561601 0.710713
vt 0.592476 0.706477
vt 0.592476 0.710713
vt 0.623351 0.706477
vt 0.623351 0.710713
vt 0.654226 0.706477
vt 0.654226 0.710713
vt 0.685100 0.706477
vt 0.685100 0.710713
vt 0.715975 0.706477
vt 0.715975 0.710713
vt 0.746850 0.706477
vt 0.746850 0.710713
vt 0.777725 0.706477
vt 0.777725 0.710713
vt 0.808599 0.706477
vt 0.808599 0.710713
vt 0.839474 0.706477
vt 0.839474 0.710713
vt 0.870349 0.706477
vt 0.870349 0.710713
vt 0.901224 0.706477
vt 0.901224 0.710713
vt 0.932099 0.706477
vt 0.932099 0.710713
vt 0.962973 0.706477
vt 0.962973 0.710713
vt 0.993848 0.706477
vt 0.993848 0.710713
vt 0.005856 0.700883
vt 0.036731 0.700883
vt 0.067605 0.700883
vt 0.098480 0.700883
vt 0.129355 0.700883
vt 0.160230 0.700883
vt 0.191104 0.700883
vt 0.221979 0.700883
vt 0.252854 0.700883
vt 0.283729 0.700883
vt 0.314603 0.700883
vt 0.345478 0.700883
vt 0.376353 0.700883
vt 0.407228 0.700883
vt 0.438102 0.700883
vt 0.468977 0.700883
vt 0.499852 0.700883
vt 0.530727 0.700883
vt 0.561601 0.700883
vt 0.592476 0.700883
vt 0.623351 0.700883
vt 0.654226 0.700883
vt 0.685100 0.700883
vt 0.715975 0.700883
vt 0.746850 0.700883
vt 0.777725 0.700883
vt 0.808599 0.700883
vt 0.839474 0.700883
vt 0.870349 0.700883
vt 0.901224 0.700883
vt 0.932099 0.700883
vt 0.962973 0.700883
vt 0.993848 0.700883
vt 0.005856 0.653276
vt 0.005856 0.649040
vt 0.036731 0.649040
vt 0.036731 0.653276
vt 0.067605 0.649040
vt 0.067605 0.653276
vt 0.098480 0.649040
vt 0.098480 0.653276
vt 0.129355 0.649040
vt 0.129355 0.653276
vt 0.160230 0.649040
vt 0.160230 0.653276
vt 0.191104 0.649040
vt 0.191104 0.653276
vt 0.221979 0.649040
vt 0.221979 0.653276
vt 0.252854 0.649040
vt 0.252854 0.653276
vt 0.283729 0.649040
vt 0.283729 0.653276
vt 0.314603 0.649040
vt 0.314603 0.653276
vt 0.345478 0.649040
vt 0.345478 0.653276
vt 0.376353 0.649040
vt 0.376353 0.653276
vt 0.407228 0.649040
vt 0.407228 0.653276
vt 0.438102 0.649040
vt 0.438102 0.653276
vt 0.468977 0.649040
vt 0.468977 0.653276
vt 0.499852 0.649040
vt 0.499852 0.653276
vt 0.530727 0.649040
vt 0.530727 0.653276
vt 0.561601 0.649040
vt 0.561601 0.653276
vt 0.592476 0.649040
vt 0.592476 0.653276
vt 0.623351 0.649040
vt 0.623351 0.653276
vt 0.654226 0.649040
vt 0.654226 0.653276
vt 0.685100 0.649040
vt 0.685100 0.653276
vt 0.715975 0.649040
vt 0.715975 0.653276
vt 0.746850 0.649040
vt 0.746850 0.653276
vt 0.777725 0.649040
vt 0.777725 0.653276
vt 0.808599 0.649040
vt 0.808599 0.653276
vt 0.839474 0.649040
vt 0.839474 0.653276
vt 0.870349 0.649040
vt 0.870349 0.653276
vt 0.901224 0.649040
vt 0.901224 0.653276
vt 0.932099 0.649040
vt 0.932099 0.653276
vt 0.962973 0.649040
vt 0.962973 0.653276
vt 0.993848 0.649040
vt 0.993848 0.653276
vt 0.005856 0.658870
vt 0.036731 0.658870
vt 0.067605 0.658870
vt 0.098480 0.658870
vt 0.129355 0.658870
vt 0.160230 0.658870
vt 0.191104 0.658870
vt 0.221979 0.658870
vt 0.252854 0.658870
vt 0.283729 0.658870
vt 0.314603 0.658870
vt 0.345478 0.658870
vt 0.376353 0.658870
vt 0.407228 0.658870
vt 0.438102 0.658870
vt 0.468977 0.658870
vt 0.499852 0.658870
vt 0.530727 0.658870
vt 0.561601 0.658870
vt 0.592476 0.658870
vt 0.623351 0.658870
vt 0.654226 0.658870
vt 0.685100 0.658870
vt 0.715975 0.658870
vt 0.746850 0.658870
vt 0.777725 0.658870
vt 0.808599 0.658870
vt 0.839474 0.658870
vt 0.870349 0.658870
vt 0.901224 0.658870
vt 0.932099 0.658870
vt 0.962973 0.658870
vt 0.993848 0.658870
vt 0.005856 0.645329
vt 0.036731 0.645329
vt 0.067605 0.645329
vt 0.098480 0.645329
vt 0.129355 0.645329
vt 0.160230 0.645329
vt 0.191104 0.645329
vt 0.221979 0.645329
vt 0.252854 0.645329
vt 0.283729 0.645329
vt 0.314603 0.645329
vt 0.345478 0.645329
vt 0.376353 0.645329
vt 0.407228 0.645329
vt 0.438102 0.645329
vt 0.468977 0.645329
vt 0.499852 0.645329
vt 0.530727 0.645329
vt 0.561601 0.645329
vt 0.592476 0.645329
vt 0.623351 0.645329
vt 0.654226 0.645329
vt 0.685100 0.645329
vt 0.715975 0.645329
vt 0.746850 0.645329
vt 0.777725 0.645329
vt 0.808599 0.645329
vt 0.839474 0.645329
vt 0.870349 0.645329
vt 0.901224 0.645329
vt 0.932099 0.645329
vt 0.962973 0.645329
vt 0.993848 0.645329
vt 0.005856 0.662603
vt 0.036731 0.662603
vt 0.067605 0.662603
vt 0.098480 0.662603
vt 0.129355 0.662603
vt 0.160230 0.662603
vt 0.191104 0.662603
vt 0.221979 0.662603
vt 0.252854 0.662603
vt 0.283729 0.662603
vt 0.314603 0.662603
vt 0.345478 0.662603
vt 0.376353 0.662603
vt 0.407228 0.662603
vt 0.438102 0.662603
vt 0.468977 0.662603
vt 0.499852 0.662603
vt 0.530727 0.662603
vt 0.561601 0.662603
vt 0.592476 0.662603
vt 0.623351 0.662603
vt 0.654226 0.662603
vt 0.685100 0.662603
vt 0.715975 0.662603
vt 0.746850 0.662603
vt 0.777725 0.662603
vt 0.808599 0.662603
vt 0.839474 0.662603
vt 0.870349 0.662603
vt 0.901224 0.662603
vt 0.932099 0.662603
vt 0.962973 0.662603
vt 0.993848 0.662603
vt 0.005856 0.676166
vt 0.005856 0.671929
vt 0.036731 0.671929
vt 0.036731 0.676166
vt 0.067605 0.671929
vt 0.067605 0.676166
vt 0.098480 0.671929
vt 0.098480 0.676166
vt 0.129355 0.671929
vt 0.129355 0.676166
vt 0.160230 0.671929
vt 0.160230 0.676166
vt 0.191104 0.671929
vt 0.191104 0.676166
vt 0.221979 0.671929
vt 0.221979 0.676166
vt 0.252854 0.671929
vt 0.252854 0.676166
vt 0.283729 0.671929
vt 0.283729 0.676166
vt 0.314603 0.671929
vt 0.314603 0.676166
vt 0.345478 0.671930
vt 0.345478 0.676166
vt 0.376353 0.671930
vt 0.376353 0.676166
vt 0.407228 0.671930
vt 0.407228 0.676166
vt 0.438102 0.671930
vt 0.438102 0.676166
vt 0.468977 0.671930
vt 0.468977 0.676166
vt 0.499852 0.671930
vt 0.499852 0.676166
vt 0.530727 0.671930
vt 0.530727 0.676166
vt 0.561601 0.671930
vt 0.561601 0.676166
vt 0.592476 0.671930
vt 0.592476 0.676166
vt 0.623351 0.671930
vt 0.623351 0.676166
vt 0.654226 0.671930
vt 0.654226 0.676166
vt 0.685100 0.671930
vt 0.685100 0.676166
vt 0.715975 0.671930
vt 0.715975 0.676166
vt 0.746850 0.671930
vt 0.746850 0.676166
vt 0.777725 0.671930
vt 0.777725 0.676166
vt 0.808599 0.671930
vt 0.808599 0.676166
vt 0.839474 0.671930
vt 0.839474 0.676166
vt 0.870349 0.671930
vt 0.870349 0.676166
vt 0.901224 0.671930
vt 0.901224 0.676166
vt 0.932099 0.671930
vt 0.932099 0.676166
vt 0.962973 0.671930
vt 0.962973 0.676166
vt 0.993848 0.671930
vt 0.993848 0.676166
vt 0.005856 0.666336
vt 0.036731 0.666336
vt 0.067605 0.666336
vt 0.098480 0.666336
vt 0.129355 0.666336
vt 0.160230 0.666336
vt 0.191104 0.666336
vt 0.221979 0.666336
vt 0.252854 0.666336
vt 0.283729 0.666336
vt 0.314603 0.666336
vt 0.345478 0.666336
vt 0.376353 0.666336
vt 0.407228 0.666336
vt 0.438102 0.666336
vt 0.468977 0.666336
vt 0.499852 0.666336
vt 0.530727 0.666336
vt 0.561601 0.666336
vt 0.592476 0.666336
vt 0.623351 0.666336
vt 0.654226 0.666336
vt 0.685100 0.666336
vt 0.715975 0.666336
vt 0.746850 0.666336
vt 0.777725 0.666336
vt 0.808599 0.666336
vt 0.839474 0.666336
vt 0.870349 0.666336
vt 0.901224 0.666336
vt 0.932099 0.666336
vt 0.962973 0.666336
vt 0.993848 0.666336
vt 0.005856 0.618729
vt 0.005856 0.614492
vt 0.036731 0.614492
vt 0.036731 0.618729
vt 0.067605 0.614492
vt 0.067605 0.618729
vt 0.098480 0.614492
vt 0.098480 0.618729
vt 0.129355 0.614492
vt 0.129355 0.618729
vt 0.160230 0.614492
vt 0.160230 0.618729
vt 0.191104 0.614492
vt 0.191104 0.618729
vt 0.221979 0.614492
vt 0.221979 0.618729
vt 0.252854 0.614492
vt 0.252854 0.618729
vt 0.283729 0.614492
vt 0.283729 0.618729
vt 0.314603 0.614492
vt 0.314603 0.618729
vt 0.345478 0.614492
vt 0.345478 0.618729
vt 0.376353 0.614492
vt 0.376353 0.618729
vt 0.407228 0.614492
vt 0.407228 0.618729
vt 0.438102 0.614492
vt 0.438102 0.618729
vt 0.468977 0.614492
vt 0.468977 0.618729
vt 0.499852 0.614492
vt 0.499852 0.618729
vt 0.530727 0.614492
vt 0.530727 0.618729
vt 0.561601 0.614492
vt 0.561601 0.618729
vt 0.592476 0.614492
vt 0.592476 0.618729
vt 0.623351 0.614492
vt 0.623351 0.618729
vt 0.654226 0.614492
vt 0.654226 0.618729
vt 0.685100 0.614492
vt 0.685100 0.618729
vt 0.715975 0.614492
vt 0.715975 0.618729
vt 0.746850 0.614492
vt 0.746850 0.618729
vt 0.777725 0.614492
vt 0.777725 0.618729
vt 0.808599 0.614492
vt 0.808599 0.618729
vt 0.839474 0.614492
vt 0.839474 0.618729
vt 0.870349 0.614492
vt 0.870349 0.618729
vt 0.901224 0.614492
vt 0.901224 0.618729
vt 0.932099 0.614492
vt 0.932099 0.618729
vt 0.962973 0.614492
vt 0.962973 0.618729
vt 0.993848 0.614492
vt 0.993848 0.618729
vt 0.005856 0.624323
vt 0.036731 0.624323
vt 0.067605 0.624323
vt 0.098480 0.624323
vt 0.129355 0.624323
vt 0.160230 0.624323
vt 0.191104 0.624323
vt 0.221979 0.624323
vt 0.252854 0.624323
vt 0.283729 0.624323
vt 0.314603 0.624323
vt 0.345478 0.624323
vt 0.376353 0.624323
vt 0.407228 0.624323
vt 0.438102 0.624323
vt 0.468977 0.624323
vt 0.499852 0.624323
vt 0.530727 0.624323
vt 0.561601 0.624323
vt 0.592476 0.624323
vt 0.623351 0.624323
vt 0.654226 0.624323
vt 0.685100 0.624323
vt 0.715975 0.624323
vt 0.746850 0.624323
vt 0.777725 0.624323
vt 0.808599 0.624323
vt 0.839474 0.624323
vt 0.870349 0.624323
vt 0.901224 0.624323
vt 0.932099 0.624323
vt 0.962973 0.624323
vt 0.993848 0.624323
vt 0.005856 0.610782
vt 0.036731 0.610782
vt 0.067605 0.610782
vt 0.098480 0.610782
vt 0.129355 0.610782
vt 0.160230 0.610782
vt 0.191104 0.610782
vt 0.221979 0.610782
vt 0.252854 0.610782
vt 0.283729 0.610782
vt 0.314603 0.610782
vt 0.345478 0.610782
vt 0.376353 0.610782
vt 0.407228 0.610782
vt 0.438102 0.610782
vt 0.468977 0.610782
vt 0.499852 0.610782
vt 0.530727 0.610782
vt 0.561601 0.610782
vt 0.592476 0.610782
vt 0.623351 0.610782
vt 0.654226 0.610782
vt 0.685100 0.610782
vt 0.715975 0.610782
vt 0.746850 0.610782
vt 0.777725 0.610782
vt 0.808599 0.610782
vt 0.839474 0.610782
vt 0.870349 0.610782
vt 0.901224 0.610782
vt 0.932099 0.610782
vt 0.962973 0.610782
vt 0.993848 0.610782
vt 0.005856 0.628056
vt 0.036731 0.628056
vt 0.067605 0.628056
vt 0.098480 0.628056
vt 0.129355 0.628056
vt 0.160230 0.628056
vt 0.191104 0.628056
vt 0.221979 0.628056
vt 0.252854 0.628056
vt 0.283729 0.628056
vt 0.314603 0.628056
vt 0.345478 0.628056
vt 0.376353 0.628056
vt 0.407228 0.628056
vt 0.438102 0.628056
vt 0.468977 0.628056
vt 0.499852 0.628056
vt 0.530727 0.628056
vt 0.561601 0.628056
vt 0.592476 0.628056
vt 0.623351 0.628056
vt 0.654226 0.628056
vt 0.685100 0.628056
vt 0.715975 0.628056
vt 0.746850 0.628056
vt 0.777725 0.628056
vt 0.808599 0.628056
vt 0.839474 0.628056
vt 0.870349 0.628056
vt 0.901224 0.628056
vt 0.932099 0.628056
vt 0.962973 0.628056
vt 0.993848 0.628056
vt 0.005856 0.641619
vt 0.005856 0.637382
vt 0.036731 0.637382
vt 0.036731 0.641619
vt 0.067605 0.637382
vt 0.067605 0.641619
vt 0.098480 0.637382
vt 0.098480 0.641619
vt 0.129355 0.637382
vt 0.129355 0.641619
vt 0.160230 0.637382
vt 0.160230 0.641619
vt 0.191104 0.637382
vt 0.191104 0.641619
vt 0.221979 0.637382
vt 0.221979 0.641619
vt 0.252854 0.637382
vt 0.252854 0.641619
vt 0.283729 0.637382
vt 0.283729 0.641619
vt 0.314603 0.637382
vt 0.314603 0.641619
vt 0.345478 0.637382
vt 0.345478 0.641619
vt 0.376353 0.637382
vt 0.376353 0.641619
vt 0.407228 0.637382
vt 0.407228 0.641619
vt 0.438102 0.637382
vt 0.438102 0.641619
vt 0.468977 0.637382
vt 0.468977 0.641619
vt 0.499852 0.637382
vt 0.499852 0.641619
vt 0.530727 0.637382
vt 0.530727 0.641619
vt 0.561601 0.637382
vt 0.561601 0.641619
vt 0.592476 0.637382
vt 0.592476 0.641619
vt 0.623351 0.637382
vt 0.623351 0.641619
vt 0.654226 0.637382
vt 0.654226 0.641619
vt 0.685100 0.637382
vt 0.685100 0.641619
vt 0.715975 0.637382
vt 0.715975 0.641619
vt 0.746850 0.637382
vt 0.746850 0.641619
vt 0.777725 0.637382
vt 0.777725 0.641619
vt 0.808599 0.637382
vt 0.808599 0.641619
vt 0.839474 0.637382
vt 0.839474 0.641619
vt 0.870349 0.637382
vt 0.870349 0.641619
vt 0.901224 0.637382
vt 0.901224 0.641619
vt 0.932099 0.637382
vt 0.932099 0.641619
vt 0.962973 0.637382
vt 0.962973 0.641619
vt 0.993848 0.637382
vt 0.993848 0.641619
vt 0.005856 0.631788
vt 0.036731 0.631788
vt 0.067605 0.631788
vt 0.098480 0.631788
vt 0.129355 0.631788
vt 0.160230 0.631788
vt 0.191104 0.631788
vt 0.221979 0.631788
vt 0.252854 0.631788
vt 0.283729 0.631788
vt 0.314603 0.631788
vt 0.345478 0.631788
vt 0.376353 0.631788
vt 0.407228 0.631788
vt 0.438102 0.631788
vt 0.468977 0.631788
vt 0.499852 0.631788
vt 0.530727 0.631788
vt 0.561601 0.631788
vt 0.592476 0.631788
vt 0.623351 0.631788
vt 0.654226 0.631788
vt 0.685100 0.631788
vt 0.715975 0.631788
vt 0.746850 0.631788
vt 0.777725 0.631788
vt 0.808599 0.631788
vt 0.839474 0.631788
vt 0.870349 0.631788
vt 0.901224 0.631788
vt 0.932099 0.631788
vt 0.962973 0.631788
vt 0.993848 0.631788
vt 0.005856 0.584181
vt 0.005856 0.579945
vt 0.036731 0.579945
vt 0.036731 0.584181
vt 0.067605 0.579945
vt 0.067605 0.584181
vt 0.098480 0.579945
vt 0.098480 0.584181
vt 0.129355 0.579945
vt 0.129355 0.584181
vt 0.160230 0.579945
vt 0.160230 0.584181
vt 0.191104 0.579945
vt 0.191104 0.584181
vt 0.221979 0.579945
vt 0.221979 0.584181
vt 0.252854 0.579945
vt 0.252854 0.584181
vt 0.283729 0.579945
vt 0.283729 0.584181
vt 0.314603 0.579945
vt 0.314603 0.584181
vt 0.345478 0.579945
vt 0.345478 0.584181
vt 0.376353 0.579945
vt 0.376353 0.584181
vt 0.407228 0.579945
vt 0.407228 0.584181
vt 0.438102 0.579945
vt 0.438102 0.584181
vt 0.468977 0.579945
vt 0.468977 0.584181
vt 0.499852 0.579945
vt 0.499852 0.584181
vt 0.530727 0.579945
vt 0.530727 0.584181
vt 0.561601 0.579945
vt 0.561601 0.584181
vt 0.592476 0.579945
vt 0.592476 0.584181
vt 0.623351 0.579945
vt 0.623351 0.584181
vt 0.654226 0.579945
vt 0.654226 0.584181
vt 0.685100 0.579945
vt 0.685100 0.584181
vt 0.715975 0.579945
vt 0.715975 0.584181
vt 0.746850 0.579945
vt 0.746850 0.584181
vt 0.777725 0.579945
vt 0.777725 0.584182
vt 0.808599 0.579945
vt 0.808599 0.584182
vt 0.839474 0.579945
vt 0.839474 0.584182
vt 0.870349 0.579945
vt 0.870349 0.584182
vt 0.901224 0.579945
vt 0.901224 0.584182
vt 0.932099 0.579945
vt 0.932099 0.584182
vt 0.962973 0.579945
vt 0.962973 0.584182
vt 0.993848 0.579945
vt 0.993848 0.584182
vt 0.005856 0.589775
vt 0.036731 0.589775
vt 0.067605 0.589775
vt 0.098480 0.589775
vt 0.129355 0.589775
vt 0.160230 0.589775
vt 0.191104 0.589775
vt 0.221979 0.589775
vt 0.252854 0.589775
vt 0.283729 0.589775
vt 0.314603 0.589775
vt 0.345478 0.589775
vt 0.376353 0.589775
vt 0.407228 0.589775
vt 0.438102 0.589775
vt 0.468977 0.589775
vt 0.499852 0.589775
vt 0.530727 0.589775
vt 0.561601 0.589775
vt 0.592476 0.589775
vt 0.623351 0.589775
vt 0.654226 0.589775
vt 0.685100 0.589775
vt 0.715975 0.589775
vt 0.746850 0.589775
vt 0.777725 0.589775
vt 0.808599 0.589775
vt 0.839474 0.589775
vt 0.870349 0.589775
vt 0.901224 0.589775
vt 0.932099 0.589775
vt 0.962973 0.589775
vt 0.993848 0.589775
vt 0.005856 0.576235
vt 0.036731 0.576235
vt 0.067605 0.576235
vt 0.098480 0.576235
vt 0.129355 0.576235
vt 0.160230 0.576235
vt 0.191104 0.576235
vt 0.221979 0.576235
vt 0.252854 0.576235
vt 0.283729 0.576235
vt 0.314603 0.576235
vt 0.345478 0.576235
vt 0.376353 0.576235
vt 0.407228 0.576235
vt 0.438102 0.576235
vt 0.468977 0.576235
vt 0.499852 0.576235
vt 0.530727 0.576235
vt 0.561601 0.576235
vt 0.592476 0.576235
vt 0.623351 0.576235
vt 0.654226 0.576235
vt 0.685100 0.576235
vt 0.715975 0.576235
vt 0.746850 0.576235
vt 0.777725 0.576235
vt 0.808599 0.576235
vt 0.839474 0.576235
vt 0.870349 0.576235
vt 0.901224 0.576235
vt 0.932099 0.576235
vt 0.962973 0.576235
vt 0.993848 0.576235
vt 0.005856 0.593508
vt 0.036731 0.593508
vt 0.067605 0.593508
vt 0.098480 0.593508
vt 0.129355 0.593508
vt 0.160230 0.593508
vt 0.191104 0.593508
vt 0.221979 0.593508
vt 0.252854 0.593508
vt 0.283729 0.593508
vt 0.314603 0.593508
vt 0.345478 0.593508
vt 0.376353 0.593508
vt 0.407228 0.593508
vt 0.438102 0.593508
vt 0.468977 0.593508
vt 0.499852 0.593508
vt 0.530727 0.593508
vt 0.561601 0.593508
vt 0.592476 0.593508
vt 0.623351 0.593508
vt 0.654226 0.593508
vt 0.685100 0.593508
vt 0.715975 0.593508
vt 0.746850 0.593508
vt 0.777725 0.593508
vt 0.808599 0.593508
vt 0.839474 0.593508
vt 0.870349 0.593508
vt 0.901224 0.593508
vt 0.932099 0.593508
vt 0.962973 0.593508
vt 0.993848 0.593508
vt 0.005856 0.607071
vt 0.005856 0.602835
vt 0.036731 0.602835
vt 0.036731 0.607071
vt 0.067605 0.602835
vt 0.067605 0.607071
vt 0.098480 0.602835
vt 0.098480 0.607071
vt 0.129355 0.602835
vt 0.129355 0.607071
vt 0.160230 0.602835
vt 0.160230 0.607071
vt 0.191104 0.602835
vt 0.191104 0.607071
vt 0.221979 0.602835
vt 0.221979 0.607071
vt 0.252854 0.602835
vt 0.252854 0.607071
vt 0.283729 0.602835
vt 0.283729 0.607071
vt 0.314603 0.602835
vt 0.314603 0.607071
vt 0.345478 0.602835
vt 0.345478 0.607071
vt 0.376353 0.602835
vt 0.376353 0.607071
vt 0.407228 0.602835
vt 0.407228 0.607071
vt 0.438102 0.602835
vt 0.438102 0.607071
vt 0.468977 0.602835
vt 0.468977 0.607071
vt 0.499852 0.602835
vt 0.499852 0.607071
vt 0.530727 0.602835
vt 0.530727 0.607071
vt 0.561601 0.602835
vt 0.561601 0.607071
vt 0.592476 0.602835
vt 0.592476 0.607071
vt 0.623351 0.602835
vt 0.623351 0.607071
vt 0.654226 0.602835
vt 0.654226 0.607071
vt 0.685100 0.602835
vt 0.685100 0.607071
vt 0.715975 0.602835
vt 0.715975 0.607071
vt 0.746850 0.602835
vt 0.746850 0.607071
vt 0.777725 0.602835
vt 0.777725 0.607071
vt 0.808599 0.602835
vt 0.808599 0.607071
vt 0.839474 0.602835
vt 0.839474 0.607071
vt 0.870349 0.602835
vt 0.870349 0.607071
vt 0.901224 0.602835
vt 0.901224 0.607071
vt 0.932099 0.602835
vt 0.932099 0.607071
vt 0.962973 0.602835
vt 0.962973 0.607071
vt 0.993848 0.602835
vt 0.993848 0.607071
vt 0.005856 0.597241
vt 0.036731 0.597241
vt 0.067605 0.597241
vt 0.098480 0.597241
vt 0.129355 0.597241
vt 0.160230 0.597241
vt 0.191104 0.597241
vt 0.221979 0.597241
vt 0.252854 0.597241
vt 0.283729 0.597241
vt 0.314603 0.597241
vt 0.345478 0.597241
vt 0.376353 0.597241
vt 0.407228 0.597241
vt 0.438102 0.597241
vt 0.468977 0.597241
vt 0.499852 0.597241
vt 0.530727 0.597241
vt 0.561601 0.597241
vt 0.592476 0.597241
vt 0.623351 0.597241
vt 0.654226 0.597241
vt 0.685100 0.597241
vt 0.715975 0.597241
vt 0.746850 0.597241
vt 0.777725 0.597241
vt 0.808599 0.597241
vt 0.839474 0.597241
vt 0.870349 0.597241
vt 0.901224 0.597241
vt 0.932099 0.597241
vt 0.962973 0.597241
vt 0.993848 0.597241
vt 0.005856 0.549634
vt 0.005856 0.545398
vt 0.036731 0.545398
vt 0.036731 0.549634
vt 0.067605 0.545398
vt 0.067605 0.549634
vt 0.098480 0.545398
vt 0.098480 0.549634
vt 0.129355 0.545398
vt 0.129355 0.549634
vt 0.160230 0.545398
vt 0.160230 0.549634
vt 0.191104 0.545398
vt 0.191104 0.549634
vt 0.221979 0.545398
vt 0.221979 0.549634
vt 0.252854 0.545398
vt 0.252854 0.549634
vt 0.283729 0.545398
vt 0.283729 0.549634
vt 0.314603 0.545398
vt 0.314603 0.549634
vt 0.345478 0.545398
vt 0.345478 0.549634
vt 0.376353 0.545398
vt 0.376353 0.549634
vt 0.407228 0.545398
vt 0.407228 0.549634
vt 0.438102 0.545398
vt 0.438102 0.549634
vt 0.468977 0.545398
vt 0.468977 0.549634
vt 0.499852 0.545398
vt 0.499852 0.549634
vt 0.530727 0.545398
vt 0.530727 0.549634
vt 0.561601 0.545398
vt 0.561601 0.549634
vt 0.592476 0.545398
vt 0.592476 0.549634
vt 0.623351 0.545398
vt 0.623351 0.549634
vt 0.654226 0.545398
vt 0.654226 0.549634
vt 0.685100 0.545398
vt 0.685100 0.549634
vt 0.715975 0.545398
vt 0.715975 0.549634
vt 0.746850 0.545398
vt 0.746850 0.549634
vt 0.777725 0.545398
vt 0.777725 0.549634
vt 0.808599 0.545398
vt 0.808599 0.549634
vt 0.839474 0.545398
vt 0.839474 0.549634
vt 0.870349 0.545398
vt 0.870349 0.549634
vt 0.901224 0.545398
vt 0.901224 0.549634
vt 0.932099 0.545398
vt 0.932099 0.549634
vt 0.962973 0.545398
vt 0.962973 0.549634
vt 0.993848 0.545398
vt 0.993848 0.549634
vt 0.005856 0.555228
vt 0.036731 0.555228
vt 0.067605 0.555228
vt 0.098480 0.555228
vt 0.129355 0.555228
vt 0.160230 0.555228
vt 0.191104 0.555228
vt 0.221979 0.555228
vt 0.252854 0.555228
vt 0.283729 0.555228
vt 0.314603 0.555228
vt 0.345478 0.555228
vt 0.376353 0.555228
vt 0.407228 0.555228
vt 0.438102 0.555228
vt 0.468977 0.555228
vt 0.499852 0.555228
vt 0.530727 0.555228
vt 0.561601 0.555228
vt 0.592476 0.555228
vt 0.623351 0.555228
vt 0.654226 0.555228
vt 0.685100 0.555228
vt 0.715975 0.555228
vt 0.746850 0.555228
vt 0.777725 0.555228
vt 0.808599 0.555228
vt 0.839474 0.555228
vt 0.870349 0.555228
vt 0.901224 0.555228
vt 0.932099 0.555228
vt 0.962973 0.555228
vt 0.993848 0.555228
vt 0.005856 0.541687
vt 0.036731 0.541687
vt 0.067605 0.541687
vt 0.098480 0.541687
vt 0.129355 0.541687
vt 0.160230 0.541687
vt 0.191104 0.541687
vt 0.221979 0.541687
vt 0.252854 0.541687
vt 0.283729 0.541687
vt 0.314603 0.541687
vt 0.345478 0.541687
vt 0.376353 0.541687
vt 0.407228 0.541687
vt 0.438102 0.541687
vt 0.468977 0.541687
vt 0.499852 0.541687
vt 0.530727 0.541687
vt 0.561601 0.541687
vt 0.592476 0.541687
vt 0.623351 0.541687
vt 0.654226 0.541687
vt 0.685100 0.541687
vt 0.715975 0.541687
vt 0.746850 0.541687
vt 0.777725 0.541687
vt 0.808599 0.541687
vt 0.839474 0.541687
vt 0.870349 0.541687
vt 0.901224 0.541687
vt 0.932099 0.541687
vt 0.962973 0.541687
vt 0.993848 0.541687
vt 0.005856 0.558961
vt 0.036731 0.558961
vt 0.067605 0.558961
vt 0.098480 0.558961
vt 0.129355 0.558961
vt 0.160230 0.558961
vt 0.191104 0.558961
vt 0.221979 0.558961
vt 0.252854 0.558961
vt 0.283729 0.558961
vt 0.314603 0.558961
vt 0.345478 0.558961
vt 0.376353 0.558961
vt 0.407228 0.558961
vt 0.438102 0.558961
vt 0.468977 0.558961
vt 0.499852 0.558961
vt 0.530727 0.558961
vt 0.561601 0.558961
vt 0.592476 0.558961
vt 0.623351 0.558961
vt 0.654226 0.558961
vt 0.685100 0.558961
vt 0.715975 0.558961
vt 0.746850 0.558961
vt 0.777725 0.558961
vt 0.808599 0.558961
vt 0.839474 0.558961
vt 0.870349 0.558961
vt 0.901224 0.558961
vt 0.932099 0.558961
vt 0.962973 0.558961
vt 0.993848 0.558961
vt 0.005856 0.572524
vt 0.005856 0.568288
vt 0.036731 0.568288
vt 0.036731 0.572524
vt 0.067605 0.568288
vt 0.067605 0.572524
vt 0.098480 0.568288
vt 0.098480 0.572524
vt 0.129355 0.568288
vt 0.129355 0.572524
vt 0.160230 0.568288
vt 0.160230 0.572524
vt 0.191104 0.568288
vt 0.191104 0.572524
vt 0.221979 0.568288
vt 0.221979 0.572524
vt 0.252854 0.568288
vt 0.252854 0.572524
vt 0.283729 0.568288
vt 0.283729 0.572524
vt 0.314603 0.568288
vt 0.314603 0.572524
vt 0.345478 0.568288
vt 0.345478 0.572524
vt 0.376353 0.568288
vt 0.376353 0.572524
vt 0.407228 0.568288
vt 0.407228 0.572524
vt 0.438102 0.568288
vt 0.438102 0.572524
vt 0.468977 0.568288
vt 0.468977 0.572524
vt 0.499852 0.568288
vt 0.499852 0.572524
vt 0.530727 0.568288
vt 0.530727 0.572524
vt 0.561601 0.568288
vt 0.561601 0.572524
vt 0.592476 0.568288
vt 0.592476 0.572524
vt 0.623351 0.568288
vt 0.623351 0.572524
vt 0.654226 0.568288
vt 0.654226 0.572524
vt 0.685100 0.568288
vt 0.685100 0.572524
vt 0.715975 0.568288
vt 0.715975 0.572524
vt 0.746850 0.568288
vt 0.746850 0.572524
vt 0.777725 0.568288
vt 0.777725 0.572524
vt 0.808599 0.568288
vt 0.808599 0.572524
vt 0.839474 0.568288
vt 0.839474 0.572524
vt 0.870349 0.568288
vt 0.870349 0.572524
vt 0.901224 0.568288
vt 0.901224 0.572524
vt 0.932099 0.568288
vt 0.932099 0.572524
vt 0.962973 0.568288
vt 0.962973 0.572524
vt 0.993848 0.568288
vt 0.993848 0.572524
vt 0.005856 0.562694
vt 0.036731 0.562694
vt 0.067605 0.562694
vt 0.098480 0.562694
vt 0.129355 0.562694
vt 0.160230 0.562694
vt 0.191104 0.562694
vt 0.221979 0.562694
vt 0.252854 0.562694
vt 0.283729 0.562694
vt 0.314603 0.562694
vt 0.345478 0.562694
vt 0.376353 0.562694
vt 0.407228 0.562694
vt 0.438102 0.562694
vt 0.468977 0.562694
vt 0.499852 0.562694
vt 0.530727 0.562694
vt 0.561601 0.562694
vt 0.592476 0.562694
vt 0.623351 0.562694
vt 0.654226 0.562694
vt 0.685100 0.562694
vt 0.715975 0.562694
vt 0.746850 0.562694
vt 0.777725 0.562694
vt 0.808599 0.562694
vt 0.839474 0.562694
vt 0.870349 0.562694
vt 0.901224 0.562694
vt 0.932099 0.562694
vt 0.962973 0.562694
vt 0.993848 0.562694
vt 0.005856 0.515087
vt 0.005856 0.510850
vt 0.036731 0.510850
vt 0.036731 0.515087
vt 0.067605 0.510850
vt 0.067605 0.515087
vt 0.098480 0.510850
vt 0.098480 0.515087
vt 0.129355 0.510850
vt 0.129355 0.515087
vt 0.160230 0.510850
vt 0.160230 0.515087
vt 0.191104 0.510850
vt 0.191104 0.515087
vt 0.221979 0.510850
vt 0.221979 0.515087
vt 0.252854 0.510850
vt 0.252854 0.515087
vt 0.283729 0.510850
vt 0.283729 0.515087
vt 0.314603 0.510850
vt 0.314603 0.515087
vt 0.345478 0.510850
vt 0.345478 0.515087
vt 0.376353 0.510850
vt 0.376353 0.515087
vt 0.407228 0.510850
vt 0.407228 0.515087
vt 0.438102 0.510850
vt 0.438102 0.515087
vt 0.468977 0.510850
vt 0.468977 0.515087
vt 0.499852 0.510850
vt 0.499852 0.515087
vt 0.530727 0.510850
vt 0.530727 0.515087
vt 0.561601 0.510850
vt 0.561601 0.515087
vt 0.592476 0.510850
vt 0.592476 0.515087
vt 0.623351 0.510850
vt 0.623351 0.515087
vt 0.654226 0.510850
vt 0.654226 0.515087
vt 0.685100 0.510850
vt 0.685100 0.515087
vt 0.715975 0.510850
vt 0.715975 0.515087
vt 0.746850 0.510850
vt 0.746850 0.515087
vt 0.777725 0.510850
vt 0.777725 0.515087
vt 0.808599 0.510850
vt 0.808599 0.515087
vt 0.839474 0.510850
vt 0.839474 0.515087
vt 0.870349 0.510850
vt 0.870349 0.515087
vt 0.901224 0.510850
vt 0.901224 0.515087
vt 0.932099 0.510850
vt 0.932099 0.515087
vt 0.962973 0.510850
vt 0.962973 0.515087
vt 0.993848 0.510850
vt 0.993848 0.515087
vt 0.005856 0.520681
vt 0.036731 0.520681
vt 0.067605 0.520681
vt 0.098480 0.520681
vt 0.129355 0.520681
vt 0.160230 0.520681
vt 0.191104 0.520681
vt 0.221979 0.520681
vt 0.252854 0.520681
vt 0.283729 0.520681
vt 0.314603 0.520681
vt 0.345478 0.520681
vt 0.376353 0.520681
vt 0.407228 0.520681
vt 0.438102 0.520681
vt 0.468977 0.520681
vt 0.499852 0.520681
vt 0.530727 0.520681
vt 0.561601 0.520681
vt 0.592476 0.520681
vt 0.623351 0.520681
vt 0.654226 0.520681
vt 0.685100 0.520681
vt 0.715975 0.520681
vt 0.746850 0.520681
vt 0.777725 0.520681
vt 0.808599 0.520681
vt 0.839474 0.520681
vt 0.870349 0.520681
vt 0.901224 0.520681
vt 0.932099 0.520681
vt 0.962973 0.520681
vt 0.993848 0.520681
vt 0.005856 0.507140
vt 0.036731 0.507140
vt 0.067605 0.507140
vt 0.098480 0.507140
vt 0.129355 0.507140
vt 0.160230 0.507140
vt 0.191104 0.507140
vt 0.221979 0.507140
vt 0.252854 0.507140
vt 0.283729 0.507140
vt 0.314603 0.507140
vt 0.345478 0.507140
vt 0.376353 0.507140
vt 0.407228 0.507140
vt 0.438102 0.507140
vt 0.468977 0.507140
vt 0.499852 0.507140
vt 0.530727 0.507140
vt 0.561601 0.507140
vt 0.592476 0.507140
vt 0.623351 0.507140
vt 0.654226 0.507140
vt 0.685100 0.507140
vt 0.715975 0.507140
vt 0.746850 0.507140
vt 0.777725 0.507140
vt 0.808599 0.507140
vt 0.839474 0.507140
vt 0.870349 0.507140
vt 0.901224 0.507140
vt 0.932099 0.507140
vt 0.962973 0.507140
vt 0.993848 0.507140
vt 0.005856 0.524414
vt 0.036731 0.524414
vt 0.067605 0.524414
vt 0.098480 0.524414
vt 0.129355 0.524414
vt 0.160230 0.524414
vt 0.191104 0.524414
vt 0.221979 0.524414
vt 0.252854 0.524414
vt 0.283729 0.524414
vt 0.314603 0.524414
vt 0.345478 0.524414
vt 0.376353 0.524414
vt 0.407228 0.524414
vt 0.438102 0.524414
vt 0.468977 0.524414
vt 0.499852 0.524414
vt 0.530727 0.524414
vt 0.561601 0.524414
vt 0.592476 0.524414
vt 0.623351 0.524414
vt 0.654226 0.524414
vt 0.685100 0.524414
vt 0.715975 0.524414
vt 0.746850 0.524414
vt 0.777725 0.524414
vt 0.808599 0.524414
vt 0.839474 0.524414
vt 0.870349 0.524414
vt 0.901224 0.524414
vt 0.932099 0.524414
vt 0.962973 0.524414
vt 0.993848 0.524414
vt 0.005856 0.537977
vt 0.005856 0.533740
vt 0.036731 0.533740
vt 0.036731 0.537977
vt 0.067605 0.533740
vt 0.067605 0.537977
vt 0.098480 0.533740
vt 0.098480 0.537977
vt 0.129355 0.533740
vt 0.129355 0.537977
vt 0.160230 0.533740
vt 0.160230 0.537977
vt 0.191104 0.533740
vt 0.191104 0.537977
vt 0.221979 0.533740
vt 0.221979 0.537977
vt 0.252854 0.533740
vt 0.252854 0.537977
vt 0.283729 0.533740
vt 0.283729 0.537977
vt 0.314603 0.533740
vt 0.314603 0.537977
vt 0.345478 0.533740
vt 0.345478 0.537977
vt 0.376353 0.533740
vt 0.376353 0.537977
vt 0.407228 0.533740
vt 0.407228 0.537977
vt 0.438102 0.533740
vt 0.438102 0.537977
vt 0.468977 0.533740
vt 0.468977 0.537977
vt 0.499852 0.533740
vt 0.499852 0.537977
vt 0.530727 0.533740
vt 0.530727 0.537977
vt 0.561601 0.533740
vt 0.561601 0.537977
vt 0.592476 0.533740
vt 0.592476 0.537977
vt 0.623351 0.533740
vt 0.623351 0.537977
vt 0.654226 0.533740
vt 0.654226 0.537977
vt 0.685100 0.533740
vt 0.685100 0.537977
vt 0.715975 0.533740
vt 0.715975 0.537977
vt 0.746850 0.533740
vt 0.746850 0.537977
vt 0.777725 0.533740
vt 0.777725 0.537977
vt 0.808599 0.533740
vt 0.808599 0.537977
vt 0.839474 0.533740
vt 0.839474 0.537977
vt 0.870349 0.533740
vt 0.870349 0.537977
vt 0.901224 0.533740
vt 0.901224 0.537977
vt 0.932099 0.533740
vt 0.932099 0.537977
vt 0.962973 0.533740
vt 0.962973 0.537977
vt 0.993848 0.533740
vt 0.993848 0.537977
vt 0.005856 0.528147
vt 0.036731 0.528147
vt 0.067605 0.528147
vt 0.098480 0.528147
vt 0.129355 0.528147
vt 0.160230 0.528147
vt 0.191104 0.528147
vt 0.221979 0.528147
vt 0.252854 0.528147
vt 0.283729 0.528147
vt 0.314603 0.528147
vt 0.345478 0.528147
vt 0.376353 0.528147
vt 0.407228 0.528147
vt 0.438102 0.528147
vt 0.468977 0.528147
vt 0.499852 0.528147
vt 0.530727 0.528147
vt 0.561601 0.528147
vt 0.592476 0.528147
vt 0.623351 0.528147
vt 0.654226 0.528147
vt 0.685100 0.528147
vt 0.715975 0.528147
vt 0.746850 0.528147
vt 0.777725 0.528147
vt 0.808599 0.528147
vt 0.839474 0.528147
vt 0.870349 0.528147
vt 0.901224 0.528147
vt 0.932099 0.528147
vt 0.962973 0.528147
vt 0.993848 0.528147
vt 0.005856 0.503429
vt 0.005856 0.499193
vt 0.036731 0.499193
vt 0.036731 0.503429
vt 0.067605 0.499193
vt 0.067605 0.503429
vt 0.098480 0.499193
vt 0.098480 0.503429
vt 0.129355 0.499193
vt 0.129355 0.503429
vt 0.160230 0.499193
vt 0.160230 0.503429
vt 0.191104 0.499193
vt 0.191104 0.503429
vt 0.221979 0.499193
vt 0.221979 0.503429
vt 0.252854 0.499193
vt 0.252854 0.503429
vt 0.283729 0.499193
vt 0.283729 0.503429
vt 0.314603 0.499193
vt 0.314603 0.503429
vt 0.345478 0.499193
vt 0.345478 0.503429
vt 0.376353 0.499193
vt 0.376353 0.503429
vt 0.407228 0.499193
vt 0.407228 0.503429
vt 0.438102 0.499193
vt 0.438102 0.503429
vt 0.468977 0.499193
vt 0.468977 0.503429
vt 0.499852 0.499193
vt 0.499852 0.503429
vt 0.530727 0.499193
vt 0.530727 0.503429
vt 0.561601 0.499193
vt 0.561601 0.503429
vt 0.592476 0.499193
vt 0.592476 0.503429
vt 0.623351 0.499193
vt 0.623351 0.503429
vt 0.654226 0.499193
vt 0.654226 0.503429
vt 0.685100 0.499193
vt 0.685100 0.503429
vt 0.715975 0.499193
vt 0.715975 0.503429
vt 0.746850 0.499193
vt 0.746850 0.503429
vt 0.777725 0.499193
vt 0.777725 0.503429
vt 0.808599 0.499193
vt 0.808599 0.503429
vt 0.839474 0.499193
vt 0.839474 0.503429
vt 0.870349 0.499193
vt 0.870349 0.503429
vt 0.901224 0.499193
vt 0.901224 0.503429
vt 0.932099 0.499193
vt 0.932099 0.503429
vt 0.962973 0.499193
vt 0.962973 0.503429
vt 0.993848 0.499193
vt 0.993848 0.503429
vt 0.005856 0.493599
vt 0.036731 0.493599
vt 0.067605 0.493599
vt 0.098480 0.493599
vt 0.129355 0.493599
vt 0.160230 0.493599
vt 0.191104 0.493599
vt 0.221979 0.493599
vt 0.252854 0.493599
vt 0.283729 0.493599
vt 0.314603 0.493599
vt 0.345478 0.493599
vt 0.376353 0.493599
vt 0.407228 0.493599
vt 0.438102 0.493599
vt 0.468977 0.493599
vt 0.499852 0.493599
vt 0.530727 0.493599
vt 0.561601 0.493599
vt 0.592476 0.493599
vt 0.623351 0.493599
vt 0.654226 0.493599
vt 0.685100 0.493599
vt 0.715975 0.493599
vt 0.746850 0.493599
vt 0.777725 0.493599
vt 0.808599 0.493599
vt 0.839474 0.493599
vt 0.870349 0.493599
vt 0.901224 0.493599
vt 0.932099 0.493599
vt 0.962973 0.493599
vt 0.993848 0.493599
vt 0.005856 0.489866
vt 0.036731 0.489866
vt 0.067605 0.489866
vt 0.098480 0.489866
vt 0.129355 0.489866
vt 0.160230 0.489866
vt 0.191104 0.489866
vt 0.221979 0.489866
vt 0.252854 0.489866
vt 0.283729 0.489866
vt 0.314603 0.489866
vt 0.345478 0.489866
vt 0.376353 0.489866
vt 0.407228 0.489866
vt 0.438102 0.489866
vt 0.468977 0.489866
vt 0.499852 0.489866
vt 0.530727 0.489866
vt 0.561601 0.489866
vt 0.592476 0.489866
vt 0.623351 0.489866
vt 0.654226 0.489866
vt 0.685100 0.489866
vt 0.715975 0.489866
vt 0.746850 0.489866
vt 0.777725 0.489866
vt 0.808599 0.489866
vt 0.839474 0.489866
vt 0.870349 0.489866
vt 0.901224 0.489866
vt 0.932099 0.489866
vt 0.962973 0.489866
vt 0.993848 0.489866
vt 0.005859 0.043952
vt 0.036701 0.043952
vt 0.036701 0.048087
vt 0.005859 0.048087
vt 0.067514 0.043952
vt 0.067514 0.048087
vt 0.098326 0.043952
vt 0.098326 0.048087
vt 0.129139 0.043952
vt 0.129139 0.048087
vt 0.159952 0.043952
vt 0.159952 0.048087
vt 0.190765 0.043952
vt 0.190765 0.048087
vt 0.221577 0.043952
vt 0.221577 0.048087
vt 0.252390 0.043952
vt 0.252390 0.048087
vt 0.283203 0.043952
vt 0.283203 0.048087
vt 0.314015 0.043952
vt 0.314015 0.048087
vt 0.344828 0.043952
vt 0.344828 0.048087
vt 0.375641 0.043952
vt 0.375641 0.048087
vt 0.406453 0.043952
vt 0.406453 0.048087
vt 0.437266 0.043952
vt 0.437266 0.048087
vt 0.468079 0.043952
vt 0.468079 0.048087
vt 0.498891 0.043952
vt 0.498891 0.048087
vt 0.529704 0.043952
vt 0.529704 0.048087
vt 0.560517 0.043952
vt 0.560517 0.048087
vt 0.591329 0.043952
vt 0.591329 0.048087
vt 0.622142 0.043952
vt 0.622142 0.048087
vt 0.652955 0.043952
vt 0.652955 0.048087
vt 0.683767 0.043952
vt 0.683767 0.048087
vt 0.714580 0.043952
vt 0.714580 0.048087
vt 0.745393 0.043952
vt 0.745393 0.048087
vt 0.776206 0.043952
vt 0.776206 0.048087
vt 0.807018 0.043952
vt 0.807018 0.048087
vt 0.837831 0.043952
vt 0.837831 0.048087
vt 0.868644 0.043952
vt 0.868644 0.048087
vt 0.899456 0.043952
vt 0.899456 0.048087
vt 0.930269 0.043952
vt 0.930269 0.048087
vt 0.961082 0.043952
vt 0.961082 0.048087
vt 0.991924 0.043952
vt 0.991924 0.048087
vt 0.005859 0.038284
vt 0.036701 0.038284
vt 0.067514 0.038284
vt 0.098326 0.038284
vt 0.129139 0.038284
vt 0.159952 0.038284
vt 0.190765 0.038284
vt 0.221577 0.038284
vt 0.252390 0.038284
vt 0.283203 0.038284
vt 0.314015 0.038284
vt 0.344828 0.038284
vt 0.375641 0.038284
vt 0.406453 0.038284
vt 0.437266 0.038284
vt 0.468079 0.038284
vt 0.498891 0.038284
vt 0.529704 0.038284
vt 0.560517 0.038284
vt 0.591329 0.038284
vt 0.622142 0.038284
vt 0.652955 0.038284
vt 0.683767 0.038284
vt 0.714580 0.038284
vt 0.745393 0.038284
vt 0.776206 0.038284
vt 0.807018 0.038284
vt 0.837831 0.038284
vt 0.868644 0.038284
vt 0.899456 0.038284
vt 0.930269 0.038284
vt 0.961082 0.038284
vt 0.991924 0.038284
vt 0.036701 0.051625
vt 0.005859 0.051625
vt 0.067514 0.051625
vt 0.098326 0.051625
vt 0.129139 0.051625
vt 0.159952 0.051625
vt 0.190765 0.051625
vt 0.221577 0.051625
vt 0.252390 0.051625
vt 0.283203 0.051625
vt 0.314015 0.051625
vt 0.344828 0.051625
vt 0.375641 0.051625
vt 0.406453 0.051625
vt 0.437266 0.051625
vt 0.468079 0.051625
vt 0.498891 0.051625
vt 0.529704 0.051625
vt 0.560517 0.051625
vt 0.591329 0.051625
vt 0.622142 0.051625
vt 0.652955 0.051625
vt 0.683767 0.051625
vt 0.714580 0.051625
vt 0.745393 0.051625
vt 0.776206 0.051625
vt 0.807018 0.051625
vt 0.837831 0.051625
vt 0.868644 0.051625
vt 0.899456 0.051625
vt 0.930269 0.051625
vt 0.961082 0.051625
vt 0.991924 0.051625
vt 0.005859 0.034352
vt 0.036701 0.034352
vt 0.067514 0.034352
vt 0.098326 0.034352
vt 0.129139 0.034352
vt 0.159952 0.034352
vt 0.190765 0.034352
vt 0.221577 0.034352
vt 0.252390 0.034352
vt 0.283203 0.034352
vt 0.314015 0.034352
vt 0.344828 0.034352
vt 0.375641 0.034352
vt 0.406453 0.034352
vt 0.437266 0.034352
vt 0.468079 0.034352
vt 0.498891 0.034352
vt 0.529704 0.034352
vt 0.560517 0.034352
vt 0.591329 0.034352
vt 0.622142 0.034352
vt 0.652955 0.034352
vt 0.683767 0.034352
vt 0.714580 0.034352
vt 0.745393 0.034352
vt 0.776206 0.034352
vt 0.807018 0.034352
vt 0.837831 0.034352
vt 0.868644 0.034352
vt 0.899456 0.034352
vt 0.930269 0.034352
vt 0.961082 0.034352
vt 0.991924 0.034352
vt 0.005859 0.020617
vt 0.036701 0.020617
vt 0.036701 0.024752
vt 0.005859 0.024752
vt 0.067514 0.020617
vt 0.067514 0.024752
vt 0.098326 0.020617
vt 0.098326 0.024752
vt 0.129139 0.020617
vt 0.129139 0.024752
vt 0.159952 0.020617
vt 0.159952 0.024752
vt 0.190765 0.020617
vt 0.190765 0.024752
vt 0.221577 0.020617
vt 0.221577 0.024752
vt 0.252390 0.020617
vt 0.252390 0.024752
vt 0.283203 0.020617
vt 0.283203 0.024752
vt 0.314015 0.020617
vt 0.314015 0.024752
vt 0.344828 0.020617
vt 0.344828 0.024752
vt 0.375641 0.020617
vt 0.375641 0.024752
vt 0.406453 0.020617
vt 0.406453 0.024752
vt 0.437266 0.020617
vt 0.437266 0.024752
vt 0.468079 0.020617
vt 0.468079 0.024752
vt 0.498891 0.020617
vt 0.498891 0.024752
vt 0.529704 0.020617
vt 0.529704 0.024752
vt 0.560517 0.020617
vt 0.560517 0.024752
vt 0.591329 0.020617
vt 0.591329 0.024752
vt 0.622142 0.020617
vt 0.622142 0.024752
vt 0.652955 0.020617
vt 0.652955 0.024752
vt 0.683767 0.020617
vt 0.683767 0.024752
vt 0.714580 0.020617
vt 0.714580 0.024752
vt 0.745393 0.020617
vt 0.745393 0.024752
vt 0.776206 0.020617
vt 0.776206 0.024752
vt 0.807018 0.020617
vt 0.807018 0.024752
vt 0.837831 0.020617
vt 0.837831 0.024752
vt 0.868644 0.020617
vt 0.868644 0.024752
vt 0.899456 0.020617
vt 0.899456 0.024752
vt 0.930269 0.020617
vt 0.930269 0.024752
vt 0.961082 0.020617
vt 0.961082 0.024752
vt 0.991924 0.020617
vt 0.991924 0.024752
vt 0.005859 0.017079
vt 0.036701 0.017079
vt 0.067514 0.017079
vt 0.098326 0.017079
vt 0.129139 0.017079
vt 0.159952 0.017079
vt 0.190765 0.017079
vt 0.221577 0.017079
vt 0.252390 0.017079
vt 0.283203 0.017079
vt 0.314015 0.017079
vt 0.344828 0.017079
vt 0.375641 0.017079
vt 0.406453 0.017079
vt 0.437266 0.017079
vt 0.468079 0.017079
vt 0.498891 0.017079
vt 0.529704 0.017079
vt 0.560517 0.017079
vt 0.591329 0.017079
vt 0.622142 0.017079
vt 0.652955 0.017079
vt 0.683767 0.017079
vt 0.714580 0.017079
vt 0.745393 0.017079
vt 0.776206 0.017079
vt 0.807018 0.017079
vt 0.837831 0.017079
vt 0.868644 0.017079
vt 0.899456 0.017079
vt 0.930269 0.017079
vt 0.961082 0.017079
vt 0.991924 0.017079
vt 0.036701 0.030421
vt 0.005859 0.030421
vt 0.067514 0.030421
vt 0.098326 0.030421
vt 0.129139 0.030421
vt 0.159952 0.030421
vt 0.190765 0.030421
vt 0.221577 0.030421
vt 0.252390 0.030421
vt 0.283203 0.030421
vt 0.314015 0.030421
vt 0.344828 0.030421
vt 0.375641 0.030421
vt 0.406453 0.030421
vt 0.437266 0.030421
vt 0.468079 0.030421
vt 0.498891 0.030421
vt 0.529704 0.030421
vt 0.560517 0.030421
vt 0.591329 0.030421
vt 0.622142 0.030421
vt 0.652955 0.030421
vt 0.683767 0.030421
vt 0.714580 0.030421
vt 0.745393 0.030421
vt 0.776206 0.030421
vt 0.807018 0.030421
vt 0.837831 0.030421
vt 0.868644 0.030421
vt 0.899456 0.030421
vt 0.930269 0.030421
vt 0.961082 0.030421
vt 0.991924 0.030421
vt 0.005859 0.009435
vt 0.036701 0.009435
vt 0.036701 0.013542
vt 0.005859 0.013542
vt 0.067514 0.009435
vt 0.067514 0.013542
vt 0.098326 0.009435
vt 0.098326 0.013542
vt 0.129139 0.009435
vt 0.129139 0.013542
vt 0.159952 0.009435
vt 0.159952 0.013542
vt 0.190765 0.009435
vt 0.190765 0.013542
vt 0.221577 0.009435
vt 0.221577 0.013542
vt 0.252390 0.009435
vt 0.252390 0.013542
vt 0.283203 0.009435
vt 0.283203 0.013542
vt 0.314015 0.009435
vt 0.314015 0.013542
vt 0.344828 0.009435
vt 0.344828 0.013542
vt 0.375641 0.009435
vt 0.375641 0.013542
vt 0.406453 0.009435
vt 0.406453 0.013542
vt 0.437266 0.009435
vt 0.437266 0.013542
vt 0.468079 0.009435
vt 0.468079 0.013542
vt 0.498891 0.009435
vt 0.498891 0.013542
vt 0.529704 0.009435
vt 0.529704 0.013542
vt 0.560517 0.009435
vt 0.560517 0.013542
vt 0.591329 0.009435
vt 0.591329 0.013542
vt 0.622142 0.009435
vt 0.622142 0.013542
vt 0.652955 0.009435
vt 0.652955 0.013542
vt 0.683767 0.009435
vt 0.683767 0.013542
vt 0.714580 0.009435
vt 0.714580 0.013542
vt 0.745393 0.009435
vt 0.745393 0.013542
vt 0.776206 0.009435
vt 0.776206 0.013542
vt 0.807018 0.009435
vt 0.807018 0.013542
vt 0.837831 0.009435
vt 0.837831 0.013542
vt 0.868644 0.009435
vt 0.868644 0.013542
vt 0.899456 0.009435
vt 0.899456 0.013542
vt 0.930269 0.009435
vt 0.930269 0.013542
vt 0.961082 0.009435
vt 0.961082 0.013542
vt 0.991924 0.009435
vt 0.991924 0.013542
vt 0.005859 0.005864
vt 0.036701 0.005864
vt 0.067514 0.005864
vt 0.098326 0.005864
vt 0.129139 0.005864
vt 0.159952 0.005864
vt 0.190765 0.005864
vt 0.221577 0.005864
vt 0.252390 0.005864
vt 0.283203 0.005864
vt 0.314015 0.005864
vt 0.344828 0.005864
vt 0.375641 0.005864
vt 0.406453 0.005864
vt 0.437266 0.005864
vt 0.468079 0.005864
vt 0.498891 0.005864
vt 0.529704 0.005864
vt 0.560517 0.005864
vt 0.591329 0.005864
vt 0.622142 0.005864
vt 0.652955 0.005864
vt 0.683767 0.005864
vt 0.714580 0.005864
vt 0.745393 0.005864
vt 0.776206 0.005864
vt 0.807018 0.005864
vt 0.837831 0.005864
vt 0.868644 0.005864
vt 0.899456 0.005864
vt 0.930269 0.005864
vt 0.961082 0.005864
vt 0.991924 0.005864
vt 0.005859 0.078498
vt 0.036701 0.078498
vt 0.036701 0.082632
vt 0.005859 0.082632
vt 0.067514 0.078498
vt 0.067514 0.082632
vt 0.098326 0.078498
vt 0.098326 0.082632
vt 0.129139 0.078498
vt 0.129139 0.082632
vt 0.159952 0.078498
vt 0.159952 0.082632
vt 0.190765 0.078498
vt 0.190765 0.082632
vt 0.221577 0.078498
vt 0.221577 0.082632
vt 0.252390 0.078498
vt 0.252390 0.082632
vt 0.283203 0.078498
vt 0.283203 0.082632
vt 0.314015 0.078498
vt 0.314015 0.082632
vt 0.344828 0.078498
vt 0.344828 0.082632
vt 0.375641 0.078498
vt 0.375641 0.082632
vt 0.406453 0.078498
vt 0.406453 0.082632
vt 0.437266 0.078498
vt 0.437266 0.082632
vt 0.468079 0.078498
vt 0.468079 0.082632
vt 0.498891 0.078498
vt 0.498891 0.082632
vt 0.529704 0.078498
vt 0.529704 0.082632
vt 0.560517 0.078498
vt 0.560517 0.082632
vt 0.591329 0.078498
vt 0.591329 0.082632
vt 0.622142 0.078498
vt 0.622142 0.082632
vt 0.652955 0.078498
vt 0.652955 0.082632
vt 0.683767 0.078498
vt 0.683767 0.082632
vt 0.714580 0.078498
vt 0.714580 0.082632
vt 0.745393 0.078498
vt 0.745393 0.082632
vt 0.776206 0.078498
vt 0.776206 0.082632
vt 0.807018 0.078498
vt 0.807018 0.082632
vt 0.837831 0.078498
vt 0.837831 0.082632
vt 0.868644 0.078498
vt 0.868644 0.082632
vt 0.899456 0.078498
vt 0.899456 0.082632
vt 0.930269 0.078498
vt 0.930269 0.082632
vt 0.961082 0.078498
vt 0.961082 0.082632
vt 0.991924 0.078498
vt 0.991924 0.082632
vt 0.005859 0.072829
vt 0.036701 0.072829
vt 0.067514 0.072829
vt 0.098326 0.072829
vt 0.129139 0.072829
vt 0.159952 0.072829
vt 0.190765 0.072829
vt 0.221577 0.072829
vt 0.252390 0.072829
vt 0.283203 0.072829
vt 0.314015 0.072829
vt 0.344828 0.072829
vt 0.375641 0.072829
vt 0.406453 0.072829
vt 0.437266 0.072829
vt 0.468079 0.072829
vt 0.498891 0.072829
vt 0.529704 0.072829
vt 0.560517 0.072829
vt 0.591329 0.072829
vt 0.622142 0.072829
vt 0.652955 0.072829
vt 0.683767 0.072829
vt 0.714580 0.072829
vt 0.745393 0.072829
vt 0.776206 0.072829
vt 0.807018 0.072829
vt 0.837831 0.072829
vt 0.868644 0.072829
vt 0.899456 0.072829
vt 0.930269 0.072829
vt 0.961082 0.072829
vt 0.991924 0.072829
vt 0.036701 0.086170
vt 0.005859 0.086170
vt 0.067514 0.086170
vt 0.098326 0.086170
vt 0.129139 0.086170
vt 0.159952 0.086170
vt 0.190765 0.086170
vt 0.221577 0.086170
vt 0.252390 0.086170
vt 0.283203 0.086170
vt 0.314015 0.086170
vt 0.344828 0.086170
vt 0.375641 0.086170
vt 0.406453 0.086170
vt 0.437266 0.086170
vt 0.468079 0.086170
vt 0.498891 0.086170
vt 0.529704 0.086170
vt 0.560517 0.086170
vt 0.591329 0.086170
vt 0.622142 0.086170
vt 0.652955 0.086170
vt 0.683767 0.086170
vt 0.714580 0.086170
vt 0.745393 0.086170
vt 0.776206 0.086170
vt 0.807018 0.086170
vt 0.837831 0.086170
vt 0.868644 0.086170
vt 0.899456 0.086170
vt 0.930269 0.086170
vt 0.961082 0.086170
vt 0.991924 0.086170
vt 0.005859 0.068897
vt 0.036701 0.068897
vt 0.067514 0.068897
vt 0.098326 0.068897
vt 0.129139 0.068897
vt 0.159952 0.068897
vt 0.190765 0.068897
vt 0.221577 0.068897
vt 0.252390 0.068897
vt 0.283203 0.068897
vt 0.314015 0.068897
vt 0.344828 0.068897
vt 0.375641 0.068897
vt 0.406453 0.068897
vt 0.437266 0.068897
vt 0.468079 0.068897
vt 0.498891 0.068897
vt 0.529704 0.068897
vt 0.560517 0.068897
vt 0.591329 0.068897
vt 0.622142 0.068897
vt 0.652955 0.068897
vt 0.683767 0.068897
vt 0.714580 0.068897
vt 0.745393 0.068897
vt 0.776206 0.068897
vt 0.807018 0.068897
vt 0.837831 0.068897
vt 0.868644 0.068897
vt 0.899456 0.068897
vt 0.930269 0.068897
vt 0.961082 0.068897
vt 0.991924 0.068897
vt 0.005859 0.055162
vt 0.036701 0.055162
vt 0.036701 0.059297
vt 0.005859 0.059297
vt 0.067514 0.055162
vt 0.067514 0.059297
vt 0.098326 0.055162
vt 0.098326 0.059297
vt 0.129139 0.055162
vt 0.129139 0.059297
vt 0.159952 0.055162
vt 0.159952 0.059297
vt 0.190765 0.055162
vt 0.190765 0.059297
vt 0.221577 0.055162
vt 0.221577 0.059297
vt 0.252390 0.055162
vt 0.252390 0.059297
vt 0.283203 0.055162
vt 0.283203 0.059297
vt 0.314015 0.055162
vt 0.314015 0.059297
vt 0.344828 0.055162
vt 0.344828 0.059297
vt 0.375641 0.055162
vt 0.375641 0.059297
vt 0.406453 0.055162
vt 0.406453 0.059297
vt 0.437266 0.055162
vt 0.437266 0.059297
vt 0.468079 0.055162
vt 0.468079 0.059297
vt 0.498891 0.055162
vt 0.498891 0.059297
vt 0.529704 0.055162
vt 0.529704 0.059297
vt 0.560517 0.055162
vt 0.560517 0.059297
vt 0.591329 0.055162
vt 0.591329 0.059297
vt 0.622142 0.055162
vt 0.622142 0.059297
vt 0.652955 0.055162
vt 0.652955 0.059297
vt 0.683767 0.055162
vt 0.683767 0.059297
vt 0.714580 0.055162
vt 0.714580 0.059297
vt 0.745393 0.055162
vt 0.745393 0.059297
vt 0.776206 0.055162
vt 0.776206 0.059297
vt 0.807018 0.055162
vt 0.807018 0.059297
vt 0.837831 0.055162
vt 0.837831 0.059297
vt 0.868644 0.055162
vt 0.868644 0.059297
vt 0.899456 0.055162
vt 0.899456 0.059297
vt 0.930269 0.055162
vt 0.930269 0.059297
vt 0.961082 0.055162
vt 0.961082 0.059297
vt 0.991924 0.055162
vt 0.991924 0.059297
vt 0.036701 0.064966
vt 0.005859 0.064966
vt 0.067514 0.064966
vt 0.098326 0.064966
vt 0.129139 0.064966
vt 0.159952 0.064966
vt 0.190765 0.064966
vt 0.221577 0.064966
vt 0.252390 0.064966
vt 0.283203 0.064966
vt 0.314015 0.064966
vt 0.344828 0.064966
vt 0.375641 0.064966
vt 0.406453 0.064966
vt 0.437266 0.064966
vt 0.468079 0.064966
vt 0.498891 0.064966
vt 0.529704 0.064966
vt 0.560517 0.064966
vt 0.591329 0.064966
vt 0.622142 0.064966
vt 0.652955 0.064966
vt 0.683767 0.064966
vt 0.714580 0.064966
vt 0.745393 0.064966
vt 0.776206 0.064966
vt 0.807018 0.064966
vt 0.837831 0.064966
vt 0.868644 0.064966
vt 0.899456 0.064966
vt 0.930269 0.064966
vt 0.961082 0.064966
vt 0.991924 0.064966
vt 0.005859 0.113043
vt 0.036701 0.113043
vt 0.036701 0.117177
vt 0.005859 0.117177
vt 0.067514 0.113043
vt 0.067514 0.117177
vt 0.098326 0.113043
vt 0.098326 0.117177
vt 0.129139 0.113043
vt 0.129139 0.117177
vt 0.159952 0.113043
vt 0.159952 0.117177
vt 0.190765 0.113043
vt 0.190765 0.117177
vt 0.221577 0.113043
vt 0.221577 0.117177
vt 0.252390 0.113043
vt 0.252390 0.117177
vt 0.283203 0.113043
vt 0.283203 0.117177
vt 0.314015 0.113043
vt 0.314015 0.117177
vt 0.344828 0.113043
vt 0.344828 0.117177
vt 0.375641 0.113043
vt 0.375641 0.117177
vt 0.406453 0.113043
vt 0.406453 0.117177
vt 0.437266 0.113043
vt 0.437266 0.117177
vt 0.468079 0.113043
vt 0.468079 0.117177
vt 0.498891 0.113043
vt 0.498891 0.117177
vt 0.529704 0.113043
vt 0.529704 0.117177
vt 0.560517 0.113043
vt 0.560517 0.117177
vt 0.591329 0.113043
vt 0.591329 0.117177
vt 0.622142 0.113043
vt 0.622142 0.117177
vt 0.652955 0.113043
vt 0.652955 0.117177
vt 0.683767 0.113043
vt 0.683767 0.117177
vt 0.714580 0.113043
vt 0.714580 0.117177
vt 0.745393 0.113043
vt 0.745393 0.117177
vt 0.776206 0.113043
vt 0.776206 0.117177
vt 0.807018 0.113043
vt 0.807018 0.117177
vt 0.837831 0.113043
vt 0.837831 0.117177
vt 0.868644 0.113043
vt 0.868644 0.117177
vt 0.899456 0.113043
vt 0.899456 0.117177
vt 0.930269 0.113043
vt 0.930269 0.117177
vt 0.961082 0.113043
vt 0.961082 0.117177
vt 0.991924 0.113043
vt 0.991924 0.117177
vt 0.005859 0.107374
vt 0.036701 0.107374
vt 0.067514 0.107374
vt 0.098326 0.107374
vt 0.129139 0.107374
vt 0.159952 0.107374
vt 0.190765 0.107374
vt 0.221577 0.107374
vt 0.252390 0.107374
vt 0.283203 0.107374
vt 0.314015 0.107374
vt 0.344828 0.107374
vt 0.375641 0.107374
vt 0.406453 0.107374
vt 0.437266 0.107374
vt 0.468079 0.107374
vt 0.498891 0.107374
vt 0.529704 0.107374
vt 0.560517 0.107374
vt 0.591329 0.107374
vt 0.622142 0.107374
vt 0.652955 0.107374
vt 0.683767 0.107374
vt 0.714580 0.107374
vt 0.745393 0.107374
vt 0.776206 0.107374
vt 0.807018 0.107374
vt 0.837831 0.107374
vt 0.868644 0.107374
vt 0.899456 0.107374
vt 0.930269 0.107374
vt 0.961082 0.107374
vt 0.991924 0.107374
vt 0.036701 0.120715
vt 0.005859 0.120715
vt 0.067514 0.120715
vt 0.098326 0.120715
vt 0.129139 0.120715
vt 0.159952 0.120715
vt 0.190765 0.120715
vt 0.221577 0.120715
vt 0.252390 0.120715
vt 0.283203 0.120715
vt 0.314015 0.120715
vt 0.344828 0.120715
vt 0.375641 0.120715
vt 0.406453 0.120715
vt 0.437266 0.120715
vt 0.468079 0.120715
vt 0.498891 0.120715
vt 0.529704 0.120715
vt 0.560517 0.120715
vt 0.591329 0.120715
vt 0.622142 0.120715
vt 0.652955 0.120715
vt 0.683767 0.120715
vt 0.714580 0.120715
vt 0.745393 0.120715
vt 0.776206 0.120715
vt 0.807018 0.120715
vt 0.837831 0.120715
vt 0.868644 0.120715
vt 0.899456 0.120715
vt 0.930269 0.120715
vt 0.961082 0.120715
vt 0.991924 0.120715
vt 0.005859 0.103442
vt 0.036701 0.103442
vt 0.067514 0.103442
vt 0.098326 0.103442
vt 0.129139 0.103442
vt 0.159952 0.103442
vt 0.190765 0.103442
vt 0.221577 0.103442
vt 0.252390 0.103442
vt 0.283203 0.103442
vt 0.314015 0.103442
vt 0.344828 0.103442
vt 0.375641 0.103442
vt 0.406453 0.103442
vt 0.437266 0.103442
vt 0.468079 0.103443
vt 0.498891 0.103443
vt 0.529704 0.103443
vt 0.560517 0.103443
vt 0.591329 0.103443
vt 0.622142 0.103443
vt 0.652955 0.103443
vt 0.683767 0.103443
vt 0.714580 0.103443
vt 0.745393 0.103443
vt 0.776206 0.103443
vt 0.807018 0.103443
vt 0.837831 0.103443
vt 0.868644 0.103443
vt 0.899456 0.103443
vt 0.930269 0.103443
vt 0.961082 0.103443
vt 0.991924 0.103443
vt 0.005859 0.089708
vt 0.036701 0.089708
vt 0.036701 0.093842
vt 0.005859 0.093842
vt 0.067514 0.089708
vt 0.067514 0.093842
vt 0.098326 0.089708
vt 0.098326 0.093842
vt 0.129139 0.089708
vt 0.129139 0.093842
vt 0.159952 0.089708
vt 0.159952 0.093842
vt 0.190765 0.089708
vt 0.190765 0.093842
vt 0.221577 0.089708
vt 0.221577 0.093842
vt 0.252390 0.089708
vt 0.252390 0.093842
vt 0.283203 0.089708
vt 0.283203 0.093842
vt 0.314015 0.089708
vt 0.314015 0.093842
vt 0.344828 0.089708
vt 0.344828 0.093842
vt 0.375641 0.089708
vt 0.375641 0.093842
vt 0.406453 0.089708
vt 0.406453 0.093842
vt 0.437266 0.089708
vt 0.437266 0.093842
vt 0.468079 0.089708
vt 0.468079 0.093842
vt 0.498891 0.089708
vt 0.498891 0.093842
vt 0.529704 0.089708
vt 0.529704 0.093842
vt 0.560517 0.089708
vt 0.560517 0.093842
vt 0.591329 0.089708
vt 0.591329 0.093842
vt 0.622142 0.089708
vt 0.622142 0.093842
vt 0.652955 0.089708
vt 0.652955 0.093842
vt 0.683767 0.089708
vt 0.683767 0.093842
vt 0.714580 0.089708
vt 0.714580 0.093842
vt 0.745393 0.089708
vt 0.745393 0.093842
vt 0.776206 0.089708
vt 0.776206 0.093842
vt 0.807018 0.089708
vt 0.807018 0.093842
vt 0.837831 0.089708
vt 0.837831 0.093842
vt 0.868644 0.089708
vt 0.868644 0.093842
vt 0.899456 0.089708
vt 0.899456 0.093842
vt 0.930269 0.089708
vt 0.930269 0.093842
vt 0.961082 0.089708
vt 0.961082 0.093842
vt 0.991924 0.089708
vt 0.991924 0.093842
vt 0.036701 0.099511
vt 0.005859 0.099511
vt 0.067514 0.099511
vt 0.098326 0.099511
vt 0.129139 0.099511
vt 0.159952 0.099511
vt 0.190765 0.099511
vt 0.221577 0.099511
vt 0.252390 0.099511
vt 0.283203 0.099511
vt 0.314015 0.099511
vt 0.344828 0.099511
vt 0.375641 0.099511
vt 0.406453 0.099511
vt 0.437266 0.099511
vt 0.468079 0.099511
vt 0.498891 0.099511
vt 0.529704 0.099511
vt 0.560517 0.099511
vt 0.591329 0.099511
vt 0.622142 0.099511
vt 0.652955 0.099511
vt 0.683767 0.099511
vt 0.714580 0.099511
vt 0.745393 0.099511
vt 0.776206 0.099511
vt 0.807018 0.099511
vt 0.837831 0.099511
vt 0.868644 0.099511
vt 0.899456 0.099511
vt 0.930269 0.099511
vt 0.961082 0.099511
vt 0.991924 0.099511
vt 0.005859 0.147588
vt 0.036701 0.147588
vt 0.036701 0.151723
vt 0.005859 0.151723
vt 0.067514 0.147588
vt 0.067514 0.151723
vt 0.098326 0.147588
vt 0.098326 0.151723
vt 0.129139 0.147588
vt 0.129139 0.151723
vt 0.159952 0.147588
vt 0.159952 0.151723
vt 0.190765 0.147588
vt 0.190765 0.151723
vt 0.221577 0.147588
vt 0.221577 0.151723
vt 0.252390 0.147588
vt 0.252390 0.151723
vt 0.283203 0.147588
vt 0.283203 0.151723
vt 0.314015 0.147588
vt 0.314015 0.151723
vt 0.344828 0.147588
vt 0.344828 0.151723
vt 0.375641 0.147588
vt 0.375641 0.151723
vt 0.406453 0.147588
vt 0.406453 0.151723
vt 0.437266 0.147588
vt 0.437266 0.151723
vt 0.468079 0.147588
vt 0.468079 0.151723
vt 0.498891 0.147588
vt 0.498891 0.151723
vt 0.529704 0.147588
vt 0.529704 0.151723
vt 0.560517 0.147588
vt 0.560517 0.151723
vt 0.591329 0.147588
vt 0.591329 0.151723
vt 0.622142 0.147588
vt 0.622142 0.151723
vt 0.652955 0.147588
vt 0.652955 0.151723
vt 0.683767 0.147588
vt 0.683767 0.151723
vt 0.714580 0.147588
vt 0.714580 0.151723
vt 0.745393 0.147588
vt 0.745393 0.151723
vt 0.776206 0.147588
vt 0.776206 0.151723
vt 0.807018 0.147588
vt 0.807018 0.151723
vt 0.837831 0.147588
vt 0.837831 0.151723
vt 0.868644 0.147588
vt 0.868644 0.151723
vt 0.899456 0.147588
vt 0.899456 0.151723
vt 0.930269 0.147588
vt 0.930269 0.151723
vt 0.961082 0.147588
vt 0.961082 0.151723
vt 0.991924 0.147588
vt 0.991924 0.151723
vt 0.005859 0.141919
vt 0.036701 0.141919
vt 0.067514 0.141919
vt 0.098326 0.141919
vt 0.129139 0.141919
vt 0.159952 0.141919
vt 0.190765 0.141919
vt 0.221577 0.141919
vt 0.252390 0.141919
vt 0.283203 0.141919
vt 0.314015 0.141919
vt 0.344828 0.141919
vt 0.375641 0.141919
vt 0.406453 0.141919
vt 0.437266 0.141919
vt 0.468079 0.141919
vt 0.498891 0.141919
vt 0.529704 0.141919
vt 0.560517 0.141919
vt 0.591329 0.141919
vt 0.622142 0.141919
vt 0.652955 0.141919
vt 0.683767 0.141919
vt 0.714580 0.141919
vt 0.745393 0.141919
vt 0.776206 0.141919
vt 0.807018 0.141919
vt 0.837831 0.141919
vt 0.868644 0.141919
vt 0.899456 0.141919
vt 0.930269 0.141919
vt 0.961082 0.141919
vt 0.991924 0.141919
vt 0.036701 0.155260
vt 0.005859 0.155260
vt 0.067514 0.155260
vt 0.098326 0.155260
vt 0.129139 0.155260
vt 0.159952 0.155260
vt 0.190765 0.155260
vt 0.221577 0.155260
vt 0.252390 0.155260
vt 0.283203 0.155260
vt 0.314015 0.155260
vt 0.344828 0.155260
vt 0.375641 0.155260
vt 0.406453 0.155260
vt 0.437266 0.155260
vt 0.468079 0.155260
vt 0.498891 0.155260
vt 0.529704 0.155260
vt 0.560517 0.155260
vt 0.591329 0.155260
vt 0.622142 0.155260
vt 0.652955 0.155260
vt 0.683767 0.155260
vt 0.714580 0.155260
vt 0.745393 0.155260
vt 0.776206 0.155260
vt 0.807018 0.155260
vt 0.837831 0.155260
vt 0.868644 0.155260
vt 0.899456 0.155260
vt 0.930269 0.155260
vt 0.961082 0.155260
vt 0.991924 0.155260
vt 0.005859 0.137988
vt 0.036701 0.137988
vt 0.067514 0.137988
vt 0.098326 0.137988
vt 0.129139 0.137988
vt 0.159952 0.137988
vt 0.190765 0.137988
vt 0.221577 0.137988
vt 0.252390 0.137988
vt 0.283203 0.137988
vt 0.314015 0.137988
vt 0.344828 0.137988
vt 0.375641 0.137988
vt 0.406453 0.137988
vt 0.437266 0.137988
vt 0.468079 0.137988
vt 0.498891 0.137988
vt 0.529704 0.137988
vt 0.560517 0.137988
vt 0.591329 0.137988
vt 0.622142 0.137988
vt 0.652955 0.137988
vt 0.683767 0.137988
vt 0.714580 0.137988
vt 0.745393 0.137988
vt 0.776206 0.137988
vt 0.807018 0.137988
vt 0.837831 0.137988
vt 0.868644 0.137988
vt 0.899456 0.137988
vt 0.930269 0.137988
vt 0.961082 0.137988
vt 0.991924 0.137988
vt 0.005859 0.124253
vt 0.036701 0.124253
vt 0.036701 0.128387
vt 0.005859 0.128387
vt 0.067514 0.124253
vt 0.067514 0.128387
vt 0.098326 0.124253
vt 0.098326 0.128387
vt 0.129139 0.124253
vt 0.129139 0.128387
vt 0.159952 0.124253
vt 0.159952 0.128387
vt 0.190765 0.124253
vt 0.190765 0.128387
vt 0.221577 0.124253
vt 0.221577 0.128387
vt 0.252390 0.124253
vt 0.252390 0.128387
vt 0.283203 0.124253
vt 0.283203 0.128387
vt 0.314015 0.124253
vt 0.314015 0.128387
vt 0.344828 0.124253
vt 0.344828 0.128387
vt 0.375641 0.124253
vt 0.375641 0.128387
vt 0.406453 0.124253
vt 0.406453 0.128387
vt 0.437266 0.124253
vt 0.437266 0.128387
vt 0.468079 0.124253
vt 0.468079 0.128387
vt 0.498891 0.124253
vt 0.498891 0.128387
vt 0.529704 0.124253
vt 0.529704 0.128387
vt 0.560517 0.124253
vt 0.560517 0.128387
vt 0.591329 0.124253
vt 0.591329 0.128387
vt 0.622142 0.124253
vt 0.622142 0.128387
vt 0.652955 0.124253
vt 0.652955 0.128387
vt 0.683767 0.124253
vt 0.683767 0.128387
vt 0.714580 0.124253
vt 0.714580 0.128387
vt 0.745393 0.124253
vt 0.745393 0.128387
vt 0.776206 0.124253
vt 0.776206 0.128387
vt 0.807018 0.124253
vt 0.807018 0.128387
vt 0.837831 0.124253
vt 0.837831 0.128387
vt 0.868644 0.124253
vt 0.868644 0.128387
vt 0.899456 0.124253
vt 0.899456 0.128387
vt 0.930269 0.124253
vt 0.930269 0.128387
vt 0.961082 0.124253
vt 0.961082 0.128387
vt 0.991924 0.124253
vt 0.991924 0.128387
vt 0.036701 0.134056
vt 0.005859 0.134056
vt 0.067514 0.134056
vt 0.098326 0.134056
vt 0.129139 0.134056
vt 0.159952 0.134056
vt 0.190765 0.134056
vt 0.221577 0.134056
vt 0.252390 0.134056
vt 0.283203 0.134056
vt 0.314015 0.134056
vt 0.344828 0.134056
vt 0.375641 0.134056
vt 0.406453 0.134056
vt 0.437266 0.134056
vt 0.468079 0.134056
vt 0.498891 0.134056
vt 0.529704 0.134056
vt 0.560517 0.134056
vt 0.591329 0.134056
vt 0.622142 0.134056
vt 0.652955 0.134056
vt 0.683767 0.134056
vt 0.714580 0.134056
vt 0.745393 0.134056
vt 0.776206 0.134056
vt 0.807018 0.134056
vt 0.837831 0.134056
vt 0.868644 0.134056
vt 0.899456 0.134056
vt 0.930269 0.134056
vt 0.961082 0.134056
vt 0.991924 0.134056
vt 0.005859 0.182133
vt 0.036701 0.182133
vt 0.036701 0.186268
vt 0.005859 0.186268
vt 0.067514 0.182133
vt 0.067514 0.186268
vt 0.098326 0.182133
vt 0.098326 0.186268
vt 0.129139 0.182133
vt 0.129139 0.186268
vt 0.159952 0.182133
vt 0.159952 0.186268
vt 0.190765 0.182133
vt 0.190765 0.186268
vt 0.221577 0.182133
vt 0.221577 0.186268
vt 0.252390 0.182133
vt 0.252390 0.186268
vt 0.283203 0.182133
vt 0.283203 0.186268
vt 0.314015 0.182133
vt 0.314015 0.186268
vt 0.344828 0.182133
vt 0.344828 0.186268
vt 0.375641 0.182133
vt 0.375641 0.186268
vt 0.406453 0.182133
vt 0.406453 0.186268
vt 0.437266 0.182133
vt 0.437266 0.186268
vt 0.468079 0.182133
vt 0.468079 0.186268
vt 0.498891 0.182133
vt 0.498891 0.186268
vt 0.529704 0.182133
vt 0.529704 0.186268
vt 0.560517 0.182133
vt 0.560517 0.186268
vt 0.591329 0.182133
vt 0.591329 0.186268
vt 0.622142 0.182133
vt 0.622142 0.186268
vt 0.652955 0.182133
vt 0.652955 0.186268
vt 0.683767 0.182133
vt 0.683767 0.186268
vt 0.714580 0.182133
vt 0.714580 0.186268
vt 0.745393 0.182133
vt 0.745393 0.186268
vt 0.776206 0.182133
vt 0.776206 0.186268
vt 0.807018 0.182133
vt 0.807018 0.186268
vt 0.837831 0.182133
vt 0.837831 0.186268
vt 0.868644 0.182133
vt 0.868644 0.186268
vt 0.899456 0.182133
vt 0.899456 0.186268
vt 0.930269 0.182133
vt 0.930269 0.186268
vt 0.961082 0.182133
vt 0.961082 0.186268
vt 0.991924 0.182133
vt 0.991924 0.186268
vt 0.005859 0.176464
vt 0.036701 0.176464
vt 0.067514 0.176464
vt 0.098326 0.176464
vt 0.129139 0.176464
vt 0.159952 0.176464
vt 0.190765 0.176464
vt 0.221577 0.176464
vt 0.252390 0.176464
vt 0.283203 0.176464
vt 0.314015 0.176464
vt 0.344828 0.176464
vt 0.375641 0.176464
vt 0.406453 0.176464
vt 0.437266 0.176464
vt 0.468079 0.176464
vt 0.498891 0.176464
vt 0.529704 0.176464
vt 0.560517 0.176464
vt 0.591329 0.176464
vt 0.622142 0.176464
vt 0.652955 0.176464
vt 0.683767 0.176464
vt 0.714580 0.176464
vt 0.745393 0.176464
vt 0.776206 0.176464
vt 0.807018 0.176464
vt 0.837831 0.176464
vt 0.868644 0.176464
vt 0.899456 0.176464
vt 0.930269 0.176464
vt 0.961082 0.176464
vt 0.991924 0.176464
vt 0.036701 0.189805
vt 0.005859 0.189805
vt 0.067514 0.189805
vt 0.098326 0.189805
vt 0.129139 0.189805
vt 0.159952 0.189805
vt 0.190765 0.189805
vt 0.221577 0.189805
vt 0.252390 0.189805
vt 0.283203 0.189805
vt 0.314015 0.189805
vt 0.344828 0.189805
vt 0.375641 0.189805
vt 0.406453 0.189805
vt 0.437266 0.189805
vt 0.468079 0.189805
vt 0.498891 0.189805
vt 0.529704 0.189805
vt 0.560517 0.189805
vt 0.591329 0.189805
vt 0.622142 0.189805
vt 0.652955 0.189805
vt 0.683767 0.189805
vt 0.714580 0.189805
vt 0.745393 0.189805
vt 0.776206 0.189805
vt 0.807018 0.189805
vt 0.837831 0.189805
vt 0.868644 0.189805
vt 0.899456 0.189805
vt 0.930269 0.189805
vt 0.961082 0.189805
vt 0.991924 0.189805
vt 0.005859 0.172533
vt 0.036701 0.172533
vt 0.067514 0.172533
vt 0.098326 0.172533
vt 0.129139 0.172533
vt 0.159952 0.172533
vt 0.190765 0.172533
vt 0.221577 0.172533
vt 0.252390 0.172533
vt 0.283203 0.172533
vt 0.314015 0.172533
vt 0.344828 0.172533
vt 0.375641 0.172533
vt 0.406453 0.172533
vt 0.437266 0.172533
vt 0.468079 0.172533
vt 0.498891 0.172533
vt 0.529704 0.172533
vt 0.560517 0.172533
vt 0.591329 0.172533
vt 0.622142 0.172533
vt 0.652955 0.172533
vt 0.683767 0.172533
vt 0.714580 0.172533
vt 0.745393 0.172533
vt 0.776206 0.172533
vt 0.807018 0.172533
vt 0.837831 0.172533
vt 0.868644 0.172533
vt 0.899456 0.172533
vt 0.930269 0.172533
vt 0.961082 0.172533
vt 0.991924 0.172533
vt 0.005859 0.158798
vt 0.036701 0.158798
vt 0.036701 0.162933
vt 0.005859 0.162933
vt 0.067514 0.158798
vt 0.067514 0.162933
vt 0.098326 0.158798
vt 0.098326 0.162933
vt 0.129139 0.158798
vt 0.129139 0.162933
vt 0.159952 0.158798
vt 0.159952 0.162933
vt 0.190765 0.158798
vt 0.190765 0.162933
vt 0.221577 0.158798
vt 0.221577 0.162933
vt 0.252390 0.158798
vt 0.252390 0.162933
vt 0.283203 0.158798
vt 0.283203 0.162933
vt 0.314015 0.158798
vt 0.314015 0.162933
vt 0.344828 0.158798
vt 0.344828 0.162933
vt 0.375641 0.158798
vt 0.375641 0.162933
vt 0.406453 0.158798
vt 0.406453 0.162933
vt 0.437266 0.158798
vt 0.437266 0.162933
vt 0.468079 0.158798
vt 0.468079 0.162933
vt 0.498891 0.158798
vt 0.498891 0.162933
vt 0.529704 0.158798
vt 0.529704 0.162933
vt 0.560517 0.158798
vt 0.560517 0.162933
vt 0.591329 0.158798
vt 0.591329 0.162933
vt 0.622142 0.158798
vt 0.622142 0.162933
vt 0.652955 0.158798
vt 0.652955 0.162933
vt 0.683767 0.158798
vt 0.683767 0.162933
vt 0.714580 0.158798
vt 0.714580 0.162933
vt 0.745393 0.158798
vt 0.745393 0.162933
vt 0.776206 0.158798
vt 0.776206 0.162933
vt 0.807018 0.158798
vt 0.807018 0.162933
vt 0.837831 0.158798
vt 0.837831 0.162933
vt 0.868644 0.158798
vt 0.868644 0.162933
vt 0.899456 0.158798
vt 0.899456 0.162933
vt 0.930269 0.158798
vt 0.930269 0.162933
vt 0.961082 0.158798
vt 0.961082 0.162933
vt 0.991924 0.158798
vt 0.991924 0.162933
vt 0.036701 0.168601
vt 0.005859 0.168601
vt 0.067514 0.168601
vt 0.098326 0.168601
vt 0.129139 0.168601
vt 0.159952 0.168601
vt 0.190765 0.168601
vt 0.221577 0.168601
vt 0.252390 0.168601
vt 0.283203 0.168601
vt 0.314015 0.168601
vt 0.344828 0.168601
vt 0.375641 0.168601
vt 0.406453 0.168601
vt 0.437266 0.168601
vt 0.468079 0.168601
vt 0.498891 0.168601
vt 0.529704 0.168601
vt 0.560517 0.168601
vt 0.591329 0.168601
vt 0.622142 0.168601
vt 0.652955 0.168601
vt 0.683767 0.168601
vt 0.714580 0.168601
vt 0.745393 0.168601
vt 0.776206 0.168601
vt 0.807018 0.168601
vt 0.837831 0.168601
vt 0.868644 0.168601
vt 0.899456 0.168601
vt 0.930269 0.168601
vt 0.961082 0.168601
vt 0.991924 0.168601
vt 0.005859 0.216678
vt 0.036701 0.216678
vt 0.036701 0.220813
vt 0.005859 0.220813
vt 0.067514 0.216678
vt 0.067514 0.220813
vt 0.098326 0.216678
vt 0.098326 0.220813
vt 0.129139 0.216678
vt 0.129139 0.220813
vt 0.159952 0.216678
vt 0.159952 0.220813
vt 0.190765 0.216678
vt 0.190765 0.220813
vt 0.221577 0.216678
vt 0.221577 0.220813
vt 0.252390 0.216678
vt 0.252390 0.220813
vt 0.283203 0.216678
vt 0.283203 0.220813
vt 0.314015 0.216678
vt 0.314015 0.220813
vt 0.344828 0.216678
vt 0.344828 0.220813
vt 0.375641 0.216678
vt 0.375641 0.220813
vt 0.406453 0.216678
vt 0.406453 0.220813
vt 0.437266 0.216678
vt 0.437266 0.220813
vt 0.468079 0.216678
vt 0.468079 0.220813
vt 0.498891 0.216678
vt 0.498891 0.220813
vt 0.529704 0.216678
vt 0.529704 0.220813
vt 0.560517 0.216678
vt 0.560517 0.220813
vt 0.591329 0.216678
vt 0.591329 0.220813
vt 0.622142 0.216678
vt 0.622142 0.220813
vt 0.652955 0.216678
vt 0.652955 0.220813
vt 0.683767 0.216678
vt 0.683767 0.220813
vt 0.714580 0.216678
vt 0.714580 0.220813
vt 0.745393 0.216678
vt 0.745393 0.220813
vt 0.776206 0.216678
vt 0.776206 0.220813
vt 0.807018 0.216678
vt 0.807018 0.220813
vt 0.837831 0.216678
vt 0.837831 0.220813
vt 0.868644 0.216678
vt 0.868644 0.220813
vt 0.899456 0.216678
vt 0.899456 0.220813
vt 0.930269 0.216678
vt 0.930269 0.220813
vt 0.961082 0.216678
vt 0.961082 0.220813
vt 0.991924 0.216678
vt 0.991924 0.220813
vt 0.005859 0.211010
vt 0.036701 0.211010
vt 0.067514 0.211010
vt 0.098326 0.211010
vt 0.129139 0.211010
vt 0.159952 0.211010
vt 0.190765 0.211010
vt 0.221577 0.211010
vt 0.252390 0.211010
vt 0.283203 0.211010
vt 0.314015 0.211010
vt 0.344828 0.211010
vt 0.375641 0.211010
vt 0.406453 0.211010
vt 0.437266 0.211010
vt 0.468079 0.211010
vt 0.498891 0.211010
vt 0.529704 0.211010
vt 0.560517 0.211010
vt 0.591329 0.211010
vt 0.622142 0.211010
vt 0.652955 0.211010
vt 0.683767 0.211010
vt 0.714580 0.211010
vt 0.745393 0.211010
vt 0.776206 0.211010
vt 0.807018 0.211010
vt 0.837831 0.211010
vt 0.868644 0.211010
vt 0.899456 0.211010
vt 0.930269 0.211010
vt 0.961082 0.211010
vt 0.991924 0.211010
vt 0.036701 0.224351
vt 0.005859 0.224351
vt 0.067514 0.224351
vt 0.098326 0.224351
vt 0.129139 0.224351
vt 0.159952 0.224351
vt 0.190765 0.224351
vt 0.221577 0.224351
vt 0.252390 0.224351
vt 0.283203 0.224351
vt 0.314015 0.224351
vt 0.344828 0.224351
vt 0.375641 0.224351
vt 0.406453 0.224351
vt 0.437266 0.224351
vt 0.468079 0.224351
vt 0.498891 0.224351
vt 0.529704 0.224351
vt 0.560517 0.224351
vt 0.591329 0.224351
vt 0.622142 0.224351
vt 0.652955 0.224351
vt 0.683767 0.224351
vt 0.714580 0.224351
vt 0.745393 0.224351
vt 0.776206 0.224351
vt 0.807018 0.224351
vt 0.837831 0.224351
vt 0.868644 0.224351
vt 0.899456 0.224351
vt 0.930269 0.224351
vt 0.961082 0.224351
vt 0.991924 0.224351
vt 0.005859 0.207078
vt 0.036701 0.207078
vt 0.067514 0.207078
vt 0.098326 0.207078
vt 0.129139 0.207078
vt 0.159952 0.207078
vt 0.190765 0.207078
vt 0.221577 0.207078
vt 0.252390 0.207078
vt 0.283203 0.207078
vt 0.314015 0.207078
vt 0.344828 0.207078
vt 0.375641 0.207078
vt 0.406453 0.207078
vt 0.437266 0.207078
vt 0.468079 0.207078
vt 0.498891 0.207078
vt 0.529704 0.207078
vt 0.560517 0.207078
vt 0.591329 0.207078
vt 0.622142 0.207078
vt 0.652955 0.207078
vt 0.683767 0.207078
vt 0.714580 0.207078
vt 0.745393 0.207078
vt 0.776206 0.207078
vt 0.807018 0.207078
vt 0.837831 0.207078
vt 0.868644 0.207078
vt 0.899456 0.207078
vt 0.930269 0.207078
vt 0.961082 0.207078
vt 0.991924 0.207078
vt 0.005859 0.193343
vt 0.036701 0.193343
vt 0.036701 0.197478
vt 0.005859 0.197478
vt 0.067514 0.193343
vt 0.067514 0.197478
vt 0.098326 0.193343
vt 0.098326 0.197478
vt 0.129139 0.193343
vt 0.129139 0.197478
vt 0.159952 0.193343
vt 0.159952 0.197478
vt 0.190765 0.193343
vt 0.190765 0.197478
vt 0.221577 0.193343
vt 0.221577 0.197478
vt 0.252390 0.193343
vt 0.252390 0.197478
vt 0.283203 0.193343
vt 0.283203 0.197478
vt 0.314015 0.193343
vt 0.314015 0.197478
vt 0.344828 0.193343
vt 0.344828 0.197478
vt 0.375641 0.193343
vt 0.375641 0.197478
vt 0.406453 0.193343
vt 0.406453 0.197478
vt 0.437266 0.193343
vt 0.437266 0.197478
vt 0.468079 0.193343
vt 0.468079 0.197478
vt 0.498891 0.193343
vt 0.498891 0.197478
vt 0.529704 0.193343
vt 0.529704 0.197478
vt 0.560517 0.193343
vt 0.560517 0.197478
vt 0.591329 0.193343
vt 0.591329 0.197478
vt 0.622142 0.193343
vt 0.622142 0.197478
vt 0.652955 0.193343
vt 0.652955 0.197478
vt 0.683767 0.193343
vt 0.683767 0.197478
vt 0.714580 0.193343
vt 0.714580 0.197478
vt 0.745393 0.193343
vt 0.745393 0.197478
vt 0.776206 0.193343
vt 0.776206 0.197478
vt 0.807018 0.193343
vt 0.807018 0.197478
vt 0.837831 0.193343
vt 0.837831 0.197478
vt 0.868644 0.193343
vt 0.868644 0.197478
vt 0.899456 0.193343
vt 0.899456 0.197478
vt 0.930269 0.193343
vt 0.930269 0.197478
vt 0.961082 0.193343
vt 0.961082 0.197478
vt 0.991924 0.193343
vt 0.991924 0.197478
vt 0.036701 0.203146
vt 0.005859 0.203146
vt 0.067514 0.203146
vt 0.098326 0.203146
vt 0.129139 0.203146
vt 0.159952 0.203146
vt 0.190765 0.203146
vt 0.221577 0.203146
vt 0.252390 0.203146
vt 0.283203 0.203146
vt 0.314015 0.203146
vt 0.344828 0.203146
vt 0.375641 0.203146
vt 0.406453 0.203146
vt 0.437266 0.203146
vt 0.468079 0.203147
vt 0.498891 0.203147
vt 0.529704 0.203147
vt 0.560517 0.203147
vt 0.591329 0.203147
vt 0.622142 0.203147
vt 0.652955 0.203147
vt 0.683767 0.203147
vt 0.714580 0.203147
vt 0.745393 0.203147
vt 0.776206 0.203147
vt 0.807018 0.203147
vt 0.837831 0.203147
vt 0.868644 0.203147
vt 0.899456 0.203147
vt 0.930269 0.203147
vt 0.961082 0.203147
vt 0.991924 0.203147
vt 0.005859 0.251224
vt 0.036701 0.251224
vt 0.036701 0.255358
vt 0.005859 0.255358
vt 0.067514 0.251224
vt 0.067514 0.255358
vt 0.098326 0.251224
vt 0.098326 0.255358
vt 0.129139 0.251224
vt 0.129139 0.255358
vt 0.159952 0.251224
vt 0.159952 0.255358
vt 0.190765 0.251224
vt 0.190765 0.255358
vt 0.221577 0.251224
vt 0.221577 0.255358
vt 0.252390 0.251224
vt 0.252390 0.255358
vt 0.283203 0.251224
vt 0.283203 0.255358
vt 0.314015 0.251224
vt 0.314015 0.255358
vt 0.344828 0.251224
vt 0.344828 0.255358
vt 0.375641 0.251224
vt 0.375641 0.255358
vt 0.406453 0.251224
vt 0.406453 0.255358
vt 0.437266 0.251224
vt 0.437266 0.255358
vt 0.468079 0.251224
vt 0.468079 0.255358
vt 0.498891 0.251224
vt 0.498891 0.255358
vt 0.529704 0.251224
vt 0.529704 0.255358
vt 0.560517 0.251224
vt 0.560517 0.255358
vt 0.591329 0.251224
vt 0.591329 0.255358
vt 0.622142 0.251224
vt 0.622142 0.255358
vt 0.652955 0.251224
vt 0.652955 0.255358
vt 0.683767 0.251224
vt 0.683767 0.255358
vt 0.714580 0.251224
vt 0.714580 0.255358
vt 0.745393 0.251224
vt 0.745393 0.255358
vt 0.776206 0.251224
vt 0.776206 0.255358
vt 0.807018 0.251224
vt 0.807018 0.255358
vt 0.837831 0.251224
vt 0.837831 0.255358
vt 0.868644 0.251224
vt 0.868644 0.255358
vt 0.899456 0.251224
vt 0.899456 0.255358
vt 0.930269 0.251224
vt 0.930269 0.255358
vt 0.961082 0.251224
vt 0.961082 0.255358
vt 0.991924 0.251224
vt 0.991924 0.255358
vt 0.005859 0.245555
vt 0.036701 0.245555
vt 0.067514 0.245555
vt 0.098326 0.245555
vt 0.129139 0.245555
vt 0.159952 0.245555
vt 0.190765 0.245555
vt 0.221577 0.245555
vt 0.252390 0.245555
vt 0.283203 0.245555
vt 0.314015 0.245555
vt 0.344828 0.245555
vt 0.375641 0.245555
vt 0.406453 0.245555
vt 0.437266 0.245555
vt 0.468079 0.245555
vt 0.498891 0.245555
vt 0.529704 0.245555
vt 0.560517 0.245555
vt 0.591329 0.245555
vt 0.622142 0.245555
vt 0.652955 0.245555
vt 0.683767 0.245555
vt 0.714580 0.245555
vt 0.745393 0.245555
vt 0.776206 0.245555
vt 0.807018 0.245555
vt 0.837831 0.245555
vt 0.868644 0.245555
vt 0.899456 0.245555
vt 0.930269 0.245555
vt 0.961082 0.245555
vt 0.991924 0.245555
vt 0.036701 0.258896
vt 0.005859 0.258896
vt 0.067514 0.258896
vt 0.098326 0.258896
vt 0.129139 0.258896
vt 0.159952 0.258896
vt 0.190765 0.258896
vt 0.221577 0.258896
vt 0.252390 0.258896
vt 0.283203 0.258896
vt 0.314015 0.258896
vt 0.344828 0.258896
vt 0.375641 0.258896
vt 0.406453 0.258896
vt 0.437266 0.258896
vt 0.468079 0.258896
vt 0.498891 0.258896
vt 0.529704 0.258896
vt 0.560517 0.258896
vt 0.591329 0.258896
vt 0.622142 0.258896
vt 0.652955 0.258896
vt 0.683767 0.258896
vt 0.714580 0.258896
vt 0.745393 0.258896
vt 0.776206 0.258896
vt 0.807018 0.258896
vt 0.837831 0.258896
vt 0.868644 0.258896
vt 0.899456 0.258896
vt 0.930269 0.258896
vt 0.961082 0.258896
vt 0.991924 0.258896
vt 0.005859 0.241623
vt 0.036701 0.241623
vt 0.067514 0.241623
vt 0.098326 0.241623
vt 0.129139 0.241623
vt 0.159952 0.241623
vt 0.190765 0.241623
vt 0.221577 0.241623
vt 0.252390 0.241623
vt 0.283203 0.241623
vt 0.314015 0.241623
vt 0.344828 0.241623
vt 0.375641 0.241623
vt 0.406453 0.241623
vt 0.437266 0.241623
vt 0.468079 0.241623
vt 0.498891 0.241623
vt 0.529704 0.241623
vt 0.560517 0.241623
vt 0.591329 0.241623
vt 0.622142 0.241623
vt 0.652955 0.241623
vt 0.683767 0.241623
vt 0.714580 0.241623
vt 0.745393 0.241623
vt 0.776206 0.241623
vt 0.807018 0.241623
vt 0.837831 0.241623
vt 0.868644 0.241623
vt 0.899456 0.241623
vt 0.930269 0.241623
vt 0.961082 0.241623
vt 0.991924 0.241623
vt 0.005859 0.227888
vt 0.036701 0.227888
vt 0.036701 0.232023
vt 0.005859 0.232023
vt 0.067514 0.227888
vt 0.067514 0.232023
vt 0.098326 0.227888
vt 0.098326 0.232023
vt 0.129139 0.227888
vt 0.129139 0.232023
vt 0.159952 0.227888
vt 0.159952 0.232023
vt 0.190765 0.227888
vt 0.190765 0.232023
vt 0.221577 0.227888
vt 0.221577 0.232023
vt 0.252390 0.227888
vt 0.252390 0.232023
vt 0.283203 0.227888
vt 0.283203 0.232023
vt 0.314015 0.227888
vt 0.314015 0.232023
vt 0.344828 0.227888
vt 0.344828 0.232023
vt 0.375641 0.227888
vt 0.375641 0.232023
vt 0.406453 0.227888
vt 0.406453 0.232023
vt 0.437266 0.227888
vt 0.437266 0.232023
vt 0.468079 0.227888
vt 0.468079 0.232023
vt 0.498891 0.227888
vt 0.498891 0.232023
vt 0.529704 0.227888
vt 0.529704 0.232023
vt 0.560517 0.227888
vt 0.560517 0.232023
vt 0.591329 0.227888
vt 0.591329 0.232023
vt 0.622142 0.227888
vt 0.622142 0.232023
vt 0.652955 0.227888
vt 0.652955 0.232023
vt 0.683767 0.227888
vt 0.683767 0.232023
vt 0.714580 0.227888
vt 0.714580 0.232023
vt 0.745393 0.227888
vt 0.745393 0.232023
vt 0.776206 0.227888
vt 0.776206 0.232023
vt 0.807018 0.227888
vt 0.807018 0.232023
vt 0.837831 0.227888
vt 0.837831 0.232023
vt 0.868644 0.227888
vt 0.868644 0.232023
vt 0.899456 0.227888
vt 0.899456 0.232023
vt 0.930269 0.227888
vt 0.930269 0.232023
vt 0.961082 0.227888
vt 0.961082 0.232023
vt 0.991924 0.227888
vt 0.991924 0.232023
vt 0.036701 0.237692
vt 0.005859 0.237692
vt 0.067514 0.237692
vt 0.098326 0.237692
vt 0.129139 0.237692
vt 0.159952 0.237692
vt 0.190765 0.237692
vt 0.221577 0.237692
vt 0.252390 0.237692
vt 0.283203 0.237692
vt 0.314015 0.237692
vt 0.344828 0.237692
vt 0.375641 0.237692
vt 0.406453 0.237692
vt 0.437266 0.237692
vt 0.468079 0.237692
vt 0.498891 0.237692
vt 0.529704 0.237692
vt 0.560517 0.237692
vt 0.591329 0.237692
vt 0.622142 0.237692
vt 0.652955 0.237692
vt 0.683767 0.237692
vt 0.714580 0.237692
vt 0.745393 0.237692
vt 0.776206 0.237692
vt 0.807018 0.237692
vt 0.837831 0.237692
vt 0.868644 0.237692
vt 0.899456 0.237692
vt 0.930269 0.237692
vt 0.961082 0.237692
vt 0.991924 0.237692
vt 0.005859 0.285769
vt 0.036701 0.285769
vt 0.036701 0.289903
vt 0.005859 0.289903
vt 0.067514 0.285769
vt 0.067514 0.289903
vt 0.098326 0.285769
vt 0.098326 0.289903
vt 0.129139 0.285769
vt 0.129139 0.289903
vt 0.159952 0.285769
vt 0.159952 0.289903
vt 0.190765 0.285769
vt 0.190765 0.289903
vt 0.221577 0.285769
vt 0.221577 0.289903
vt 0.252390 0.285769
vt 0.252390 0.289903
vt 0.283203 0.285769
vt 0.283203 0.289903
vt 0.314015 0.285769
vt 0.314015 0.289903
vt 0.344828 0.285769
vt 0.344828 0.289903
vt 0.375641 0.285769
vt 0.375641 0.289903
vt 0.406453 0.285769
vt 0.406453 0.289903
vt 0.437266 0.285769
vt 0.437266 0.289903
vt 0.468079 0.285769
vt 0.468079 0.289903
vt 0.498891 0.285769
vt 0.498891 0.289903
vt 0.529704 0.285769
vt 0.529704 0.289903
vt 0.560517 0.285769
vt 0.560517 0.289903
vt 0.591329 0.285769
vt 0.591329 0.289903
vt 0.622142 0.285769
vt 0.622142 0.289903
vt 0.652955 0.285769
vt 0.652955 0.289903
vt 0.683767 0.285769
vt 0.683767 0.289903
vt 0.714580 0.285769
vt 0.714580 0.289903
vt 0.745393 0.285769
vt 0.745393 0.289903
vt 0.776206 0.285769
vt 0.776206 0.289903
vt 0.807018 0.285769
vt 0.807018 0.289903
vt 0.837831 0.285769
vt 0.837831 0.289903
vt 0.868644 0.285769
vt 0.868644 0.289903
vt 0.899456 0.285769
vt 0.899456 0.289903
vt 0.930269 0.285769
vt 0.930269 0.289903
vt 0.961082 0.285769
vt 0.961082 0.289903
vt 0.991924 0.285769
vt 0.991924 0.289903
vt 0.005859 0.280100
vt 0.036701 0.280100
vt 0.067514 0.280100
vt 0.098326 0.280100
vt 0.129139 0.280100
vt 0.159952 0.280100
vt 0.190765 0.280100
vt 0.221577 0.280100
vt 0.252390 0.280100
vt 0.283203 0.280100
vt 0.314015 0.280100
vt 0.344828 0.280100
vt 0.375641 0.280100
vt 0.406453 0.280100
vt 0.437266 0.280100
vt 0.468079 0.280100
vt 0.498891 0.280100
vt 0.529704 0.280100
vt 0.560517 0.280100
vt 0.591329 0.280100
vt 0.622142 0.280100
vt 0.652955 0.280100
vt 0.683767 0.280100
vt 0.714580 0.280100
vt 0.745393 0.280100
vt 0.776206 0.280100
vt 0.807018 0.280100
vt 0.837831 0.280100
vt 0.868644 0.280100
vt 0.899456 0.280100
vt 0.930269 0.280100
vt 0.961082 0.280100
vt 0.991924 0.280100
vt 0.036701 0.293441
vt 0.005859 0.293441
vt 0.067514 0.293441
vt 0.098326 0.293441
vt 0.129139 0.293441
vt 0.159952 0.293441
vt 0.190765 0.293441
vt 0.221577 0.293441
vt 0.252390 0.293441
vt 0.283203 0.293441
vt 0.314015 0.293441
vt 0.344828 0.293441
vt 0.375641 0.293441
vt 0.406453 0.293441
vt 0.437266 0.293441
vt 0.468079 0.293441
vt 0.498891 0.293441
vt 0.529704 0.293441
vt 0.560517 0.293441
vt 0.591329 0.293441
vt 0.622142 0.293441
vt 0.652955 0.293441
vt 0.683767 0.293441
vt 0.714580 0.293441
vt 0.745393 0.293441
vt 0.776206 0.293441
vt 0.807018 0.293441
vt 0.837831 0.293441
vt 0.868644 0.293441
vt 0.899456 0.293441
vt 0.930269 0.293441
vt 0.961082 0.293441
vt 0.991924 0.293441
vt 0.005859 0.276168
vt 0.036701 0.276168
vt 0.067514 0.276168
vt 0.098326 0.276168
vt 0.129139 0.276168
vt 0.159952 0.276168
vt 0.190765 0.276168
vt 0.221577 0.276168
vt 0.252390 0.276168
vt 0.283203 0.276168
vt 0.314015 0.276168
vt 0.344828 0.276168
vt 0.375641 0.276168
vt 0.406453 0.276168
vt 0.437266 0.276168
vt 0.468079 0.276168
vt 0.498891 0.276168
vt 0.529704 0.276168
vt 0.560517 0.276168
vt 0.591329 0.276168
vt 0.622142 0.276168
vt 0.652955 0.276168
vt 0.683767 0.276168
vt 0.714580 0.276168
vt 0.745393 0.276168
vt 0.776206 0.276168
vt 0.807018 0.276168
vt 0.837831 0.276168
vt 0.868644 0.276168
vt 0.899456 0.276168
vt 0.930269 0.276168
vt 0.961082 0.276168
vt 0.991924 0.276168
vt 0.005859 0.262433
vt 0.036701 0.262433
vt 0.036701 0.266568
vt 0.005859 0.266568
vt 0.067514 0.262433
vt 0.067514 0.266568
vt 0.098326 0.262433
vt 0.098326 0.266568
vt 0.129139 0.262433
vt 0.129139 0.266568
vt 0.159952 0.262433
vt 0.159952 0.266568
vt 0.190765 0.262433
vt 0.190765 0.266568
vt 0.221577 0.262433
vt 0.221577 0.266568
vt 0.252390 0.262433
vt 0.252390 0.266568
vt 0.283203 0.262433
vt 0.283203 0.266568
vt 0.314015 0.262433
vt 0.314015 0.266568
vt 0.344828 0.262433
vt 0.344828 0.266568
vt 0.375641 0.262433
vt 0.375641 0.266568
vt 0.406453 0.262433
vt 0.406453 0.266568
vt 0.437266 0.262433
vt 0.437266 0.266568
vt 0.468079 0.262434
vt 0.468079 0.266568
vt 0.498891 0.262434
vt 0.498891 0.266568
vt 0.529704 0.262434
vt 0.529704 0.266568
vt 0.560517 0.262434
vt 0.560517 0.266568
vt 0.591329 0.262434
vt 0.591329 0.266568
vt 0.622142 0.262434
vt 0.622142 0.266568
vt 0.652955 0.262434
vt 0.652955 0.266568
vt 0.683767 0.262434
vt 0.683767 0.266568
vt 0.714580 0.262434
vt 0.714580 0.266568
vt 0.745393 0.262434
vt 0.745393 0.266568
vt 0.776206 0.262434
vt 0.776206 0.266568
vt 0.807018 0.262434
vt 0.807018 0.266568
vt 0.837831 0.262434
vt 0.837831 0.266568
vt 0.868644 0.262434
vt 0.868644 0.266568
vt 0.899456 0.262434
vt 0.899456 0.266568
vt 0.930269 0.262434
vt 0.930269 0.266568
vt 0.961082 0.262434
vt 0.961082 0.266568
vt 0.991924 0.262434
vt 0.991924 0.266568
vt 0.036701 0.272237
vt 0.005859 0.272237
vt 0.067514 0.272237
vt 0.098326 0.272237
vt 0.129139 0.272237
vt 0.159952 0.272237
vt 0.190765 0.272237
vt 0.221577 0.272237
vt 0.252390 0.272237
vt 0.283203 0.272237
vt 0.314015 0.272237
vt 0.344828 0.272237
vt 0.375641 0.272237
vt 0.406453 0.272237
vt 0.437266 0.272237
vt 0.468079 0.272237
vt 0.498891 0.272237
vt 0.529704 0.272237
vt 0.560517 0.272237
vt 0.591329 0.272237
vt 0.622142 0.272237
vt 0.652955 0.272237
vt 0.683767 0.272237
vt 0.714580 0.272237
vt 0.745393 0.272237
vt 0.776206 0.272237
vt 0.807018 0.272237
vt 0.837831 0.272237
vt 0.868644 0.272237
vt 0.899456 0.272237
vt 0.930269 0.272237
vt 0.961082 0.272237
vt 0.991924 0.272237
vt 0.005859 0.320314
vt 0.036701 0.320314
vt 0.036701 0.324449
vt 0.005859 0.324449
vt 0.067514 0.320314
vt 0.067514 0.324449
vt 0.098326 0.320314
vt 0.098326 0.324449
vt 0.129139 0.320314
vt 0.129139 0.324449
vt 0.159952 0.320314
vt 0.159952 0.324449
vt 0.190765 0.320314
vt 0.190765 0.324449
vt 0.221577 0.320314
vt 0.221577 0.324449
vt 0.252390 0.320314
vt 0.252390 0.324449
vt 0.283203 0.320314
vt 0.283203 0.324449
vt 0.314015 0.320314
vt 0.314015 0.324449
vt 0.344828 0.320314
vt 0.344828 0.324449
vt 0.375641 0.320314
vt 0.375641 0.324449
vt 0.406453 0.320314
vt 0.406453 0.324449
vt 0.437266 0.320314
vt 0.437266 0.324449
vt 0.468079 0.320314
vt 0.468079 0.324449
vt 0.498891 0.320314
vt 0.498891 0.324449
vt 0.529704 0.320314
vt 0.529704 0.324449
vt 0.560517 0.320314
vt 0.560517 0.324449
vt 0.591329 0.320314
vt 0.591329 0.324449
vt 0.622142 0.320314
vt 0.622142 0.324449
vt 0.652955 0.320314
vt 0.652955 0.324449
vt 0.683767 0.320314
vt 0.683767 0.324449
vt 0.714580 0.320314
vt 0.714580 0.324449
vt 0.745393 0.320314
vt 0.745393 0.324449
vt 0.776206 0.320314
vt 0.776206 0.324449
vt 0.807018 0.320314
vt 0.807018 0.324449
vt 0.837831 0.320314
vt 0.837831 0.324449
vt 0.868644 0.320314
vt 0.868644 0.324449
vt 0.899456 0.320314
vt 0.899456 0.324449
vt 0.930269 0.320314
vt 0.930269 0.324449
vt 0.961082 0.320314
vt 0.961082 0.324449
vt 0.991924 0.320314
vt 0.991924 0.324449
vt 0.005859 0.314645
vt 0.036701 0.314645
vt 0.067514 0.314645
vt 0.098326 0.314645
vt 0.129139 0.314645
vt 0.159952 0.314645
vt 0.190765 0.314645
vt 0.221577 0.314645
vt 0.252390 0.314645
vt 0.283203 0.314645
vt 0.314015 0.314645
vt 0.344828 0.314645
vt 0.375641 0.314645
vt 0.406453 0.314645
vt 0.437266 0.314645
vt 0.468079 0.314645
vt 0.498891 0.314645
vt 0.529704 0.314645
vt 0.560517 0.314645
vt 0.591329 0.314645
vt 0.622142 0.314645
vt 0.652955 0.314645
vt 0.683767 0.314645
vt 0.714580 0.314645
vt 0.745393 0.314645
vt 0.776206 0.314645
vt 0.807018 0.314645
vt 0.837831 0.314645
vt 0.868644 0.314645
vt 0.899456 0.314645
vt 0.930269 0.314645
vt 0.961082 0.314645
vt 0.991924 0.314645
vt 0.036701 0.327986
vt 0.005859 0.327986
vt 0.067514 0.327986
vt 0.098326 0.327986
vt 0.129139 0.327986
vt 0.159952 0.327986
vt 0.190765 0.327986
vt 0.221577 0.327986
vt 0.252390 0.327986
vt 0.283203 0.327986
vt 0.314015 0.327986
vt 0.344828 0.327986
vt 0.375641 0.327986
vt 0.406453 0.327986
vt 0.437266 0.327986
vt 0.468079 0.327986
vt 0.498891 0.327986
vt 0.529704 0.327986
vt 0.560517 0.327986
vt 0.591329 0.327986
vt 0.622142 0.327986
vt 0.652955 0.327986
vt 0.683767 0.327986
vt 0.714580 0.327986
vt 0.745393 0.327986
vt 0.776206 0.327986
vt 0.807018 0.327986
vt 0.837831 0.327986
vt 0.868644 0.327986
vt 0.899456 0.327986
vt 0.930269 0.327986
vt 0.961082 0.327986
vt 0.991924 0.327986
vt 0.005859 0.310714
vt 0.036701 0.310714
vt 0.067514 0.310714
vt 0.098326 0.310714
vt 0.129139 0.310714
vt 0.159952 0.310714
vt 0.190765 0.310714
vt 0.221577 0.310714
vt 0.252390 0.310714
vt 0.283203 0.310714
vt 0.314015 0.310714
vt 0.344828 0.310714
vt 0.375641 0.310714
vt 0.406453 0.310714
vt 0.437266 0.310714
vt 0.468079 0.310714
vt 0.498891 0.310714
vt 0.529704 0.310714
vt 0.560517 0.310714
vt 0.591329 0.310714
vt 0.622142 0.310714
vt 0.652955 0.310714
vt 0.683767 0.310714
vt 0.714580 0.310714
vt 0.745393 0.310714
vt 0.776206 0.310714
vt 0.807018 0.310714
vt 0.837831 0.310714
vt 0.868644 0.310714
vt 0.899456 0.310714
vt 0.930269 0.310714
vt 0.961082 0.310714
vt 0.991924 0.310714
vt 0.005859 0.296979
vt 0.036701 0.296979
vt 0.036701 0.301113
vt 0.005859 0.301113
vt 0.067514 0.296979
vt 0.067514 0.301113
vt 0.098326 0.296979
vt 0.098326 0.301113
vt 0.129139 0.296979
vt 0.129139 0.301113
vt 0.159952 0.296979
vt 0.159952 0.301113
vt 0.190765 0.296979
vt 0.190765 0.301113
vt 0.221577 0.296979
vt 0.221577 0.301113
vt 0.252390 0.296979
vt 0.252390 0.301113
vt 0.283203 0.296979
vt 0.283203 0.301113
vt 0.314015 0.296979
vt 0.314015 0.301113
vt 0.344828 0.296979
vt 0.344828 0.301113
vt 0.375641 0.296979
vt 0.375641 0.301113
vt 0.406453 0.296979
vt 0.406453 0.301113
vt 0.437266 0.296979
vt 0.437266 0.301113
vt 0.468079 0.296979
vt 0.468079 0.301113
vt 0.498891 0.296979
vt 0.498891 0.301113
vt 0.529704 0.296979
vt 0.529704 0.301113
vt 0.560517 0.296979
vt 0.560517 0.301113
vt 0.591329 0.296979
vt 0.591329 0.301113
vt 0.622142 0.296979
vt 0.622142 0.301113
vt 0.652955 0.296979
vt 0.652955 0.301113
vt 0.683767 0.296979
vt 0.683767 0.301113
vt 0.714580 0.296979
vt 0.714580 0.301113
vt 0.745393 0.296979
vt 0.745393 0.301113
vt 0.776206 0.296979
vt 0.776206 0.301113
vt 0.807018 0.296979
vt 0.807018 0.301113
vt 0.837831 0.296979
vt 0.837831 0.301113
vt 0.868644 0.296979
vt 0.868644 0.301113
vt 0.899456 0.296979
vt 0.899456 0.301113
vt 0.930269 0.296979
vt 0.930269 0.301113
vt 0.961082 0.296979
vt 0.961082 0.301113
vt 0.991924 0.296979
vt 0.991924 0.301113
vt 0.036701 0.306782
vt 0.005859 0.306782
vt 0.067514 0.306782
vt 0.098326 0.306782
vt 0.129139 0.306782
vt 0.159952 0.306782
vt 0.190765 0.306782
vt 0.221577 0.306782
vt 0.252390 0.306782
vt 0.283203 0.306782
vt 0.314015 0.306782
vt 0.344828 0.306782
vt 0.375641 0.306782
vt 0.406453 0.306782
vt 0.437266 0.306782
vt 0.468079 0.306782
vt 0.498891 0.306782
vt 0.529704 0.306782
vt 0.560517 0.306782
vt 0.591329 0.306782
vt 0.622142 0.306782
vt 0.652955 0.306782
vt 0.683767 0.306782
vt 0.714580 0.306782
vt 0.745393 0.306782
vt 0.776206 0.306782
vt 0.807018 0.306782
vt 0.837831 0.306782
vt 0.868644 0.306782
vt 0.899456 0.306782
vt 0.930269 0.306782
vt 0.961082 0.306782
vt 0.991924 0.306782
vt 0.005859 0.354859
vt 0.036701 0.354859
vt 0.036701 0.358994
vt 0.005859 0.358994
vt 0.067514 0.354859
vt 0.067514 0.358994
vt 0.098326 0.354859
vt 0.098326 0.358994
vt 0.129139 0.354859
vt 0.129139 0.358994
vt 0.159952 0.354859
vt 0.159952 0.358994
vt 0.190765 0.354859
vt 0.190765 0.358994
vt 0.221577 0.354859
vt 0.221577 0.358994
vt 0.252390 0.354859
vt 0.252390 0.358994
vt 0.283203 0.354859
vt 0.283203 0.358994
vt 0.314015 0.354859
vt 0.314015 0.358994
vt 0.344828 0.354859
vt 0.344828 0.358994
vt 0.375641 0.354859
vt 0.375641 0.358994
vt 0.406453 0.354859
vt 0.406453 0.358994
vt 0.437266 0.354859
vt 0.437266 0.358994
vt 0.468079 0.354859
vt 0.468079 0.358994
vt 0.498891 0.354859
vt 0.498891 0.358994
vt 0.529704 0.354859
vt 0.529704 0.358994
vt 0.560517 0.354859
vt 0.560517 0.358994
vt 0.591329 0.354859
vt 0.591329 0.358994
vt 0.622142 0.354859
vt 0.622142 0.358994
vt 0.652955 0.354859
vt 0.652955 0.358994
vt 0.683767 0.354859
vt 0.683767 0.358994
vt 0.714580 0.354859
vt 0.714580 0.358994
vt 0.745393 0.354859
vt 0.745393 0.358994
vt 0.776206 0.354859
vt 0.776206 0.358994
vt 0.807018 0.354859
vt 0.807018 0.358994
vt 0.837831 0.354859
vt 0.837831 0.358994
vt 0.868644 0.354859
vt 0.868644 0.358994
vt 0.899456 0.354859
vt 0.899456 0.358994
vt 0.930269 0.354859
vt 0.930269 0.358994
vt 0.961082 0.354859
vt 0.961082 0.358994
vt 0.991924 0.354859
vt 0.991924 0.358994
vt 0.005859 0.349190
vt 0.036701 0.349190
vt 0.067514 0.349190
vt 0.098326 0.349190
vt 0.129139 0.349190
vt 0.159952 0.349190
vt 0.190765 0.349190
vt 0.221577 0.349190
vt 0.252390 0.349190
vt 0.283203 0.349190
vt 0.314015 0.349190
vt 0.344828 0.349190
vt 0.375641 0.349190
vt 0.406453 0.349190
vt 0.437266 0.349190
vt 0.468079 0.349190
vt 0.498891 0.349190
vt 0.529704 0.349190
vt 0.560517 0.349190
vt 0.591329 0.349190
vt 0.622142 0.349190
vt 0.652955 0.349190
vt 0.683767 0.349190
vt 0.714580 0.349190
vt 0.745393 0.349190
vt 0.776206 0.349190
vt 0.807018 0.349190
vt 0.837831 0.349190
vt 0.868644 0.349190
vt 0.899456 0.349190
vt 0.930269 0.349190
vt 0.961082 0.349190
vt 0.991924 0.349190
vt 0.036701 0.362531
vt 0.005859 0.362531
vt 0.067514 0.362531
vt 0.098326 0.362531
vt 0.129139 0.362531
vt 0.159952 0.362531
vt 0.190765 0.362531
vt 0.221577 0.362531
vt 0.252390 0.362531
vt 0.283203 0.362531
vt 0.314015 0.362531
vt 0.344828 0.362531
vt 0.375641 0.362531
vt 0.406453 0.362531
vt 0.437266 0.362531
vt 0.468079 0.362531
vt 0.498891 0.362531
vt 0.529704 0.362531
vt 0.560517 0.362531
vt 0.591329 0.362531
vt 0.622142 0.362531
vt 0.652955 0.362531
vt 0.683767 0.362531
vt 0.714580 0.362531
vt 0.745393 0.362531
vt 0.776206 0.362531
vt 0.807018 0.362531
vt 0.837831 0.362531
vt 0.868644 0.362531
vt 0.899456 0.362531
vt 0.930269 0.362531
vt 0.961082 0.362531
vt 0.991924 0.362531
vt 0.005859 0.345259
vt 0.036701 0.345259
vt 0.067514 0.345259
vt 0.098326 0.345259
vt 0.129139 0.345259
vt 0.159952 0.345259
vt 0.190765 0.345259
vt 0.221577 0.345259
vt 0.252390 0.345259
vt 0.283203 0.345259
vt 0.314015 0.345259
vt 0.344828 0.345259
vt 0.375641 0.345259
vt 0.406453 0.345259
vt 0.437266 0.345259
vt 0.468079 0.345259
vt 0.498891 0.345259
vt 0.529704 0.345259
vt 0.560517 0.345259
vt 0.591329 0.345259
vt 0.622142 0.345259
vt 0.652955 0.345259
vt 0.683767 0.345259
vt 0.714580 0.345259
vt 0.745393 0.345259
vt 0.776206 0.345259
vt 0.807018 0.345259
vt 0.837831 0.345259
vt 0.868644 0.345259
vt 0.899456 0.345259
vt 0.930269 0.345259
vt 0.961082 0.345259
vt 0.991924 0.345259
vt 0.005859 0.331524
vt 0.036701 0.331524
vt 0.036701 0.335658
vt 0.005859 0.335658
vt 0.067514 0.331524
vt 0.067514 0.335658
vt 0.098326 0.331524
vt 0.098326 0.335658
vt 0.129139 0.331524
vt 0.129139 0.335658
vt 0.159952 0.331524
vt 0.159952 0.335658
vt 0.190765 0.331524
vt 0.190765 0.335658
vt 0.221577 0.331524
vt 0.221577 0.335658
vt 0.252390 0.331524
vt 0.252390 0.335658
vt 0.283203 0.331524
vt 0.283203 0.335658
vt 0.314015 0.331524
vt 0.314015 0.335658
vt 0.344828 0.331524
vt 0.344828 0.335658
vt 0.375641 0.331524
vt 0.375641 0.335658
vt 0.406453 0.331524
vt 0.406453 0.335658
vt 0.437266 0.331524
vt 0.437266 0.335658
vt 0.468079 0.331524
vt 0.468079 0.335659
vt 0.498891 0.331524
vt 0.498891 0.335659
vt 0.529704 0.331524
vt 0.529704 0.335659
vt 0.560517 0.331524
vt 0.560517 0.335659
vt 0.591329 0.331524
vt 0.591329 0.335659
vt 0.622142 0.331524
vt 0.622142 0.335659
vt 0.652955 0.331524
vt 0.652955 0.335659
vt 0.683767 0.331524
vt 0.683767 0.335659
vt 0.714580 0.331524
vt 0.714580 0.335659
vt 0.745393 0.331524
vt 0.745393 0.335659
vt 0.776206 0.331524
vt 0.776206 0.335659
vt 0.807018 0.331524
vt 0.807018 0.335659
vt 0.837831 0.331524
vt 0.837831 0.335659
vt 0.868644 0.331524
vt 0.868644 0.335659
vt 0.899456 0.331524
vt 0.899456 0.335659
vt 0.930269 0.331524
vt 0.930269 0.335659
vt 0.961082 0.331524
vt 0.961082 0.335659
vt 0.991924 0.331524
vt 0.991924 0.335659
vt 0.036701 0.341327
vt 0.005859 0.341327
vt 0.067514 0.341327
vt 0.098326 0.341327
vt 0.129139 0.341327
vt 0.159952 0.341327
vt 0.190765 0.341327
vt 0.221577 0.341327
vt 0.252390 0.341327
vt 0.283203 0.341327
vt 0.314015 0.341327
vt 0.344828 0.341327
vt 0.375641 0.341327
vt 0.406453 0.341327
vt 0.437266 0.341327
vt 0.468079 0.341327
vt 0.498891 0.341327
vt 0.529704 0.341327
vt 0.560517 0.341327
vt 0.591329 0.341327
vt 0.622142 0.341327
vt 0.652955 0.341327
vt 0.683767 0.341327
vt 0.714580 0.341327
vt 0.745393 0.341327
vt 0.776206 0.341327
vt 0.807018 0.341327
vt 0.837831 0.341327
vt 0.868644 0.341327
vt 0.899456 0.341327
vt 0.930269 0.341327
vt 0.961082 0.341327
vt 0.991924 0.341327
vt 0.005859 0.389404
vt 0.036701 0.389404
vt 0.036701 0.393539
vt 0.005859 0.393539
vt 0.067514 0.389404
vt 0.067514 0.393539
vt 0.098326 0.389404
vt 0.098326 0.393539
vt 0.129139 0.389404
vt 0.129139 0.393539
vt 0.159952 0.389404
vt 0.159952 0.393539
vt 0.190765 0.389404
vt 0.190765 0.393539
vt 0.221577 0.389404
vt 0.221577 0.393539
vt 0.252390 0.389404
vt 0.252390 0.393539
vt 0.283203 0.389404
vt 0.283203 0.393539
vt 0.314015 0.389404
vt 0.314015 0.393539
vt 0.344828 0.389404
vt 0.344828 0.393539
vt 0.375641 0.389404
vt 0.375641 0.393539
vt 0.406453 0.389404
vt 0.406453 0.393539
vt 0.437266 0.389404
vt 0.437266 0.393539
vt 0.468079 0.389404
vt 0.468079 0.393539
vt 0.498891 0.389404
vt 0.498891 0.393539
vt 0.529704 0.389404
vt 0.529704 0.393539
vt 0.560517 0.389404
vt 0.560517 0.393539
vt 0.591329 0.389404
vt 0.591329 0.393539
vt 0.622142 0.389404
vt 0.622142 0.393539
vt 0.652955 0.389404
vt 0.652955 0.393539
vt 0.683767 0.389404
vt 0.683767 0.393539
vt 0.714580 0.389404
vt 0.714580 0.393539
vt 0.745393 0.389404
vt 0.745393 0.393539
vt 0.776206 0.389404
vt 0.776206 0.393539
vt 0.807018 0.389404
vt 0.807018 0.393539
vt 0.837831 0.389404
vt 0.837831 0.393539
vt 0.868644 0.389404
vt 0.868644 0.393539
vt 0.899456 0.389404
vt 0.899456 0.393539
vt 0.930269 0.389404
vt 0.930269 0.393539
vt 0.961082 0.389404
vt 0.961082 0.393539
vt 0.991924 0.389404
vt 0.991924 0.393539
vt 0.005859 0.383736
vt 0.036701 0.383736
vt 0.067514 0.383736
vt 0.098326 0.383736
vt 0.129139 0.383736
vt 0.159952 0.383736
vt 0.190765 0.383736
vt 0.221577 0.383736
vt 0.252390 0.383736
vt 0.283203 0.383736
vt 0.314015 0.383736
vt 0.344828 0.383736
vt 0.375641 0.383736
vt 0.406453 0.383736
vt 0.437266 0.383736
vt 0.468079 0.383736
vt 0.498891 0.383736
vt 0.529704 0.383736
vt 0.560517 0.383736
vt 0.591329 0.383736
vt 0.622142 0.383736
vt 0.652955 0.383736
vt 0.683767 0.383736
vt 0.714580 0.383736
vt 0.745393 0.383736
vt 0.776206 0.383736
vt 0.807018 0.383736
vt 0.837831 0.383736
vt 0.868644 0.383736
vt 0.899456 0.383736
vt 0.930269 0.383736
vt 0.961082 0.383736
vt 0.991924 0.383736
vt 0.036701 0.397077
vt 0.005859 0.397077
vt 0.067514 0.397077
vt 0.098326 0.397077
vt 0.129139 0.397077
vt 0.159952 0.397077
vt 0.190765 0.397077
vt 0.221577 0.397077
vt 0.252390 0.397077
vt 0.283203 0.397077
vt 0.314015 0.397077
vt 0.344828 0.397077
vt 0.375641 0.397077
vt 0.406453 0.397077
vt 0.437266 0.397077
vt 0.468079 0.397077
vt 0.498891 0.397077
vt 0.529704 0.397077
vt 0.560517 0.397077
vt 0.591329 0.397077
vt 0.622142 0.397077
vt 0.652955 0.397077
vt 0.683767 0.397077
vt 0.714580 0.397077
vt 0.745393 0.397077
vt 0.776206 0.397077
vt 0.807018 0.397077
vt 0.837831 0.397077
vt 0.868644 0.397077
vt 0.899456 0.397077
vt 0.930269 0.397077
vt 0.961082 0.397077
vt 0.991924 0.397077
vt 0.005859 0.379804
vt 0.036701 0.379804
vt 0.067514 0.379804
vt 0.098326 0.379804
vt 0.129139 0.379804
vt 0.159952 0.379804
vt 0.190765 0.379804
vt 0.221577 0.379804
vt 0.252390 0.379804
vt 0.283203 0.379804
vt 0.314015 0.379804
vt 0.344828 0.379804
vt 0.375641 0.379804
vt 0.406453 0.379804
vt 0.437266 0.379804
vt 0.468079 0.379804
vt 0.498891 0.379804
vt 0.529704 0.379804
vt 0.560517 0.379804
vt 0.591329 0.379804
vt 0.622142 0.379804
vt 0.652955 0.379804
vt 0.683767 0.379804
vt 0.714580 0.379804
vt 0.745393 0.379804
vt 0.776206 0.379804
vt 0.807018 0.379804
vt 0.837831 0.379804
vt 0.868644 0.379804
vt 0.899456 0.379804
vt 0.930269 0.379804
vt 0.961082 0.379804
vt 0.991924 0.379804
vt 0.005859 0.366069
vt 0.036701 0.366069
vt 0.036701 0.370204
vt 0.005859 0.370204
vt 0.067514 0.366069
vt 0.067514 0.370204
vt 0.098326 0.366069
vt 0.098326 0.370204
vt 0.129139 0.366069
vt 0.129139 0.370204
vt 0.159952 0.366069
vt 0.159952 0.370204
vt 0.190765 0.366069
vt 0.190765 0.370204
vt 0.221577 0.366069
vt 0.221577 0.370204
vt 0.252390 0.366069
vt 0.252390 0.370204
vt 0.283203 0.366069
vt 0.283203 0.370204
vt 0.314015 0.366069
vt 0.314015 0.370204
vt 0.344828 0.366069
vt 0.344828 0.370204
vt 0.375641 0.366069
vt 0.375641 0.370204
vt 0.406453 0.366069
vt 0.406453 0.370204
vt 0.437266 0.366069
vt 0.437266 0.370204
vt 0.468079 0.366069
vt 0.468079 0.370204
vt 0.498891 0.366069
vt 0.498891 0.370204
vt 0.529704 0.366069
vt 0.529704 0.370204
vt 0.560517 0.366069
vt 0.560517 0.370204
vt 0.591329 0.366069
vt 0.591329 0.370204
vt 0.622142 0.366069
vt 0.622142 0.370204
vt 0.652955 0.366069
vt 0.652955 0.370204
vt 0.683767 0.366069
vt 0.683767 0.370204
vt 0.714580 0.366069
vt 0.714580 0.370204
vt 0.745393 0.366069
vt 0.745393 0.370204
vt 0.776206 0.366069
vt 0.776206 0.370204
vt 0.807018 0.366069
vt 0.807018 0.370204
vt 0.837831 0.366069
vt 0.837831 0.370204
vt 0.868644 0.366069
vt 0.868644 0.370204
vt 0.899456 0.366069
vt 0.899456 0.370204
vt 0.930269 0.366069
vt 0.930269 0.370204
vt 0.961082 0.366069
vt 0.961082 0.370204
vt 0.991924 0.366069
vt 0.991924 0.370204
vt 0.036701 0.375872
vt 0.005859 0.375872
vt 0.067514 0.375872
vt 0.098326 0.375872
vt 0.129139 0.375872
vt 0.159952 0.375872
vt 0.190765 0.375872
vt 0.221577 0.375872
vt 0.252390 0.375872
vt 0.283203 0.375872
vt 0.314015 0.375872
vt 0.344828 0.375872
vt 0.375641 0.375872
vt 0.406453 0.375872
vt 0.437266 0.375872
vt 0.468079 0.375873
vt 0.498891 0.375873
vt 0.529704 0.375873
vt 0.560517 0.375873
vt 0.591329 0.375873
vt 0.622142 0.375873
vt 0.652955 0.375873
vt 0.683767 0.375873
vt 0.714580 0.375873
vt 0.745393 0.375873
vt 0.776206 0.375873
vt 0.807018 0.375873
vt 0.837831 0.375873
vt 0.868644 0.375873
vt 0.899456 0.375873
vt 0.930269 0.375873
vt 0.961082 0.375873
vt 0.991924 0.375873
vt 0.005859 0.423949
vt 0.036701 0.423949
vt 0.036701 0.428084
vt 0.005859 0.428084
vt 0.067514 0.423949
vt 0.067514 0.428084
vt 0.098326 0.423949
vt 0.098326 0.428084
vt 0.129139 0.423949
vt 0.129139 0.428084
vt 0.159952 0.423949
vt 0.159952 0.428084
vt 0.190765 0.423949
vt 0.190765 0.428084
vt 0.221577 0.423949
vt 0.221577 0.428084
vt 0.252390 0.423949
vt 0.252390 0.428084
vt 0.283203 0.423949
vt 0.283203 0.428084
vt 0.314015 0.423949
vt 0.314015 0.428084
vt 0.344828 0.423949
vt 0.344828 0.428084
vt 0.375641 0.423949
vt 0.375641 0.428084
vt 0.406453 0.423949
vt 0.406453 0.428084
vt 0.437266 0.423949
vt 0.437266 0.428084
vt 0.468079 0.423950
vt 0.468079 0.428084
vt 0.498891 0.423950
vt 0.498891 0.428084
vt 0.529704 0.423950
vt 0.529704 0.428084
vt 0.560517 0.423950
vt 0.560517 0.428084
vt 0.591329 0.423950
vt 0.591329 0.428084
vt 0.622142 0.423950
vt 0.622142 0.428084
vt 0.652955 0.423950
vt 0.652955 0.428084
vt 0.683767 0.423950
vt 0.683767 0.428084
vt 0.714580 0.423950
vt 0.714580 0.428084
vt 0.745393 0.423950
vt 0.745393 0.428084
vt 0.776206 0.423950
vt 0.776206 0.428084
vt 0.807018 0.423950
vt 0.807018 0.428084
vt 0.837831 0.423950
vt 0.837831 0.428084
vt 0.868644 0.423950
vt 0.868644 0.428084
vt 0.899456 0.423950
vt 0.899456 0.428084
vt 0.930269 0.423950
vt 0.930269 0.428084
vt 0.961082 0.423950
vt 0.961082 0.428084
vt 0.991924 0.423950
vt 0.991924 0.428084
vt 0.005859 0.418281
vt 0.036701 0.418281
vt 0.067514 0.418281
vt 0.098326 0.418281
vt 0.129139 0.418281
vt 0.159952 0.418281
vt 0.190765 0.418281
vt 0.221577 0.418281
vt 0.252390 0.418281
vt 0.283203 0.418281
vt 0.314015 0.418281
vt 0.344828 0.418281
vt 0.375641 0.418281
vt 0.406453 0.418281
vt 0.437266 0.418281
vt 0.468079 0.418281
vt 0.498891 0.418281
vt 0.529704 0.418281
vt 0.560517 0.418281
vt 0.591329 0.418281
vt 0.622142 0.418281
vt 0.652955 0.418281
vt 0.683767 0.418281
vt 0.714580 0.418281
vt 0.745393 0.418281
vt 0.776206 0.418281
vt 0.807018 0.418281
vt 0.837831 0.418281
vt 0.868644 0.418281
vt 0.899456 0.418281
vt 0.930269 0.418281
vt 0.961082 0.418281
vt 0.991924 0.418281
vt 0.036701 0.431622
vt 0.005859 0.431622
vt 0.067514 0.431622
vt 0.098326 0.431622
vt 0.129139 0.431622
vt 0.159952 0.431622
vt 0.190765 0.431622
vt 0.221577 0.431622
vt 0.252390 0.431622
vt 0.283203 0.431622
vt 0.314015 0.431622
vt 0.344828 0.431622
vt 0.375641 0.431622
vt 0.406453 0.431622
vt 0.437266 0.431622
vt 0.468079 0.431622
vt 0.498891 0.431622
vt 0.529704 0.431622
vt 0.560517 0.431622
vt 0.591329 0.431622
vt 0.622142 0.431622
vt 0.652955 0.431622
vt 0.683767 0.431622
vt 0.714580 0.431622
vt 0.745393 0.431622
vt 0.776206 0.431622
vt 0.807018 0.431622
vt 0.837831 0.431622
vt 0.868644 0.431622
vt 0.899456 0.431622
vt 0.930269 0.431622
vt 0.961082 0.431622
vt 0.991924 0.431622
vt 0.005859 0.414349
vt 0.036701 0.414349
vt 0.067514 0.414349
vt 0.098326 0.414349
vt 0.129139 0.414349
vt 0.159952 0.414349
vt 0.190765 0.414349
vt 0.221577 0.414349
vt 0.252390 0.414349
vt 0.283203 0.414349
vt 0.314015 0.414349
vt 0.344828 0.414349
vt 0.375641 0.414349
vt 0.406453 0.414349
vt 0.437266 0.414349
vt 0.468079 0.414349
vt 0.498891 0.414349
vt 0.529704 0.414349
vt 0.560517 0.414349
vt 0.591329 0.414349
vt 0.622142 0.414349
vt 0.652955 0.414349
vt 0.683767 0.414349
vt 0.714580 0.414349
vt 0.745393 0.414349
vt 0.776206 0.414349
vt 0.807018 0.414349
vt 0.837831 0.414349
vt 0.868644 0.414349
vt 0.899456 0.414349
vt 0.930269 0.414349
vt 0.961082 0.414349
vt 0.991924 0.414349
vt 0.005859 0.400614
vt 0.036701 0.400614
vt 0.036701 0.404749
vt 0.005859 0.404749
vt 0.067514 0.400614
vt 0.067514 0.404749
vt 0.098326 0.400614
vt 0.098326 0.404749
vt 0.129139 0.400614
vt 0.129139 0.404749
vt 0.159952 0.400614
vt 0.159952 0.404749
vt 0.190765 0.400614
vt 0.190765 0.404749
vt 0.221577 0.400614
vt 0.221577 0.404749
vt 0.252390 0.400614
vt 0.252390 0.404749
vt 0.283203 0.400614
vt 0.283203 0.404749
vt 0.314015 0.400614
vt 0.314015 0.404749
vt 0.344828 0.400614
vt 0.344828 0.404749
vt 0.375641 0.400614
vt 0.375641 0.404749
vt 0.406453 0.400614
vt 0.406453 0.404749
vt 0.437266 0.400614
vt 0.437266 0.404749
vt 0.468079 0.400614
vt 0.468079 0.404749
vt 0.498891 0.400614
vt 0.498891 0.404749
vt 0.529704 0.400614
vt 0.529704 0.404749
vt 0.560517 0.400614
vt 0.560517 0.404749
vt 0.591329 0.400614
vt 0.591329 0.404749
vt 0.622142 0.400614
vt 0.622142 0.404749
vt 0.652955 0.400614
vt 0.652955 0.404749
vt 0.683767 0.400614
vt 0.683767 0.404749
vt 0.714580 0.400614
vt 0.714580 0.404749
vt 0.745393 0.400614
vt 0.745393 0.404749
vt 0.776206 0.400614
vt 0.776206 0.404749
vt 0.807018 0.400614
vt 0.807018 0.404749
vt 0.837831 0.400614
vt 0.837831 0.404749
vt 0.868644 0.400614
vt 0.868644 0.404749
vt 0.899456 0.400614
vt 0.899456 0.404749
vt 0.930269 0.400614
vt 0.930269 0.404749
vt 0.961082 0.400614
vt 0.961082 0.404749
vt 0.991924 0.400614
vt 0.991924 0.404749
vt 0.036701 0.410418
vt 0.005859 0.410418
vt 0.067514 0.410418
vt 0.098326 0.410418
vt 0.129139 0.410418
vt 0.159952 0.410418
vt 0.190765 0.410418
vt 0.221577 0.410418
vt 0.252390 0.410418
vt 0.283203 0.410418
vt 0.314015 0.410418
vt 0.344828 0.410418
vt 0.375641 0.410418
vt 0.406453 0.410418
vt 0.437266 0.410418
vt 0.468079 0.410418
vt 0.498891 0.410418
vt 0.529704 0.410418
vt 0.560517 0.410418
vt 0.591329 0.410418
vt 0.622142 0.410418
vt 0.652955 0.410418
vt 0.683767 0.410418
vt 0.714580 0.410418
vt 0.745393 0.410418
vt 0.776206 0.410418
vt 0.807018 0.410418
vt 0.837831 0.410418
vt 0.868644 0.410418
vt 0.899456 0.410418
vt 0.930269 0.410418
vt 0.961082 0.410418
vt 0.991924 0.410418
vt 0.005859 0.458495
vt 0.036701 0.458495
vt 0.036701 0.462629
vt 0.005859 0.462629
vt 0.067514 0.458495
vt 0.067514 0.462629
vt 0.098326 0.458495
vt 0.098326 0.462629
vt 0.129139 0.458495
vt 0.129139 0.462629
vt 0.159952 0.458495
vt 0.159952 0.462629
vt 0.190765 0.458495
vt 0.190765 0.462629
vt 0.221577 0.458495
vt 0.221577 0.462629
vt 0.252390 0.458495
vt 0.252390 0.462629
vt 0.283203 0.458495
vt 0.283203 0.462629
vt 0.314015 0.458495
vt 0.314015 0.462629
vt 0.344828 0.458495
vt 0.344828 0.462629
vt 0.375641 0.458495
vt 0.375641 0.462629
vt 0.406453 0.458495
vt 0.406453 0.462629
vt 0.437266 0.458495
vt 0.437266 0.462629
vt 0.468079 0.458495
vt 0.468079 0.462629
vt 0.498891 0.458495
vt 0.498891 0.462629
vt 0.529704 0.458495
vt 0.529704 0.462629
vt 0.560517 0.458495
vt 0.560517 0.462629
vt 0.591329 0.458495
vt 0.591329 0.462629
vt 0.622142 0.458495
vt 0.622142 0.462629
vt 0.652955 0.458495
vt 0.652955 0.462629
vt 0.683767 0.458495
vt 0.683767 0.462629
vt 0.714580 0.458495
vt 0.714580 0.462629
vt 0.745393 0.458495
vt 0.745393 0.462629
vt 0.776206 0.458495
vt 0.776206 0.462629
vt 0.807018 0.458495
vt 0.807018 0.462629
vt 0.837831 0.458495
vt 0.837831 0.462629
vt 0.868644 0.458495
vt 0.868644 0.462629
vt 0.899456 0.458495
vt 0.899456 0.462629
vt 0.930269 0.458495
vt 0.930269 0.462629
vt 0.961082 0.458495
vt 0.961082 0.462629
vt 0.991924 0.458495
vt 0.991924 0.462629
vt 0.005859 0.452826
vt 0.036701 0.452826
vt 0.067514 0.452826
vt 0.098326 0.452826
vt 0.129139 0.452826
vt 0.159952 0.452826
vt 0.190765 0.452826
vt 0.221577 0.452826
vt 0.252390 0.452826
vt 0.283203 0.452826
vt 0.314015 0.452826
vt 0.344828 0.452826
vt 0.375641 0.452826
vt 0.406453 0.452826
vt 0.437266 0.452826
vt 0.468079 0.452826
vt 0.498891 0.452826
vt 0.529704 0.452826
vt 0.560517 0.452826
vt 0.591329 0.452826
vt 0.622142 0.452826
vt 0.652955 0.452826
vt 0.683767 0.452826
vt 0.714580 0.452826
vt 0.745393 0.452826
vt 0.776206 0.452826
vt 0.807018 0.452826
vt 0.837831 0.452826
vt 0.868644 0.452826
vt 0.899456 0.452826
vt 0.930269 0.452826
vt 0.961082 0.452826
vt 0.991924 0.452826
vt 0.036701 0.466167
vt 0.005859 0.466167
vt 0.067514 0.466167
vt 0.098326 0.466167
vt 0.129139 0.466167
vt 0.159952 0.466167
vt 0.190765 0.466167
vt 0.221577 0.466167
vt 0.252390 0.466167
vt 0.283203 0.466167
vt 0.314015 0.466167
vt 0.344828 0.466167
vt 0.375641 0.466167
vt 0.406453 0.466167
vt 0.437266 0.466167
vt 0.468079 0.466167
vt 0.498891 0.466167
vt 0.529704 0.466167
vt 0.560517 0.466167
vt 0.591329 0.466167
vt 0.622142 0.466167
vt 0.652955 0.466167
vt 0.683767 0.466167
vt 0.714580 0.466167
vt 0.745393 0.466167
vt 0.776206 0.466167
vt 0.807018 0.466167
vt 0.837831 0.466167
vt 0.868644 0.466167
vt 0.899456 0.466167
vt 0.930269 0.466167
vt 0.961082 0.466167
vt 0.991924 0.466167
vt 0.005859 0.448894
vt 0.036701 0.448894
vt 0.067514 0.448894
vt 0.098326 0.448894
vt 0.129139 0.448894
vt 0.159952 0.448894
vt 0.190765 0.448894
vt 0.221577 0.448894
vt 0.252390 0.448894
vt 0.283203 0.448894
vt 0.314015 0.448894
vt 0.344828 0.448894
vt 0.375641 0.448894
vt 0.406453 0.448894
vt 0.437266 0.448894
vt 0.468079 0.448894
vt 0.498891 0.448894
vt 0.529704 0.448894
vt 0.560517 0.448894
vt 0.591329 0.448894
vt 0.622142 0.448894
vt 0.652955 0.448894
vt 0.683767 0.448894
vt 0.714580 0.448894
vt 0.745393 0.448894
vt 0.776206 0.448894
vt 0.807018 0.448894
vt 0.837831 0.448894
vt 0.868644 0.448894
vt 0.899456 0.448894
vt 0.930269 0.448894
vt 0.961082 0.448894
vt 0.991924 0.448894
vt 0.005859 0.435160
vt 0.036701 0.435160
vt 0.036701 0.439294
vt 0.005859 0.439294
vt 0.067514 0.435160
vt 0.067514 0.439294
vt 0.098326 0.435160
vt 0.098326 0.439294
vt 0.129139 0.435160
vt 0.129139 0.439294
vt 0.159952 0.435160
vt 0.159952 0.439294
vt 0.190765 0.435160
vt 0.190765 0.439294
vt 0.221577 0.435160
vt 0.221577 0.439294
vt 0.252390 0.435160
vt 0.252390 0.439294
vt 0.283203 0.435160
vt 0.283203 0.439294
vt 0.314015 0.435160
vt 0.314015 0.439294
vt 0.344828 0.435160
vt 0.344828 0.439294
vt 0.375641 0.435160
vt 0.375641 0.439294
vt 0.406453 0.435160
vt 0.406453 0.439294
vt 0.437266 0.435160
vt 0.437266 0.439294
vt 0.468079 0.435160
vt 0.468079 0.439294
vt 0.498891 0.435160
vt 0.498891 0.439294
vt 0.529704 0.435160
vt 0.529704 0.439294
vt 0.560517 0.435160
vt 0.560517 0.439294
vt 0.591329 0.435160
vt 0.591329 0.439294
vt 0.622142 0.435160
vt 0.622142 0.439294
vt 0.652955 0.435160
vt 0.652955 0.439294
vt 0.683767 0.435160
vt 0.683767 0.439294
vt 0.714580 0.435160
vt 0.714580 0.439294
vt 0.745393 0.435160
vt 0.745393 0.439294
vt 0.776206 0.435160
vt 0.776206 0.439294
vt 0.807018 0.435160
vt 0.807018 0.439294
vt 0.837831 0.435160
vt 0.837831 0.439294
vt 0.868644 0.435160
vt 0.868644 0.439294
vt 0.899456 0.435160
vt 0.899456 0.439294
vt 0.930269 0.435160
vt 0.930269 0.439294
vt 0.961082 0.435160
vt 0.961082 0.439294
vt 0.991924 0.435160
vt 0.991924 0.439294
vt 0.036701 0.444963
vt 0.005859 0.444963
vt 0.067514 0.444963
vt 0.098326 0.444963
vt 0.129139 0.444963
vt 0.159952 0.444963
vt 0.190765 0.444963
vt 0.221577 0.444963
vt 0.252390 0.444963
vt 0.283203 0.444963
vt 0.314015 0.444963
vt 0.344828 0.444963
vt 0.375641 0.444963
vt 0.406453 0.444963
vt 0.437266 0.444963
vt 0.468079 0.444963
vt 0.498891 0.444963
vt 0.529704 0.444963
vt 0.560517 0.444963
vt 0.591329 0.444963
vt 0.622142 0.444963
vt 0.652955 0.444963
vt 0.683767 0.444963
vt 0.714580 0.444963
vt 0.745393 0.444963
vt 0.776206 0.444963
vt 0.807018 0.444963
vt 0.837831 0.444963
vt 0.868644 0.444963
vt 0.899456 0.444963
vt 0.930269 0.444963
vt 0.961082 0.444963
vt 0.991924 0.444963
vt 0.005859 0.469705
vt 0.036701 0.469705
vt 0.036701 0.473839
vt 0.005859 0.473839
vt 0.067514 0.469705
vt 0.067514 0.473839
vt 0.098326 0.469705
vt 0.098326 0.473839
vt 0.129139 0.469705
vt 0.129139 0.473839
vt 0.159952 0.469705
vt 0.159952 0.473839
vt 0.190765 0.469705
vt 0.190765 0.473839
vt 0.221577 0.469705
vt 0.221577 0.473839
vt 0.252390 0.469705
vt 0.252390 0.473839
vt 0.283203 0.469705
vt 0.283203 0.473839
vt 0.314015 0.469705
vt 0.314015 0.473839
vt 0.344828 0.469705
vt 0.344828 0.473839
vt 0.375641 0.469705
vt 0.375641 0.473839
vt 0.406453 0.469705
vt 0.406453 0.473839
vt 0.437266 0.469705
vt 0.437266 0.473839
vt 0.468079 0.469705
vt 0.468079 0.473839
vt 0.498891 0.469705
vt 0.498891 0.473839
vt 0.529704 0.469705
vt 0.529704 0.473839
vt 0.560517 0.469705
vt 0.560517 0.473839
vt 0.591329 0.469705
vt 0.591329 0.473839
vt 0.622142 0.469705
vt 0.622142 0.473839
vt 0.652955 0.469705
vt 0.652955 0.473839
vt 0.683767 0.469705
vt 0.683767 0.473839
vt 0.714580 0.469705
vt 0.714580 0.473839
vt 0.745393 0.469705
vt 0.745393 0.473839
vt 0.776206 0.469705
vt 0.776206 0.473839
vt 0.807018 0.469705
vt 0.807018 0.473839
vt 0.837831 0.469705
vt 0.837831 0.473839
vt 0.868644 0.469705
vt 0.868644 0.473839
vt 0.899456 0.469705
vt 0.899456 0.473839
vt 0.930269 0.469705
vt 0.930269 0.473839
vt 0.961082 0.469705
vt 0.961082 0.473839
vt 0.991924 0.469705
vt 0.991924 0.473839
vt 0.036701 0.479508
vt 0.005859 0.479508
vt 0.067514 0.479508
vt 0.098326 0.479508
vt 0.129139 0.479508
vt 0.159952 0.479508
vt 0.190765 0.479508
vt 0.221577 0.479508
vt 0.252390 0.479508
vt 0.283203 0.479508
vt 0.314015 0.479508
vt 0.344828 0.479508
vt 0.375641 0.479508
vt 0.406453 0.479508
vt 0.437266 0.479508
vt 0.468079 0.479508
vt 0.498891 0.479508
vt 0.529704 0.479508
vt 0.560517 0.479508
vt 0.591329 0.479508
vt 0.622142 0.479508
vt 0.652955 0.479508
vt 0.683767 0.479508
vt 0.714580 0.479508
vt 0.745393 0.479508
vt 0.776206 0.479508
vt 0.807018 0.479508
vt 0.837831 0.479508
vt 0.868644 0.479508
vt 0.899456 0.479508
vt 0.930269 0.479508
vt 0.961082 0.479508
vt 0.991924 0.479508
vt 0.036701 0.483330
vt 0.005859 0.483330
vt 0.067514 0.483330
vt 0.098326 0.483330
vt 0.129139 0.483330
vt 0.159952 0.483330
vt 0.190765 0.483330
vt 0.221577 0.483330
vt 0.252390 0.483330
vt 0.283203 0.483330
vt 0.314015 0.483330
vt 0.344828 0.483330
vt 0.375641 0.483330
vt 0.406453 0.483330
vt 0.437266 0.483330
vt 0.468079 0.483330
vt 0.498891 0.483330
vt 0.529704 0.483330
vt 0.560517 0.483330
vt 0.591329 0.483330
vt 0.622142 0.483330
vt 0.652955 0.483330
vt 0.683767 0.483330
vt 0.714580 0.483330
vt 0.745393 0.483330
vt 0.776206 0.483330
vt 0.807018 0.483330
vt 0.837831 0.483330
vt 0.868644 0.483330
vt 0.899456 0.483330
vt 0.930269 0.483330
vt 0.961082 0.483330
vt 0.991924 0.483330
vt 0.926378 0.981854
vt 0.930571 0.981854
vt 0.930571 0.982486
vt 0.926378 0.982486
vt 0.936211 0.981854
vt 0.936211 0.982486
vt 0.922748 0.981854
vt 0.922748 0.982486
vt 0.940050 0.981854
vt 0.940050 0.982486
vt 0.949529 0.981854
vt 0.953721 0.981854
vt 0.953721 0.982486
vt 0.949529 0.982486
vt 0.957352 0.981854
vt 0.957352 0.982486
vt 0.943888 0.981854
vt 0.943888 0.982486
vt 0.960982 0.981854
vt 0.965160 0.981854
vt 0.965160 0.982486
vt 0.960982 0.982486
vt 0.968759 0.981854
vt 0.968759 0.982486
vt 0.891774 0.981854
vt 0.895967 0.981854
vt 0.895967 0.982486
vt 0.891774 0.982486
vt 0.901608 0.981854
vt 0.901608 0.982486
vt 0.888144 0.981854
vt 0.888144 0.982486
vt 0.905446 0.981854
vt 0.905446 0.982486
vt 0.914925 0.981854
vt 0.919118 0.981854
vt 0.919118 0.982486
vt 0.914925 0.982486
vt 0.909284 0.981854
vt 0.909284 0.982486
vt 0.857171 0.981854
vt 0.861363 0.981854
vt 0.861363 0.982486
vt 0.857171 0.982486
vt 0.867004 0.981854
vt 0.867004 0.982486
vt 0.853540 0.981854
vt 0.853540 0.982486
vt 0.870842 0.981854
vt 0.870842 0.982486
vt 0.880321 0.981854
vt 0.884514 0.981854
vt 0.884514 0.982486
vt 0.880321 0.982486
vt 0.874681 0.981854
vt 0.874681 0.982486
vt 0.822567 0.981854
vt 0.826759 0.981854
vt 0.826759 0.982486
vt 0.822567 0.982486
vt 0.832400 0.981854
vt 0.832400 0.982486
vt 0.818937 0.981854
vt 0.818937 0.982486
vt 0.836238 0.981854
vt 0.836238 0.982486
vt 0.845717 0.981854
vt 0.849910 0.981854
vt 0.849910 0.982486
vt 0.845717 0.982486
vt 0.840077 0.981854
vt 0.840077 0.982486
vt 0.787963 0.981854
vt 0.792156 0.981854
vt 0.792156 0.982486
vt 0.787963 0.982486
vt 0.797796 0.981854
vt 0.797796 0.982486
vt 0.784333 0.981854
vt 0.784333 0.982486
vt 0.801635 0.981854
vt 0.801635 0.982486
vt 0.811114 0.981854
vt 0.815306 0.981854
vt 0.815306 0.982486
vt 0.811114 0.982486
vt 0.805473 0.981854
vt 0.805473 0.982486
vt 0.753359 0.981854
vt 0.757552 0.981854
vt 0.757552 0.982486
vt 0.753359 0.982486
vt 0.763192 0.981854
vt 0.763192 0.982486
vt 0.749729 0.981854
vt 0.749729 0.982486
vt 0.767031 0.981854
vt 0.767031 0.982486
vt 0.776510 0.981854
vt 0.780702 0.981854
vt 0.780702 0.982486
vt 0.776510 0.982486
vt 0.770869 0.981854
vt 0.770869 0.982486
vt 0.718755 0.981854
vt 0.722948 0.981854
vt 0.722948 0.982486
vt 0.718755 0.982486
vt 0.728589 0.981854
vt 0.728589 0.982486
vt 0.715125 0.981854
vt 0.715125 0.982486
vt 0.732427 0.981854
vt 0.732427 0.982486
vt 0.741906 0.981854
vt 0.746099 0.981854
vt 0.746099 0.982486
vt 0.741906 0.982486
vt 0.736265 0.981854
vt 0.736265 0.982486
vt 0.684152 0.981854
vt 0.688344 0.981854
vt 0.688344 0.982486
vt 0.684152 0.982486
vt 0.693985 0.981854
vt 0.693985 0.982486
vt 0.680521 0.981854
vt 0.680521 0.982486
vt 0.697823 0.981854
vt 0.697823 0.982486
vt 0.707302 0.981854
vt 0.711495 0.981854
vt 0.711495 0.982486
vt 0.707302 0.982486
vt 0.701662 0.981854
vt 0.701662 0.982486
vt 0.649548 0.981854
vt 0.653741 0.981854
vt 0.653741 0.982486
vt 0.649548 0.982486
vt 0.659381 0.981854
vt 0.659381 0.982486
vt 0.645918 0.981854
vt 0.645918 0.982486
vt 0.663219 0.981854
vt 0.663219 0.982486
vt 0.672698 0.981854
vt 0.676891 0.981854
vt 0.676891 0.982486
vt 0.672698 0.982486
vt 0.667058 0.981854
vt 0.667058 0.982486
vt 0.614944 0.981854
vt 0.619137 0.981854
vt 0.619137 0.982486
vt 0.614944 0.982486
vt 0.624777 0.981854
vt 0.624777 0.982486
vt 0.628616 0.981854
vt 0.628616 0.982486
vt 0.638095 0.981854
vt 0.642287 0.981854
vt 0.642287 0.982486
vt 0.638095 0.982486
vt 0.632454 0.981854
vt 0.632454 0.982486
vt 0.580340 0.981854
vt 0.584533 0.981854
vt 0.584533 0.982486
vt 0.580340 0.982486
vt 0.590173 0.981854
vt 0.590173 0.982486
vt 0.576710 0.981854
vt 0.576710 0.982486
vt 0.594012 0.981854
vt 0.594012 0.982486
vt 0.603491 0.981854
vt 0.607683 0.981854
vt 0.607683 0.982486
vt 0.603491 0.982486
vt 0.611314 0.981854
vt 0.611314 0.982486
vt 0.597850 0.981854
vt 0.597850 0.982486
vt 0.545736 0.981854
vt 0.549929 0.981854
vt 0.549929 0.982486
vt 0.545736 0.982486
vt 0.555570 0.981854
vt 0.555570 0.982486
vt 0.542106 0.981854
vt 0.542106 0.982486
vt 0.559408 0.981854
vt 0.559408 0.982486
vt 0.568887 0.981854
vt 0.573080 0.981854
vt 0.573080 0.982486
vt 0.568887 0.982486
vt 0.563246 0.981854
vt 0.563246 0.982486
vt 0.511133 0.981854
vt 0.515325 0.981854
vt 0.515325 0.982486
vt 0.511133 0.982486
vt 0.520966 0.981854
vt 0.520966 0.982486
vt 0.507502 0.981854
vt 0.507502 0.982486
vt 0.524804 0.981854
vt 0.524804 0.982486
vt 0.534283 0.981854
vt 0.538476 0.981854
vt 0.538476 0.982486
vt 0.534283 0.982486
vt 0.528643 0.981854
vt 0.528643 0.982486
vt 0.499679 0.981854
vt 0.503872 0.981854
vt 0.503872 0.982486
vt 0.499679 0.982486
vt 0.494039 0.981854
vt 0.494039 0.982486
vt 0.490255 0.981854
vt 0.490255 0.982486
vt 0.978881 0.974486
vt 0.948462 0.974486
vt 0.948462 0.973865
vt 0.978881 0.973865
vt 0.036154 0.990486
vt 0.005853 0.990486
vt 0.005853 0.989865
vt 0.036154 0.989865
vt 0.918056 0.974486
vt 0.918056 0.973865
vt 0.066439 0.990486
vt 0.066439 0.989865
vt 0.887650 0.974486
vt 0.887650 0.973865
vt 0.096725 0.990486
vt 0.096725 0.989865
vt 0.857244 0.974486
vt 0.857244 0.973865
vt 0.127011 0.990486
vt 0.127011 0.989865
vt 0.826838 0.974486
vt 0.826838 0.973865
vt 0.157296 0.990486
vt 0.157296 0.989865
vt 0.796431 0.974486
vt 0.796431 0.973865
vt 0.187582 0.990486
vt 0.187582 0.989865
vt 0.766025 0.974486
vt 0.766025 0.973865
vt 0.217868 0.990486
vt 0.217868 0.989865
vt 0.735619 0.974486
vt 0.735619 0.973865
vt 0.248153 0.990486
vt 0.248153 0.989865
vt 0.705213 0.974486
vt 0.705213 0.973865
vt 0.278439 0.990486
vt 0.278439 0.989865
vt 0.674807 0.974486
vt 0.674807 0.973865
vt 0.308725 0.990486
vt 0.308725 0.989865
vt 0.644400 0.974486
vt 0.644400 0.973865
vt 0.339011 0.990486
vt 0.339011 0.989865
vt 0.613994 0.974486
vt 0.613994 0.973865
vt 0.369296 0.990486
vt 0.369296 0.989865
vt 0.583588 0.974486
vt 0.583588 0.973865
vt 0.399582 0.990486
vt 0.399582 0.989865
vt 0.553182 0.974486
vt 0.553182 0.973865
vt 0.429868 0.990486
vt 0.429868 0.989865
vt 0.522776 0.974486
vt 0.522776 0.973865
vt 0.460153 0.990486
vt 0.460153 0.989865
vt 0.492370 0.974486
vt 0.492370 0.973865
vt 0.490439 0.990486
vt 0.490439 0.989865
vt 0.461963 0.974486
vt 0.461963 0.973865
vt 0.520725 0.990486
vt 0.520725 0.989865
vt 0.431557 0.974486
vt 0.431557 0.973865
vt 0.551010 0.990486
vt 0.551010 0.989865
vt 0.401151 0.974486
vt 0.401151 0.973865
vt 0.581296 0.990486
vt 0.581296 0.989865
vt 0.370745 0.974486
vt 0.370745 0.973865
vt 0.611582 0.990486
vt 0.611582 0.989865
vt 0.340339 0.974486
vt 0.340339 0.973865
vt 0.641868 0.990486
vt 0.641868 0.989865
vt 0.309933 0.974486
vt 0.309933 0.973865
vt 0.672153 0.990486
vt 0.672153 0.989865
vt 0.279526 0.974486
vt 0.279526 0.973865
vt 0.702439 0.990486
vt 0.702439 0.989865
vt 0.249120 0.974486
vt 0.249120 0.973865
vt 0.732725 0.990486
vt 0.732725 0.989865
vt 0.218714 0.974486
vt 0.218714 0.973865
vt 0.763010 0.990486
vt 0.763010 0.989865
vt 0.188308 0.974486
vt 0.188308 0.973865
vt 0.793296 0.990486
vt 0.793296 0.989865
vt 0.157902 0.974486
vt 0.157902 0.973865
vt 0.823582 0.990486
vt 0.823582 0.989865
vt 0.127495 0.974486
vt 0.127495 0.973865
vt 0.853867 0.990486
vt 0.853867 0.989865
vt 0.097089 0.974486
vt 0.097089 0.973865
vt 0.884153 0.990486
vt 0.884153 0.989865
vt 0.066683 0.974486
vt 0.066683 0.973865
vt 0.914439 0.990486
vt 0.914439 0.989865
vt 0.036277 0.974486
vt 0.036277 0.973865
vt 0.944724 0.990486
vt 0.944724 0.989865
vt 0.005858 0.974486
vt 0.005858 0.973865
vt 0.975025 0.990486
vt 0.975025 0.989865
vt 0.446208 0.982486
vt 0.442015 0.982486
vt 0.442015 0.981854
vt 0.446208 0.981854
vt 0.451849 0.982486
vt 0.451849 0.981854
vt 0.438384 0.982486
vt 0.438384 0.981854
vt 0.455687 0.982486
vt 0.455687 0.981854
vt 0.469360 0.982486
vt 0.465167 0.982486
vt 0.465167 0.981854
vt 0.469360 0.981854
vt 0.472990 0.982486
vt 0.472990 0.981854
vt 0.459526 0.982486
vt 0.459526 0.981854
vt 0.480800 0.982486
vt 0.476621 0.982486
vt 0.476621 0.981854
vt 0.480800 0.981854
vt 0.484399 0.982486
vt 0.484399 0.981854
vt 0.411601 0.982486
vt 0.407408 0.982486
vt 0.407408 0.981854
vt 0.411601 0.981854
vt 0.417242 0.982486
vt 0.417242 0.981854
vt 0.403778 0.982486
vt 0.403778 0.981854
vt 0.421081 0.982486
vt 0.421081 0.981854
vt 0.434753 0.982486
vt 0.430560 0.982486
vt 0.430560 0.981854
vt 0.434753 0.981854
vt 0.424920 0.982486
vt 0.424920 0.981854
vt 0.376995 0.982486
vt 0.372802 0.982486
vt 0.372802 0.981854
vt 0.376995 0.981854
vt 0.382636 0.982486
vt 0.382636 0.981854
vt 0.369171 0.982486
vt 0.369171 0.981854
vt 0.386474 0.982486
vt 0.386474 0.981854
vt 0.400147 0.982486
vt 0.395954 0.982486
vt 0.395954 0.981854
vt 0.400147 0.981854
vt 0.390313 0.982486
vt 0.390313 0.981854
vt 0.342388 0.982486
vt 0.338195 0.982486
vt 0.338195 0.981854
vt 0.342388 0.981854
vt 0.348029 0.982486
vt 0.348029 0.981854
vt 0.334565 0.982486
vt 0.334565 0.981854
vt 0.351868 0.982486
vt 0.351868 0.981854
vt 0.365541 0.982486
vt 0.361348 0.982486
vt 0.361348 0.981854
vt 0.365541 0.981854
vt 0.355707 0.982486
vt 0.355707 0.981854
vt 0.307782 0.982486
vt 0.303589 0.982486
vt 0.303589 0.981854
vt 0.307782 0.981854
vt 0.313423 0.982486
vt 0.313423 0.981854
vt 0.299958 0.982486
vt 0.299958 0.981854
vt 0.317261 0.982486
vt 0.317261 0.981854
vt 0.330934 0.982486
vt 0.326741 0.982486
vt 0.326741 0.981854
vt 0.330934 0.981854
vt 0.321100 0.982486
vt 0.321100 0.981854
vt 0.273175 0.982486
vt 0.268982 0.982486
vt 0.268982 0.981854
vt 0.273175 0.981854
vt 0.278816 0.982486
vt 0.278816 0.981854
vt 0.282655 0.982486
vt 0.282655 0.981854
vt 0.296328 0.982486
vt 0.292135 0.982486
vt 0.292135 0.981854
vt 0.296328 0.981854
vt 0.286494 0.982486
vt 0.286494 0.981854
vt 0.238569 0.982486
vt 0.234376 0.982486
vt 0.234376 0.981854
vt 0.238569 0.981854
vt 0.244210 0.982486
vt 0.244210 0.981854
vt 0.230745 0.982486
vt 0.230745 0.981854
vt 0.248049 0.982486
vt 0.248049 0.981854
vt 0.261721 0.982486
vt 0.257528 0.982486
vt 0.257528 0.981854
vt 0.261721 0.981854
vt 0.265352 0.982486
vt 0.265352 0.981854
vt 0.251887 0.982486
vt 0.251887 0.981854
vt 0.203962 0.982486
vt 0.199769 0.982486
vt 0.199769 0.981854
vt 0.203962 0.981854
vt 0.209603 0.982486
vt 0.209603 0.981854
vt 0.196139 0.982486
vt 0.196139 0.981854
vt 0.213442 0.982486
vt 0.213442 0.981854
vt 0.227115 0.982486
vt 0.222922 0.982486
vt 0.222922 0.981854
vt 0.227115 0.981854
vt 0.217281 0.982486
vt 0.217281 0.981854
vt 0.169356 0.982486
vt 0.165163 0.982486
vt 0.165163 0.981854
vt 0.169356 0.981854
vt 0.174997 0.982486
vt 0.174997 0.981854
vt 0.161532 0.982486
vt 0.161532 0.981854
vt 0.178836 0.982486
vt 0.178836 0.981854
vt 0.192508 0.982486
vt 0.188315 0.982486
vt 0.188315 0.981854
vt 0.192508 0.981854
vt 0.182674 0.982486
vt 0.182674 0.981854
vt 0.134749 0.982486
vt 0.130556 0.982486
vt 0.130556 0.981854
vt 0.134749 0.981854
vt 0.140390 0.982486
vt 0.140390 0.981854
vt 0.144229 0.982486
vt 0.144229 0.981854
vt 0.157902 0.982486
vt 0.153709 0.982486
vt 0.153709 0.981854
vt 0.157902 0.981854
vt 0.148068 0.982486
vt 0.148068 0.981854
vt 0.100143 0.982486
vt 0.095950 0.982486
vt 0.095950 0.981854
vt 0.100143 0.981854
vt 0.105784 0.982486
vt 0.105784 0.981854
vt 0.092319 0.982486
vt 0.092319 0.981854
vt 0.109623 0.982486
vt 0.109623 0.981854
vt 0.123295 0.982486
vt 0.119102 0.982486
vt 0.119102 0.981854
vt 0.123295 0.981854
vt 0.126926 0.982486
vt 0.126926 0.981854
vt 0.113461 0.982486
vt 0.113461 0.981854
vt 0.065537 0.982486
vt 0.061344 0.982486
vt 0.061344 0.981854
vt 0.065537 0.981854
vt 0.071177 0.982486
vt 0.071177 0.981854
vt 0.057713 0.982486
vt 0.057713 0.981854
vt 0.075016 0.982486
vt 0.075016 0.981854
vt 0.088689 0.982486
vt 0.084496 0.982486
vt 0.084496 0.981854
vt 0.088689 0.981854
vt 0.078855 0.982486
vt 0.078855 0.981854
vt 0.030930 0.982486
vt 0.026737 0.982486
vt 0.026737 0.981854
vt 0.030930 0.981854
vt 0.036571 0.982486
vt 0.036571 0.981854
vt 0.023106 0.982486
vt 0.023106 0.981854
vt 0.040410 0.982486
vt 0.040410 0.981854
vt 0.054082 0.982486
vt 0.049889 0.982486
vt 0.049889 0.981854
vt 0.054082 0.981854
vt 0.044248 0.982486
vt 0.044248 0.981854
vt 0.019476 0.982486
vt 0.015283 0.982486
vt 0.015283 0.981854
vt 0.019476 0.981854
vt 0.009642 0.982486
vt 0.009642 0.981854
vt 0.005858 0.982486
vt 0.005858 0.981854
s 1
f 5/1/1 4/2/2 116/3/3 117/4/4
f 117/4/4 116/3/3 228/5/5 229/6/6
f 229/6/6 228/5/5 340/7/7 341/8/8
f 341/8/8 340/7/7 452/9/9 453/10/10
f 453/10/10 452/9/9 564/11/11 565/12/12
f 565/12/12 564/11/11 676/13/13 677/14/14
f 677/14/14 676/13/13 788/15/15 789/16/16
f 789/16/16 788/15/15 900/17/17 901/18/18
f 901/18/18 900/17/17 1012/19/19 1013/20/20
f 1013/20/20 1012/19/19 1124/21/21 1125/22/22
f 1125/22/22 1124/21/21 1236/23/23 1237/24/24
f 1237/24/24 1236/23/23 1348/25/25 1349/26/26
f 1349/26/26 1348/25/25 1460/27/27 1461/28/28
f 1461/28/28 1460/27/27 1572/29/29 1573/30/30
f 1573/30/30 1572/29/29 1684/31/31 1685/32/32
f 1685/32/32 1684/31/31 1796/33/33 1797/34/34
f 1797/34/34 1796/33/33 1908/35/35 1909/36/36
f 1909/36/36 1908/35/35 2020/37/37 2021/38/38
f 2021/38/38 2020/37/37 2132/39/39 2133/40/40
f 2133/40/40 2132/39/39 2244/41/41 2245/42/42
f 2245/42/42 2244/41/41 2356/43/43 2357/44/44
f 2357/44/44 2356/43/43 2468/45/45 2469/46/46
f 2469/46/46 2468/45/45 2580/47/47 2581/48/48
f 2581/48/48 2580/47/47 2692/49/49 2693/50/50
f 2693/50/50 2692/49/49 2804/51/51 2805/52/52
f 2805/52/52 2804/51/51 2916/53/53 2917/54/54
f 2917/54/54 2916/53/53 3028/55/55 3029/56/56
f 3029/56/56 3028/55/55 3140/57/57 3141/58/58
f 3141/58/58 3140/57/57 3252/59/59 3253/60/60
f 3253/60/60 3252/59/59 3364/61/61 3365/62/62
f 3365/62/62 3364/61/61 3476/63/63 3477/64/64
f 3477/64/64 3476/63/63 3588/65/65 3589/66/66
f 3/67/67 5/1/1 117/4/4 115/68/68
f 115/68/68 117/4/4 229/6/6 227/69/69
f 227/69/69 229/6/6 341/8/8 339/70/70
f 339/70/70 341/8/8 453/10/10 451/71/71
f 451/71/71 453/10/10 565/12/12 563/72/72
f 563/72/72 565/12/12 677/14/14 675/73/73
f 675/73/73 677/14/14 789/16/16 787/74/74
f 787/74/74 789/16/16 901/18/18 899/75/75
f 899/75/75 901/18/18 1013/20/20 1011/76/76
f 1011/76/76 1013/20/20 1125/22/22 1123/77/77
f 1123/77/77 1125/22/22 1237/24/24 1235/78/78
f 1235/78/78 1237/24/24 1349/26/26 1347/79/79
f 1347/79/79 1349/26/26 1461/28/28 1459/80/80
f 1459/80/80 1461/28/28 1573/30/30 1571/81/81
f 1571/81/81 1573/30/30 1685/32/32 1683/82/82
f 1683/82/82 1685/32/32 1797/34/34 1795/83/83
f 1795/83/83 1797/34/34 1909/36/36 1907/84/84
f 1907/84/84 1909/36/36 2021/38/38 2019/85/85
f 2019/85/85 2021/38/38 2133/40/40 2131/86/86
f 2131/86/86 2133/40/40 2245/42/42 2243/87/87
f 2243/87/87 2245/42/42 2357/44/44 2355/88/88
f 2355/88/88 2357/44/44 2469/46/46 2467/89/89
f 2467/89/89 2469/46/46 2581/48/48 2579/90/90
f 2579/90/90 2581/48/48 2693/50/50 2691/91/91
f 2691/91/91 2693/50/50 2805/52/52 2803/92/92
f 2803/92/92 2805/52/52 2917/54/54 2915/93/93
f 2915/93/93 2917/54/54 3029/56/56 3027/94/94
f 3027/94/94 3029/56/56 3141/58/58 3139/95/95
f 3139/95/95 3141/58/58 3253/60/60 3251/96/96
f 3251/96/96 3253/60/60 3365/62/62 3363/97/97
f 3363/97/97 3365/62/62 3477/64/64 3475/98/98
f 3475/98/98 3477/64/64 3589/66/66 3587/99/99
f 4/2/2 2/100/100 114/101/101 116/3/3
f 116/3/3 114/101/101 226/102/102 228/5/5
f 228/5/5 226/102/102 338/103/103 340/7/7
f 340/7/7 338/103/103 450/104/104 452/9/9
f 452/9/9 450/104/104 562/105/105 564/11/11
f 564/11/11 562/105/105 674/106/106 676/13/13
f 676/13/13 674/106/106 786/107/107 788/15/15
f 788/15/15 786/107/107 898/108/108 900/17/17
f 900/17/17 898/108/108 1010/109/109 1012/19/19
f 1012/19/19 1010/109/109 1122/110/110 1124/21/21
f 1124/21/21 1122/110/110 1234/111/111 1236/23/23
f 1236/23/23 1234/111/111 1346/112/112 1348/25/25
f 1348/25/25 1346/112/112 1458/113/113 1460/27/27
f 1460/27/27 1458/113/113 1570/114/114 1572/29/29
f 1572/29/29 1570/114/114 1682/115/115 1684/31/31
f 1684/31/31 1682/115/115 1794/116/116 1796/33/33
f 1796/33/33 1794/116/116 1906/117/117 1908/35/35
f 1908/35/35 1906/117/117 2018/118/118 2020/37/37
f 2020/37/37 2018/118/118 2130/119/119 2132/39/39
f 2132/39/39 2130/119/119 2242/120/120 2244/41/41
f 2244/41/41 2242/120/120 2354/121/121 2356/43/43
f 2356/43/43 2354/121/121 2466/122/122 2468/45/45
f 2468/45/45 2466/122/122 2578/123/123 2580/47/47
f 2580/47/47 2578/123/123 2690/124/124 2692/49/49
f 2692/49/49 2690/124/124 2802/125/125 2804/51/51
f 2804/51/51 2802/125/125 2914/126/126 2916/53/53
f 2916/53/53 2914/126/126 3026/127/127 3028/55/55
f 3028/55/55 3026/127/127 3138/128/128 3140/57/57
f 3140/57/57 3138/128/128 3250/129/129 3252/59/59
f 3252/59/59 3250/129/129 3362/130/130 3364/61/61
f 3364/61/61 3362/130/130 3474/131/131 3476/63/63
f 3476/63/63 3474/131/131 3586/132/132 3588/65/65
f 1/133/100 3/67/67 115/68/68 113/134/101
f 113/134/101 115/68/68 227/69/69 225/135/102
f 225/135/102 227/69/69 339/70/70 337/136/103
f 337/136/103 339/70/70 451/71/71 449/137/104
f 449/137/104 451/71/71 563/72/72 561/138/105
f 561/138/105 563/72/72 675/73/73 673/139/106
f 673/139/106 675/73/73 787/74/74 785/140/107
f 785/140/107 787/74/74 899/75/75 897/141/108
f 897/141/108 899/75/75 1011/76/76 1009/142/109
f 1009/142/109 1011/76/76 1123/77/77 1121/143/110
f 1121/143/110 1123/77/77 1235/78/78 1233/144/111
f 1233/144/111 1235/78/78 1347/79/79 1345/145/112
f 1345/145/112 1347/79/79 1459/80/80 1457/146/113
f 1457/146/113 1459/80/80 1571/81/81 1569/147/114
f 1569/147/114 1571/81/81 1683/82/82 1681/148/115
f 1681/148/115 1683/82/82 1795/83/83 1793/149/116
f 1793/149/116 1795/83/83 1907/84/84 1905/150/117
f 1905/150/117 1907/84/84 2019/85/85 2017/151/118
f 2017/151/118 2019/85/85 2131/86/86 2129/152/119
f 2129/152/119 2131/86/86 2243/87/87 2241/153/120
f 2241/153/120 2243/87/87 2355/88/88 2353/154/121
f 2353/154/121 2355/88/88 2467/89/89 2465/155/122
f 2465/155/122 2467/89/89 2579/90/90 2577/156/123
f 2577/156/123 2579/90/90 2691/91/91 2689/157/124
f 2689/157/124 2691/91/91 2803/92/92 2801/158/125
f 2801/158/125 2803/92/92 2915/93/93 2913/159/126
f 2913/159/126 2915/93/93 3027/94/94 3025/160/127
f 3025/160/127 3027/94/94 3139/95/95 3137/161/128
f 3137/161/128 3139/95/95 3251/96/96 3249/162/129
f 3249/162/129 3251/96/96 3363/97/97 3361/163/130
f 3361/163/130 3363/97/97 3475/98/98 3473/164/131
f 3473/164/131 3475/98/98 3587/99/99 3585/165/132
f 8/166/133 9/167/134 121/168/135 120/169/136
f 120/169/136 121/168/135 233/170/137 232/171/138
f 232/171/138 233/170/137 345/172/139 344/173/140
f 344/173/140 345/172/139 457/174/141 456/175/142
f 456/175/142 457/174/141 569/176/143 568/177/144
f 568/177/144 569/176/143 681/178/145 680/179/146
f 680/179/146 681/178/145 793/180/147 792/181/148
f 792/181/148 793/180/147 905/182/149 904/183/150
f 904/183/150 905/182/149 1017/184/151 1016/185/152
f 1016/185/152 1017/184/151 1129/186/153 1128/187/154
f 1128/187/154 1129/186/153 1241/188/155 1240/189/156
f 1240/189/156 1241/188/155 1353/190/157 1352/191/158
f 1352/191/158 1353/190/157 1465/192/159 1464/193/160
f 1464/193/160 1465/192/159 1577/194/161 1576/195/162
f 1576/195/162 1577/194/161 1689/196/163 1688/197/164
f 1688/197/164 1689/196/163 1801/198/165 1800/199/166
f 1800/199/166 1801/198/165 1913/200/167 1912/201/168
f 1912/201/168 1913/200/167 2025/202/169 2024/203/170
f 2024/203/170 2025/202/169 2137/204/171 2136/205/172
f 2136/205/172 2137/204/171 2249/206/173 2248/207/174
f 2248/207/174 2249/206/173 2361/208/175 2360/209/176
f 2360/209/176 2361/208/175 2473/210/177 2472/211/178
f 2472/211/178 2473/210/177 2585/212/179 2584/213/180
f 2584/213/180 2585/212/179 2697/214/181 2696/215/182
f 2696/215/182 2697/214/181 2809/216/183 2808/217/184
f 2808/217/184 2809/216/183 2921/218/185 2920/219/186
f 2920/219/186 2921/218/185 3033/220/187 3032/221/188
f 3032/221/188 3033/220/187 3145/222/189 3144/223/190
f 3144/223/190 3145/222/189 3257/224/191 3256/225/192
f 3256/225/192 3257/224/191 3369/226/193 3368/227/194
f 3368/227/194 3369/226/193 3481/228/195 3480/229/196
f 3480/229/196 3481/228/195 3593/230/197 3592/231/198
f 7/232/100 8/166/133 120/169/136 119/233/101
f 119/233/101 120/169/136 232/171/138 231/234/102
f 231/234/102 232/171/138 344/173/140 343/235/103
f 343/235/103 344/173/140 456/175/142 455/236/104
f 455/236/104 456/175/142 568/177/144 567/237/105
f 567/237/105 568/177/144 680/179/146 679/238/106
f 679/238/106 680/179/146 792/181/148 791/239/107
f 791/239/107 792/181/148 904/183/150 903/240/108
f 903/240/108 904/183/150 1016/185/152 1015/241/109
f 1015/241/109 1016/185/152 1128/187/154 1127/242/110
f 1127/242/110 1128/187/154 1240/189/156 1239/243/111
f 1239/243/111 1240/189/156 1352/191/158 1351/244/112
f 1351/244/112 1352/191/158 1464/193/160 1463/245/113
f 1463/245/113 1464/193/160 1576/195/162 1575/246/114
f 1575/246/114 1576/195/162 1688/197/164 1687/247/115
f 1687/247/115 1688/197/164 1800/199/166 1799/248/116
f 1799/248/116 1800/199/166 1912/201/168 1911/249/117
f 1911/249/117 1912/201/168 2024/203/170 2023/250/118
f 2023/250/118 2024/203/170 2136/205/172 2135/251/119
f 2135/251/119 2136/205/172 2248/207/174 2247/252/120
f 2247/252/120 2248/207/174 2360/209/176 2359/253/121
f 2359/253/121 2360/209/176 2472/211/178 2471/254/122
f 2471/254/122 2472/211/178 2584/213/180 2583/255/123
f 2583/255/123 2584/213/180 2696/215/182 2695/256/124
f 2695/256/124 2696/215/182 2808/217/184 2807/257/125
f 2807/257/125 2808/217/184 2920/219/186 2919/258/126
f 2919/258/126 2920/219/186 3032/221/188 3031/259/127
f 3031/259/127 3032/221/188 3144/223/190 3143/260/128
f 3143/260/128 3144/223/190 3256/225/192 3255/261/129
f 3255/261/129 3256/225/192 3368/227/194 3367/262/130
f 3367/262/130 3368/227/194 3480/229/196 3479/263/131
f 3479/263/131 3480/229/196 3592/231/198 3591/264/132
f 9/167/134 6/265/199 118/266/200 121/168/135
f 121/168/135 118/266/200 230/267/201 233/170/137
f 233/170/137 230/267/201 342/268/202 345/172/139
f 345/172/139 342/268/202 454/269/203 457/174/141
f 457/174/141 454/269/203 566/270/204 569/176/143
f 569/176/143 566/270/204 678/271/205 681/178/145
f 681/178/145 678/271/205 790/272/206 793/180/147
f 793/180/147 790/272/206 902/273/207 905/182/149
f 905/182/149 902/273/207 1014/274/208 1017/184/151
f 1017/184/151 1014/274/208 1126/275/209 1129/186/153
f 1129/186/153 1126/275/209 1238/276/210 1241/188/155
f 1241/188/155 1238/276/210 1350/277/211 1353/190/157
f 1353/190/157 1350/277/211 1462/278/212 1465/192/159
f 1465/192/159 1462/278/212 1574/279/213 1577/194/161
f 1577/194/161 1574/279/213 1686/280/214 1689/196/163
f 1689/196/163 1686/280/214 1798/281/215 1801/198/165
f 1801/198/165 1798/281/215 1910/282/216 1913/200/167
f 1913/200/167 1910/282/216 2022/283/217 2025/202/169
f 2025/202/169 2022/283/217 2134/284/218 2137/204/171
f 2137/204/171 2134/284/218 2246/285/219 2249/206/173
f 2249/206/173 2246/285/219 2358/286/220 2361/208/175
f 2361/208/175 2358/286/220 2470/287/221 2473/210/177
f 2473/210/177 2470/287/221 2582/288/222 2585/212/179
f 2585/212/179 2582/288/222 2694/289/223 2697/214/181
f 2697/214/181 2694/289/223 2806/290/224 2809/216/183
f 2809/216/183 2806/290/224 2918/291/225 2921/218/185
f 2921/218/185 2918/291/225 3030/292/226 3033/220/187
f 3033/220/187 3030/292/226 3142/293/227 3145/222/189
f 3145/222/189 3142/293/227 3254/294/228 3257/224/191
f 3257/224/191 3254/294/228 3366/295/229 3369/226/193
f 3369/226/193 3366/295/229 3478/296/230 3481/228/195
f 3481/228/195 3478/296/230 3590/297/231 3593/230/197
f 12/298/232 11/299/2 123/300/3 124/301/233
f 124/301/233 123/300/3 235/302/5 236/303/234
f 236/303/234 235/302/5 347/304/7 348/305/235
f 348/305/235 347/304/7 459/306/9 460/307/236
f 460/307/236 459/306/9 571/308/11 572/309/237
f 572/309/237 571/308/11 683/310/13 684/311/238
f 684/311/238 683/310/13 795/312/15 796/313/239
f 796/313/239 795/312/15 907/314/17 908/315/240
f 908/315/240 907/314/17 1019/316/19 1020/317/241
f 1020/317/241 1019/316/19 1131/318/21 1132/319/242
f 1132/319/242 1131/318/21 1243/320/23 1244/321/243
f 1244/321/243 1243/320/23 1355/322/25 1356/323/244
f 1356/323/244 1355/322/25 1467/324/27 1468/325/245
f 1468/325/245 1467/324/27 1579/326/29 1580/327/246
f 1580/327/246 1579/326/29 1691/328/31 1692/329/247
f 1692/329/247 1691/328/31 1803/330/33 1804/331/248
f 1804/331/248 1803/330/33 1915/332/35 1916/333/249
f 1916/333/249 1915/332/35 2027/334/37 2028/335/250
f 2028/335/250 2027/334/37 2139/336/39 2140/337/251
f 2140/337/251 2139/336/39 2251/338/41 2252/339/252
f 2252/339/252 2251/338/41 2363/340/43 2364/341/253
f 2364/341/253 2363/340/43 2475/342/45 2476/343/254
f 2476/343/254 2475/342/45 2587/344/47 2588/345/255
f 2588/345/255 2587/344/47 2699/346/49 2700/347/256
f 2700/347/256 2699/346/49 2811/348/51 2812/349/257
f 2812/349/257 2811/348/51 2923/350/53 2924/351/258
f 2924/351/258 2923/350/53 3035/352/55 3036/353/259
f 3036/353/259 3035/352/55 3147/354/57 3148/355/260
f 3148/355/260 3147/354/57 3259/356/59 3260/357/261
f 3260/357/261 3259/356/59 3371/358/61 3372/359/262
f 3372/359/262 3371/358/61 3483/360/63 3484/361/263
f 3484/361/263 3483/360/63 3595/362/264 3596/363/265
f 10/364/266 12/298/232 124/301/233 122/365/267
f 122/365/267 124/301/233 236/303/234 234/366/268
f 234/366/268 236/303/234 348/305/235 346/367/269
f 346/367/269 348/305/235 460/307/236 458/368/270
f 458/368/270 460/307/236 572/309/237 570/369/271
f 570/369/271 572/309/237 684/311/238 682/370/272
f 682/370/272 684/311/238 796/313/239 794/371/273
f 794/371/273 796/313/239 908/315/240 906/372/274
f 906/372/274 908/315/240 1020/317/241 1018/373/275
f 1018/373/275 1020/317/241 1132/319/242 1130/374/276
f 1130/374/276 1132/319/242 1244/321/243 1242/375/277
f 1242/375/277 1244/321/243 1356/323/244 1354/376/278
f 1354/376/278 1356/323/244 1468/325/245 1466/377/279
f 1466/377/279 1468/325/245 1580/327/246 1578/378/280
f 1578/378/280 1580/327/246 1692/329/247 1690/379/281
f 1690/379/281 1692/329/247 1804/331/248 1802/380/282
f 1802/380/282 1804/331/248 1916/333/249 1914/381/283
f 1914/381/283 1916/333/249 2028/335/250 2026/382/284
f 2026/382/284 2028/335/250 2140/337/251 2138/383/285
f 2138/383/285 2140/337/251 2252/339/252 2250/384/286
f 2250/384/286 2252/339/252 2364/341/253 2362/385/287
f 2362/385/287 2364/341/253 2476/343/254 2474/386/288
f 2474/386/288 2476/343/254 2588/345/255 2586/387/289
f 2586/387/289 2588/345/255 2700/347/256 2698/388/290
f 2698/388/290 2700/347/256 2812/349/257 2810/389/291
f 2810/389/291 2812/349/257 2924/351/258 2922/390/292
f 2922/390/292 2924/351/258 3036/353/259 3034/391/293
f 3034/391/293 3036/353/259 3148/355/260 3146/392/294
f 3146/392/294 3148/355/260 3260/357/261 3258/393/295
f 3258/393/295 3260/357/261 3372/359/262 3370/394/296
f 3370/394/296 3372/359/262 3484/361/263 3482/395/297
f 3482/395/297 3484/361/263 3596/363/265 3594/396/298
f 11/299/2 7/232/100 119/233/101 123/300/3
f 123/300/3 119/233/101 231/234/102 235/302/5
f 235/302/5 231/234/102 343/235/103 347/304/7
f 347/304/7 343/235/103 455/236/104 459/306/9
f 459/306/9 455/236/104 567/237/105 571/308/11
f 571/308/11 567/237/105 679/238/106 683/310/13
f 683/310/13 679/238/106 791/239/107 795/312/15
f 795/312/15 791/239/107 903/240/108 907/314/17
f 907/314/17 903/240/108 1015/241/109 1019/316/19
f 1019/316/19 1015/241/109 1127/242/110 1131/318/21
f 1131/318/21 1127/242/110 1239/243/111 1243/320/23
f 1243/320/23 1239/243/111 1351/244/112 1355/322/25
f 1355/322/25 1351/244/112 1463/245/113 1467/324/27
f 1467/324/27 1463/245/113 1575/246/114 1579/326/29
f 1579/326/29 1575/246/114 1687/247/115 1691/328/31
f 1691/328/31 1687/247/115 1799/248/116 1803/330/33
f 1803/330/33 1799/248/116 1911/249/117 1915/332/35
f 1915/332/35 1911/249/117 2023/250/118 2027/334/37
f 2027/334/37 2023/250/118 2135/251/119 2139/336/39
f 2139/336/39 2135/251/119 2247/252/120 2251/338/41
f 2251/338/41 2247/252/120 2359/253/121 2363/340/43
f 2363/340/43 2359/253/121 2471/254/122 2475/342/45
f 2475/342/45 2471/254/122 2583/255/123 2587/344/47
f 2587/344/47 2583/255/123 2695/256/124 2699/346/49
f 2699/346/49 2695/256/124 2807/257/125 2811/348/51
f 2811/348/51 2807/257/125 2919/258/126 2923/350/53
f 2923/350/53 2919/258/126 3031/259/127 3035/352/55
f 3035/352/55 3031/259/127 3143/260/128 3147/354/57
f 3147/354/57 3143/260/128 3255/261/129 3259/356/59
f 3259/356/59 3255/261/129 3367/262/130 3371/358/61
f 3371/358/61 3367/262/130 3479/263/131 3483/360/63
f 3483/360/63 3479/263/131 3591/264/132 3595/362/264
f 6/265/199 1/133/100 113/134/101 118/266/200
f 118/266/200 113/134/101 225/135/102 230/267/201
f 230/267/201 225/135/102 337/136/103 342/268/202
f 342/268/202 337/136/103 449/137/104 454/269/203
f 454/269/203 449/137/104 561/138/105 566/270/204
f 566/270/204 561/138/105 673/139/106 678/271/205
f 678/271/205 673/139/106 785/140/107 790/272/206
f 790/272/206 785/140/107 897/141/108 902/273/207
f 902/273/207 897/141/108 1009/142/109 1014/274/208
f 1014/274/208 1009/142/109 1121/143/110 1126/275/209
f 1126/275/209 1121/143/110 1233/144/111 1238/276/210
f 1238/276/210 1233/144/111 1345/145/112 1350/277/211
f 1350/277/211 1345/145/112 1457/146/113 1462/278/212
f 1462/278/212 1457/146/113 1569/147/114 1574/279/213
f 1574/279/213 1569/147/114 1681/148/115 1686/280/214
f 1686/280/214 1681/148/115 1793/149/116 1798/281/215
f 1798/281/215 1793/149/116 1905/150/117 1910/282/216
f 1910/282/216 1905/150/117 2017/151/118 2022/283/217
f 2022/283/217 2017/151/118 2129/152/119 2134/284/218
f 2134/284/218 2129/152/119 2241/153/120 2246/285/219
f 2246/285/219 2241/153/120 2353/154/121 2358/286/220
f 2358/286/220 2353/154/121 2465/155/122 2470/287/221
f 2470/287/221 2465/155/122 2577/156/123 2582/288/222
f 2582/288/222 2577/156/123 2689/157/124 2694/289/223
f 2694/289/223 2689/157/124 2801/158/125 2806/290/224
f 2806/290/224 2801/158/125 2913/159/126 2918/291/225
f 2918/291/225 2913/159/126 3025/160/127 3030/292/226
f 3030/292/226 3025/160/127 3137/161/128 3142/293/227
f 3142/293/227 3137/161/128 3249/162/129 3254/294/228
f 3254/294/228 3249/162/129 3361/163/130 3366/295/229
f 3366/295/229 3361/163/130 3473/164/131 3478/296/230
f 3478/296/230 3473/164/131 3585/165/132 3590/297/231
f 17/397/1 16/398/2 128/399/3 129/400/4
f 129/400/4 128/399/3 240/401/5 241/402/6
f 241/402/6 240/401/5 352/403/7 353/404/8
f 353/404/8 352/403/7 464/405/9 465/406/10
f 465/406/10 464/405/9 576/407/11 577/408/12
f 577/408/12 576/407/11 688/409/13 689/410/14
f 689/410/14 688/409/13 800/411/15 801/412/16
f 801/412/16 800/411/15 912/413/17 913/414/18
f 913/414/18 912/413/17 1024/415/19 1025/416/20
f 1025/416/20 1024/415/19 1136/417/21 1137/418/22
f 1137/418/22 1136/417/21 1248/419/23 1249/420/24
f 1249/420/24 1248/419/23 1360/421/25 1361/422/26
f 1361/422/26 1360/421/25 1472/423/27 1473/424/28
f 1473/424/28 1472/423/27 1584/425/29 1585/426/30
f 1585/426/30 1584/425/29 1696/427/31 1697/428/32
f 1697/428/32 1696/427/31 1808/429/33 1809/430/34
f 1809/430/34 1808/429/33 1920/431/35 1921/432/36
f 1921/432/36 1920/431/35 2032/433/37 2033/434/38
f 2033/434/38 2032/433/37 2144/435/39 2145/436/40
f 2145/436/40 2144/435/39 2256/437/41 2257/438/42
f 2257/438/42 2256/437/41 2368/439/43 2369/440/44
f 2369/440/44 2368/439/43 2480/441/45 2481/442/46
f 2481/442/46 2480/441/45 2592/443/47 2593/444/48
f 2593/444/48 2592/443/47 2704/445/49 2705/446/50
f 2705/446/50 2704/445/49 2816/447/51 2817/448/52
f 2817/448/52 2816/447/51 2928/449/53 2929/450/54
f 2929/450/54 2928/449/53 3040/451/55 3041/452/56
f 3041/452/56 3040/451/55 3152/453/57 3153/454/58
f 3153/454/58 3152/453/57 3264/455/59 3265/456/60
f 3265/456/60 3264/455/59 3376/457/61 3377/458/62
f 3377/458/62 3376/457/61 3488/459/63 3489/460/64
f 3489/460/64 3488/459/63 3600/461/65 3601/462/66
f 15/463/67 17/397/1 129/400/4 127/464/68
f 127/464/68 129/400/4 241/402/6 239/465/69
f 239/465/69 241/402/6 353/404/8 351/466/70
f 351/466/70 353/404/8 465/406/10 463/467/71
f 463/467/71 465/406/10 577/408/12 575/468/72
f 575/468/72 577/408/12 689/410/14 687/469/73
f 687/469/73 689/410/14 801/412/16 799/470/74
f 799/470/74 801/412/16 913/414/18 911/471/75
f 911/471/75 913/414/18 1025/416/20 1023/472/76
f 1023/472/76 1025/416/20 1137/418/22 1135/473/77
f 1135/473/77 1137/418/22 1249/420/24 1247/474/78
f 1247/474/78 1249/420/24 1361/422/26 1359/475/79
f 1359/475/79 1361/422/26 1473/424/28 1471/476/80
f 1471/476/80 1473/424/28 1585/426/30 1583/477/81
f 1583/477/81 1585/426/30 1697/428/32 1695/478/82
f 1695/478/82 1697/428/32 1809/430/34 1807/479/83
f 1807/479/83 1809/430/34 1921/432/36 1919/480/84
f 1919/480/84 1921/432/36 2033/434/38 2031/481/85
f 2031/481/85 2033/434/38 2145/436/40 2143/482/86
f 2143/482/86 2145/436/40 2257/438/42 2255/483/87
f 2255/483/87 2257/438/42 2369/440/44 2367/484/88
f 2367/484/88 2369/440/44 2481/442/46 2479/485/89
f 2479/485/89 2481/442/46 2593/444/48 2591/486/90
f 2591/486/90 2593/444/48 2705/446/50 2703/487/91
f 2703/487/91 2705/446/50 2817/448/52 2815/488/92
f 2815/488/92 2817/448/52 2929/450/54 2927/489/93
f 2927/489/93 2929/450/54 3041/452/56 3039/490/94
f 3039/490/94 3041/452/56 3153/454/58 3151/491/95
f 3151/491/95 3153/454/58 3265/456/60 3263/492/96
f 3263/492/96 3265/456/60 3377/458/62 3375/493/97
f 3375/493/97 3377/458/62 3489/460/64 3487/494/98
f 3487/494/98 3489/460/64 3601/462/66 3599/495/99
f 16/398/2 14/496/100 126/497/101 128/399/3
f 128/399/3 126/497/101 238/498/102 240/401/5
f 240/401/5 238/498/102 350/499/103 352/403/7
f 352/403/7 350/499/103 462/500/104 464/405/9
f 464/405/9 462/500/104 574/501/105 576/407/11
f 576/407/11 574/501/105 686/502/106 688/409/13
f 688/409/13 686/502/106 798/503/107 800/411/15
f 800/411/15 798/503/107 910/504/108 912/413/17
f 912/413/17 910/504/108 1022/505/109 1024/415/19
f 1024/415/19 1022/505/109 1134/506/110 1136/417/21
f 1136/417/21 1134/506/110 1246/507/111 1248/419/23
f 1248/419/23 1246/507/111 1358/508/112 1360/421/25
f 1360/421/25 1358/508/112 1470/509/113 1472/423/27
f 1472/423/27 1470/509/113 1582/510/114 1584/425/29
f 1584/425/29 1582/510/114 1694/511/115 1696/427/31
f 1696/427/31 1694/511/115 1806/512/116 1808/429/33
f 1808/429/33 1806/512/116 1918/513/117 1920/431/35
f 1920/431/35 1918/513/117 2030/514/118 2032/433/37
f 2032/433/37 2030/514/118 2142/515/119 2144/435/39
f 2144/435/39 2142/515/119 2254/516/120 2256/437/41
f 2256/437/41 2254/516/120 2366/517/121 2368/439/43
f 2368/439/43 2366/517/121 2478/518/122 2480/441/45
f 2480/441/45 2478/518/122 2590/519/123 2592/443/47
f 2592/443/47 2590/519/123 2702/520/124 2704/445/49
f 2704/445/49 2702/520/124 2814/521/125 2816/447/51
f 2816/447/51 2814/521/125 2926/522/126 2928/449/53
f 2928/449/53 2926/522/126 3038/523/127 3040/451/55
f 3040/451/55 3038/523/127 3150/524/128 3152/453/57
f 3152/453/57 3150/524/128 3262/525/129 3264/455/59
f 3264/455/59 3262/525/129 3374/526/130 3376/457/61
f 3376/457/61 3374/526/130 3486/527/131 3488/459/63
f 3488/459/63 3486/527/131 3598/528/132 3600/461/65
f 13/529/100 15/463/67 127/464/68 125/530/101
f 125/530/101 127/464/68 239/465/69 237/531/102
f 237/531/102 239/465/69 351/466/70 349/532/103
f 349/532/103 351/466/70 463/467/71 461/533/104
f 461/533/104 463/467/71 575/468/72 573/534/105
f 573/534/105 575/468/72 687/469/73 685/535/106
f 685/535/106 687/469/73 799/470/74 797/536/107
f 797/536/107 799/470/74 911/471/75 909/537/108
f 909/537/108 911/471/75 1023/472/76 1021/538/109
f 1021/538/109 1023/472/76 1135/473/77 1133/539/110
f 1133/539/110 1135/473/77 1247/474/78 1245/540/111
f 1245/540/111 1247/474/78 1359/475/79 1357/541/112
f 1357/541/112 1359/475/79 1471/476/80 1469/542/113
f 1469/542/113 1471/476/80 1583/477/81 1581/543/114
f 1581/543/114 1583/477/81 1695/478/82 1693/544/115
f 1693/544/115 1695/478/82 1807/479/83 1805/545/116
f 1805/545/116 1807/479/83 1919/480/84 1917/546/117
f 1917/546/117 1919/480/84 2031/481/85 2029/547/118
f 2029/547/118 2031/481/85 2143/482/86 2141/548/119
f 2141/548/119 2143/482/86 2255/483/87 2253/549/120
f 2253/549/120 2255/483/87 2367/484/88 2365/550/121
f 2365/550/121 2367/484/88 2479/485/89 2477/551/122
f 2477/551/122 2479/485/89 2591/486/90 2589/552/123
f 2589/552/123 2591/486/90 2703/487/91 2701/553/124
f 2701/553/124 2703/487/91 2815/488/92 2813/554/125
f 2813/554/125 2815/488/92 2927/489/93 2925/555/126
f 2925/555/126 2927/489/93 3039/490/94 3037/556/127
f 3037/556/127 3039/490/94 3151/491/95 3149/557/128
f 3149/557/128 3151/491/95 3263/492/96 3261/558/129
f 3261/558/129 3263/492/96 3375/493/97 3373/559/130
f 3373/559/130 3375/493/97 3487/494/98 3485/560/131
f 3485/560/131 3487/494/98 3599/495/99 3597/561/132
f 19/562/299 20/563/134 132/564/135 131/565/136
f 131/565/136 132/564/135 244/566/137 243/567/138
f 243/567/138 244/566/137 356/568/139 355/569/140
f 355/569/140 356/568/139 468/570/141 467/571/142
f 467/571/142 468/570/141 580/572/143 579/573/144
f 579/573/144 580/572/143 692/574/145 691/575/146
f 691/575/146 692/574/145 804/576/147 803/577/148
f 803/577/148 804/576/147 916/578/149 915/579/150
f 915/579/150 916/578/149 1028/580/151 1027/581/152
f 1027/581/152 1028/580/151 1140/582/153 1139/583/154
f 1139/583/154 1140/582/153 1252/584/155 1251/585/156
f 1251/585/156 1252/584/155 1364/586/157 1363/587/158
f 1363/587/158 1364/586/157 1476/588/159 1475/589/160
f 1475/589/160 1476/588/159 1588/590/161 1587/591/162
f 1587/591/162 1588/590/161 1700/592/163 1699/593/164
f 1699/593/164 1700/592/163 1812/594/165 1811/595/166
f 1811/595/166 1812/594/165 1924/596/167 1923/597/168
f 1923/597/168 1924/596/167 2036/598/169 2035/599/170
f 2035/599/170 2036/598/169 2148/600/171 2147/601/172
f 2147/601/172 2148/600/171 2260/602/173 2259/603/174
f 2259/603/174 2260/602/173 2372/604/175 2371/605/176
f 2371/605/176 2372/604/175 2484/606/177 2483/607/178
f 2483/607/178 2484/606/177 2596/608/179 2595/609/180
f 2595/609/180 2596/608/179 2708/610/181 2707/611/182
f 2707/611/182 2708/610/181 2820/612/183 2819/613/184
f 2819/613/184 2820/612/183 2932/614/185 2931/615/186
f 2931/615/186 2932/614/185 3044/616/187 3043/617/188
f 3043/617/188 3044/616/187 3156/618/189 3155/619/190
f 3155/619/190 3156/618/189 3268/620/191 3267/621/192
f 3267/621/192 3268/620/191 3380/622/193 3379/623/194
f 3379/623/194 3380/622/193 3492/624/195 3491/625/196
f 3491/625/196 3492/624/195 3604/626/197 3603/627/198
f 20/563/134 18/628/199 130/629/200 132/564/135
f 132/564/135 130/629/200 242/630/201 244/566/137
f 244/566/137 242/630/201 354/631/202 356/568/139
f 356/568/139 354/631/202 466/632/203 468/570/141
f 468/570/141 466/632/203 578/633/204 580/572/143
f 580/572/143 578/633/204 690/634/205 692/574/145
f 692/574/145 690/634/205 802/635/206 804/576/147
f 804/576/147 802/635/206 914/636/207 916/578/149
f 916/578/149 914/636/207 1026/637/208 1028/580/151
f 1028/580/151 1026/637/208 1138/638/209 1140/582/153
f 1140/582/153 1138/638/209 1250/639/210 1252/584/155
f 1252/584/155 1250/639/210 1362/640/211 1364/586/157
f 1364/586/157 1362/640/211 1474/641/212 1476/588/159
f 1476/588/159 1474/641/212 1586/642/213 1588/590/161
f 1588/590/161 1586/642/213 1698/643/214 1700/592/163
f 1700/592/163 1698/643/214 1810/644/215 1812/594/165
f 1812/594/165 1810/644/215 1922/645/216 1924/596/167
f 1924/596/167 1922/645/216 2034/646/217 2036/598/169
f 2036/598/169 2034/646/217 2146/647/218 2148/600/171
f 2148/600/171 2146/647/218 2258/648/219 2260/602/173
f 2260/602/173 2258/648/219 2370/649/220 2372/604/175
f 2372/604/175 2370/649/220 2482/650/221 2484/606/177
f 2484/606/177 2482/650/221 2594/651/222 2596/608/179
f 2596/608/179 2594/651/222 2706/652/223 2708/610/181
f 2708/610/181 2706/652/223 2818/653/224 2820/612/183
f 2820/612/183 2818/653/224 2930/654/225 2932/614/185
f 2932/614/185 2930/654/225 3042/655/226 3044/616/187
f 3044/616/187 3042/655/226 3154/656/227 3156/618/189
f 3156/618/189 3154/656/227 3266/657/228 3268/620/191
f 3268/620/191 3266/657/228 3378/658/229 3380/622/193
f 3380/622/193 3378/658/229 3490/659/230 3492/624/195
f 3492/624/195 3490/659/230 3602/660/231 3604/626/197
f 18/628/199 13/529/100 125/530/101 130/629/200
f 130/629/200 125/530/101 237/531/102 242/630/201
f 242/630/201 237/531/102 349/532/103 354/631/202
f 354/631/202 349/532/103 461/533/104 466/632/203
f 466/632/203 461/533/104 573/534/105 578/633/204
f 578/633/204 573/534/105 685/535/106 690/634/205
f 690/634/205 685/535/106 797/536/107 802/635/206
f 802/635/206 797/536/107 909/537/108 914/636/207
f 914/636/207 909/537/108 1021/538/109 1026/637/208
f 1026/637/208 1021/538/109 1133/539/110 1138/638/209
f 1138/638/209 1133/539/110 1245/540/111 1250/639/210
f 1250/639/210 1245/540/111 1357/541/112 1362/640/211
f 1362/640/211 1357/541/112 1469/542/113 1474/641/212
f 1474/641/212 1469/542/113 1581/543/114 1586/642/213
f 1586/642/213 1581/543/114 1693/544/115 1698/643/214
f 1698/643/214 1693/544/115 1805/545/116 1810/644/215
f 1810/644/215 1805/545/116 1917/546/117 1922/645/216
f 1922/645/216 1917/546/117 2029/547/118 2034/646/217
f 2034/646/217 2029/547/118 2141/548/119 2146/647/218
f 2146/647/218 2141/548/119 2253/549/120 2258/648/219
f 2258/648/219 2253/549/120 2365/550/121 2370/649/220
f 2370/649/220 2365/550/121 2477/551/122 2482/650/221
f 2482/650/221 2477/551/122 2589/552/123 2594/651/222
f 2594/651/222 2589/552/123 2701/553/124 2706/652/223
f 2706/652/223 2701/553/124 2813/554/125 2818/653/224
f 2818/653/224 2813/554/125 2925/555/126 2930/654/225
f 2930/654/225 2925/555/126 3037/556/127 3042/655/226
f 3042/655/226 3037/556/127 3149/557/128 3154/656/227
f 3154/656/227 3149/557/128 3261/558/129 3266/657/228
f 3266/657/228 3261/558/129 3373/559/130 3378/658/229
f 3378/658/229 3373/559/130 3485/560/131 3490/659/230
f 3490/659/230 3485/560/131 3597/561/132 3602/660/231
f 2/100/100 19/562/299 131/565/136 114/101/101
f 114/101/101 131/565/136 243/567/138 226/102/102
f 226/102/102 243/567/138 355/569/140 338/103/103
f 338/103/103 355/569/140 467/571/142 450/104/104
f 450/104/104 467/571/142 579/573/144 562/105/105
f 562/105/105 579/573/144 691/575/146 674/106/106
f 674/106/106 691/575/146 803/577/148 786/107/107
f 786/107/107 803/577/148 915/579/150 898/108/108
f 898/108/108 915/579/150 1027/581/152 1010/109/109
f 1010/109/109 1027/581/152 1139/583/154 1122/110/110
f 1122/110/110 1139/583/154 1251/585/156 1234/111/111
f 1234/111/111 1251/585/156 1363/587/158 1346/112/112
f 1346/112/112 1363/587/158 1475/589/160 1458/113/113
f 1458/113/113 1475/589/160 1587/591/162 1570/114/114
f 1570/114/114 1587/591/162 1699/593/164 1682/115/115
f 1682/115/115 1699/593/164 1811/595/166 1794/116/116
f 1794/116/116 1811/595/166 1923/597/168 1906/117/117
f 1906/117/117 1923/597/168 2035/599/170 2018/118/118
f 2018/118/118 2035/599/170 2147/601/172 2130/119/119
f 2130/119/119 2147/601/172 2259/603/174 2242/120/120
f 2242/120/120 2259/603/174 2371/605/176 2354/121/121
f 2354/121/121 2371/605/176 2483/607/178 2466/122/122
f 2466/122/122 2483/607/178 2595/609/180 2578/123/123
f 2578/123/123 2595/609/180 2707/611/182 2690/124/124
f 2690/124/124 2707/611/182 2819/613/184 2802/125/125
f 2802/125/125 2819/613/184 2931/615/186 2914/126/126
f 2914/126/126 2931/615/186 3043/617/188 3026/127/127
f 3026/127/127 3043/617/188 3155/619/190 3138/128/128
f 3138/128/128 3155/619/190 3267/621/192 3250/129/129
f 3250/129/129 3267/621/192 3379/623/194 3362/130/130
f 3362/130/130 3379/623/194 3491/625/196 3474/131/131
f 3474/131/131 3491/625/196 3603/627/198 3586/132/132
f 25/661/1 24/662/2 136/663/3 137/664/4
f 137/664/4 136/663/3 248/665/5 249/666/6
f 249/666/6 248/665/5 360/667/7 361/668/8
f 361/668/8 360/667/7 472/669/9 473/670/10
f 473/670/10 472/669/9 584/671/11 585/672/12
f 585/672/12 584/671/11 696/673/13 697/674/14
f 697/674/14 696/673/13 808/675/15 809/676/16
f 809/676/16 808/675/15 920/677/17 921/678/18
f 921/678/18 920/677/17 1032/679/19 1033/680/20
f 1033/680/20 1032/679/19 1144/681/21 1145/682/22
f 1145/682/22 1144/681/21 1256/683/23 1257/684/24
f 1257/684/24 1256/683/23 1368/685/25 1369/686/26
f 1369/686/26 1368/685/25 1480/687/27 1481/688/28
f 1481/688/28 1480/687/27 1592/689/29 1593/690/30
f 1593/690/30 1592/689/29 1704/691/31 1705/692/32
f 1705/692/32 1704/691/31 1816/693/33 1817/694/34
f 1817/694/34 1816/693/33 1928/695/35 1929/696/36
f 1929/696/36 1928/695/35 2040/697/37 2041/698/38
f 2041/698/38 2040/697/37 2152/699/39 2153/700/40
f 2153/700/40 2152/699/39 2264/701/41 2265/702/42
f 2265/702/42 2264/701/41 2376/703/43 2377/704/44
f 2377/704/44 2376/703/43 2488/705/45 2489/706/46
f 2489/706/46 2488/705/45 2600/707/47 2601/708/48
f 2601/708/48 2600/707/47 2712/709/49 2713/710/50
f 2713/710/50 2712/709/49 2824/711/51 2825/712/52
f 2825/712/52 2824/711/51 2936/713/53 2937/714/54
f 2937/714/54 2936/713/53 3048/715/55 3049/716/56
f 3049/716/56 3048/715/55 3160/717/57 3161/718/58
f 3161/718/58 3160/717/57 3272/719/59 3273/720/60
f 3273/720/60 3272/719/59 3384/721/61 3385/722/62
f 3385/722/62 3384/721/61 3496/723/63 3497/724/64
f 3497/724/64 3496/723/63 3608/725/65 3609/726/66
f 23/727/67 25/661/1 137/664/4 135/728/68
f 135/728/68 137/664/4 249/666/6 247/729/69
f 247/729/69 249/666/6 361/668/8 359/730/70
f 359/730/70 361/668/8 473/670/10 471/731/71
f 471/731/71 473/670/10 585/672/12 583/732/72
f 583/732/72 585/672/12 697/674/14 695/733/73
f 695/733/73 697/674/14 809/676/16 807/734/74
f 807/734/74 809/676/16 921/678/18 919/735/75
f 919/735/75 921/678/18 1033/680/20 1031/736/76
f 1031/736/76 1033/680/20 1145/682/22 1143/737/77
f 1143/737/77 1145/682/22 1257/684/24 1255/738/78
f 1255/738/78 1257/684/24 1369/686/26 1367/739/79
f 1367/739/79 1369/686/26 1481/688/28 1479/740/80
f 1479/740/80 1481/688/28 1593/690/30 1591/741/81
f 1591/741/81 1593/690/30 1705/692/32 1703/742/82
f 1703/742/82 1705/692/32 1817/694/34 1815/743/83
f 1815/743/83 1817/694/34 1929/696/36 1927/744/84
f 1927/744/84 1929/696/36 2041/698/38 2039/745/85
f 2039/745/85 2041/698/38 2153/700/40 2151/746/86
f 2151/746/86 2153/700/40 2265/702/42 2263/747/87
f 2263/747/87 2265/702/42 2377/704/44 2375/748/88
f 2375/748/88 2377/704/44 2489/706/46 2487/749/89
f 2487/749/89 2489/706/46 2601/708/48 2599/750/90
f 2599/750/90 2601/708/48 2713/710/50 2711/751/91
f 2711/751/91 2713/710/50 2825/712/52 2823/752/92
f 2823/752/92 2825/712/52 2937/714/54 2935/753/93
f 2935/753/93 2937/714/54 3049/716/56 3047/754/94
f 3047/754/94 3049/716/56 3161/718/58 3159/755/95
f 3159/755/95 3161/718/58 3273/720/60 3271/756/96
f 3271/756/96 3273/720/60 3385/722/62 3383/757/97
f 3383/757/97 3385/722/62 3497/724/64 3495/758/98
f 3495/758/98 3497/724/64 3609/726/66 3607/759/99
f 24/662/2 22/760/100 134/761/101 136/663/3
f 136/663/3 134/761/101 246/762/102 248/665/5
f 248/665/5 246/762/102 358/763/103 360/667/7
f 360/667/7 358/763/103 470/764/104 472/669/9
f 472/669/9 470/764/104 582/765/105 584/671/11
f 584/671/11 582/765/105 694/766/106 696/673/13
f 696/673/13 694/766/106 806/767/107 808/675/15
f 808/675/15 806/767/107 918/768/108 920/677/17
f 920/677/17 918/768/108 1030/769/109 1032/679/19
f 1032/679/19 1030/769/109 1142/770/110 1144/681/21
f 1144/681/21 1142/770/110 1254/771/111 1256/683/23
f 1256/683/23 1254/771/111 1366/772/112 1368/685/25
f 1368/685/25 1366/772/112 1478/773/113 1480/687/27
f 1480/687/27 1478/773/113 1590/774/114 1592/689/29
f 1592/689/29 1590/774/114 1702/775/115 1704/691/31
f 1704/691/31 1702/775/115 1814/776/116 1816/693/33
f 1816/693/33 1814/776/116 1926/777/117 1928/695/35
f 1928/695/35 1926/777/117 2038/778/118 2040/697/37
f 2040/697/37 2038/778/118 2150/779/119 2152/699/39
f 2152/699/39 2150/779/119 2262/780/120 2264/701/41
f 2264/701/41 2262/780/120 2374/781/121 2376/703/43
f 2376/703/43 2374/781/121 2486/782/122 2488/705/45
f 2488/705/45 2486/782/122 2598/783/123 2600/707/47
f 2600/707/47 2598/783/123 2710/784/124 2712/709/49
f 2712/709/49 2710/784/124 2822/785/125 2824/711/51
f 2824/711/51 2822/785/125 2934/786/126 2936/713/53
f 2936/713/53 2934/786/126 3046/787/127 3048/715/55
f 3048/715/55 3046/787/127 3158/788/128 3160/717/57
f 3160/717/57 3158/788/128 3270/789/129 3272/719/59
f 3272/719/59 3270/789/129 3382/790/130 3384/721/61
f 3384/721/61 3382/790/130 3494/791/131 3496/723/63
f 3496/723/63 3494/791/131 3606/792/132 3608/725/65
f 21/793/100 23/727/67 135/728/68 133/794/101
f 133/794/101 135/728/68 247/729/69 245/795/102
f 245/795/102 247/729/69 359/730/70 357/796/103
f 357/796/103 359/730/70 471/731/71 469/797/104
f 469/797/104 471/731/71 583/732/72 581/798/105
f 581/798/105 583/732/72 695/733/73 693/799/106
f 693/799/106 695/733/73 807/734/74 805/800/107
f 805/800/107 807/734/74 919/735/75 917/801/108
f 917/801/108 919/735/75 1031/736/76 1029/802/109
f 1029/802/109 1031/736/76 1143/737/77 1141/803/110
f 1141/803/110 1143/737/77 1255/738/78 1253/804/111
f 1253/804/111 1255/738/78 1367/739/79 1365/805/112
f 1365/805/112 1367/739/79 1479/740/80 1477/806/113
f 1477/806/113 1479/740/80 1591/741/81 1589/807/114
f 1589/807/114 1591/741/81 1703/742/82 1701/808/115
f 1701/808/115 1703/742/82 1815/743/83 1813/809/116
f 1813/809/116 1815/743/83 1927/744/84 1925/810/117
f 1925/810/117 1927/744/84 2039/745/85 2037/811/118
f 2037/811/118 2039/745/85 2151/746/86 2149/812/119
f 2149/812/119 2151/746/86 2263/747/87 2261/813/120
f 2261/813/120 2263/747/87 2375/748/88 2373/814/121
f 2373/814/121 2375/748/88 2487/749/89 2485/815/122
f 2485/815/122 2487/749/89 2599/750/90 2597/816/123
f 2597/816/123 2599/750/90 2711/751/91 2709/817/124
f 2709/817/124 2711/751/91 2823/752/92 2821/818/125
f 2821/818/125 2823/752/92 2935/753/93 2933/819/126
f 2933/819/126 2935/753/93 3047/754/94 3045/820/127
f 3045/820/127 3047/754/94 3159/755/95 3157/821/128
f 3157/821/128 3159/755/95 3271/756/96 3269/822/129
f 3269/822/129 3271/756/96 3383/757/97 3381/823/130
f 3381/823/130 3383/757/97 3495/758/98 3493/824/131
f 3493/824/131 3495/758/98 3607/759/99 3605/825/132
f 27/826/299 28/827/134 140/828/135 139/829/136
f 139/829/136 140/828/135 252/830/137 251/831/138
f 251/831/138 252/830/137 364/832/139 363/833/140
f 363/833/140 364/832/139 476/834/141 475/835/142
f 475/835/142 476/834/141 588/836/143 587/837/144
f 587/837/144 588/836/143 700/838/145 699/839/146
f 699/839/146 700/838/145 812/840/147 811/841/148
f 811/841/148 812/840/147 924/842/149 923/843/150
f 923/843/150 924/842/149 1036/844/151 1035/845/152
f 1035/845/152 1036/844/151 1148/846/153 1147/847/154
f 1147/847/154 1148/846/153 1260/848/155 1259/849/156
f 1259/849/156 1260/848/155 1372/850/157 1371/851/158
f 1371/851/158 1372/850/157 1484/852/159 1483/853/160
f 1483/853/160 1484/852/159 1596/854/161 1595/855/162
f 1595/855/162 1596/854/161 1708/856/163 1707/857/164
f 1707/857/164 1708/856/163 1820/858/165 1819/859/166
f 1819/859/166 1820/858/165 1932/860/167 1931/861/168
f 1931/861/168 1932/860/167 2044/862/169 2043/863/170
f 2043/863/170 2044/862/169 2156/864/171 2155/865/172
f 2155/865/172 2156/864/171 2268/866/173 2267/867/174
f 2267/867/174 2268/866/173 2380/868/175 2379/869/176
f 2379/869/176 2380/868/175 2492/870/177 2491/871/178
f 2491/871/178 2492/870/177 2604/872/179 2603/873/180
f 2603/873/180 2604/872/179 2716/874/181 2715/875/182
f 2715/875/182 2716/874/181 2828/876/183 2827/877/184
f 2827/877/184 2828/876/183 2940/878/185 2939/879/186
f 2939/879/186 2940/878/185 3052/880/187 3051/881/188
f 3051/881/188 3052/880/187 3164/882/189 3163/883/190
f 3163/883/190 3164/882/189 3276/884/191 3275/885/192
f 3275/885/192 3276/884/191 3388/886/193 3387/887/194
f 3387/887/194 3388/886/193 3500/888/195 3499/889/196
f 3499/889/196 3500/888/195 3612/890/197 3611/891/198
f 28/827/134 26/892/199 138/893/200 140/828/135
f 140/828/135 138/893/200 250/894/201 252/830/137
f 252/830/137 250/894/201 362/895/202 364/832/139
f 364/832/139 362/895/202 474/896/203 476/834/141
f 476/834/141 474/896/203 586/897/204 588/836/143
f 588/836/143 586/897/204 698/898/205 700/838/145
f 700/838/145 698/898/205 810/899/206 812/840/147
f 812/840/147 810/899/206 922/900/207 924/842/149
f 924/842/149 922/900/207 1034/901/208 1036/844/151
f 1036/844/151 1034/901/208 1146/902/209 1148/846/153
f 1148/846/153 1146/902/209 1258/903/210 1260/848/155
f 1260/848/155 1258/903/210 1370/904/211 1372/850/157
f 1372/850/157 1370/904/211 1482/905/212 1484/852/159
f 1484/852/159 1482/905/212 1594/906/213 1596/854/161
f 1596/854/161 1594/906/213 1706/907/214 1708/856/163
f 1708/856/163 1706/907/214 1818/908/215 1820/858/165
f 1820/858/165 1818/908/215 1930/909/216 1932/860/167
f 1932/860/167 1930/909/216 2042/910/217 2044/862/169
f 2044/862/169 2042/910/217 2154/911/218 2156/864/171
f 2156/864/171 2154/911/218 2266/912/219 2268/866/173
f 2268/866/173 2266/912/219 2378/913/220 2380/868/175
f 2380/868/175 2378/913/220 2490/914/221 2492/870/177
f 2492/870/177 2490/914/221 2602/915/222 2604/872/179
f 2604/872/179 2602/915/222 2714/916/223 2716/874/181
f 2716/874/181 2714/916/223 2826/917/224 2828/876/183
f 2828/876/183 2826/917/224 2938/918/225 2940/878/185
f 2940/878/185 2938/918/225 3050/919/226 3052/880/187
f 3052/880/187 3050/919/226 3162/920/227 3164/882/189
f 3164/882/189 3162/920/227 3274/921/228 3276/884/191
f 3276/884/191 3274/921/228 3386/922/229 3388/886/193
f 3388/886/193 3386/922/229 3498/923/230 3500/888/195
f 3500/888/195 3498/923/230 3610/924/231 3612/890/197
f 26/892/199 21/793/100 133/794/101 138/893/200
f 138/893/200 133/794/101 245/795/102 250/894/201
f 250/894/201 245/795/102 357/796/103 362/895/202
f 362/895/202 357/796/103 469/797/104 474/896/203
f 474/896/203 469/797/104 581/798/105 586/897/204
f 586/897/204 581/798/105 693/799/106 698/898/205
f 698/898/205 693/799/106 805/800/107 810/899/206
f 810/899/206 805/800/107 917/801/108 922/900/207
f 922/900/207 917/801/108 1029/802/109 1034/901/208
f 1034/901/208 1029/802/109 1141/803/110 1146/902/209
f 1146/902/209 1141/803/110 1253/804/111 1258/903/210
f 1258/903/210 1253/804/111 1365/805/112 1370/904/211
f 1370/904/211 1365/805/112 1477/806/113 1482/905/212
f 1482/905/212 1477/806/113 1589/807/114 1594/906/213
f 1594/906/213 1589/807/114 1701/808/115 1706/907/214
f 1706/907/214 1701/808/115 1813/809/116 1818/908/215
f 1818/908/215 1813/809/116 1925/810/117 1930/909/216
f 1930/909/216 1925/810/117 2037/811/118 2042/910/217
f 2042/910/217 2037/811/118 2149/812/119 2154/911/218
f 2154/911/218 2149/812/119 2261/813/120 2266/912/219
f 2266/912/219 2261/813/120 2373/814/121 2378/913/220
f 2378/913/220 2373/814/121 2485/815/122 2490/914/221
f 2490/914/221 2485/815/122 2597/816/123 2602/915/222
f 2602/915/222 2597/816/123 2709/817/124 2714/916/223
f 2714/916/223 2709/817/124 2821/818/125 2826/917/224
f 2826/917/224 2821/818/125 2933/819/126 2938/918/225
f 2938/918/225 2933/819/126 3045/820/127 3050/919/226
f 3050/919/226 3045/820/127 3157/821/128 3162/920/227
f 3162/920/227 3157/821/128 3269/822/129 3274/921/228
f 3274/921/228 3269/822/129 3381/823/130 3386/922/229
f 3386/922/229 3381/823/130 3493/824/131 3498/923/230
f 3498/923/230 3493/824/131 3605/825/132 3610/924/231
f 33/925/1 32/926/2 144/927/3 145/928/4
f 145/928/4 144/927/3 256/929/5 257/930/6
f 257/930/6 256/929/5 368/931/7 369/932/8
f 369/932/8 368/931/7 480/933/9 481/934/10
f 481/934/10 480/933/9 592/935/11 593/936/12
f 593/936/12 592/935/11 704/937/13 705/938/14
f 705/938/14 704/937/13 816/939/15 817/940/16
f 817/940/16 816/939/15 928/941/17 929/942/18
f 929/942/18 928/941/17 1040/943/19 1041/944/20
f 1041/944/20 1040/943/19 1152/945/21 1153/946/22
f 1153/946/22 1152/945/21 1264/947/23 1265/948/24
f 1265/948/24 1264/947/23 1376/949/25 1377/950/26
f 1377/950/26 1376/949/25 1488/951/27 1489/952/28
f 1489/952/28 1488/951/27 1600/953/29 1601/954/30
f 1601/954/30 1600/953/29 1712/955/31 1713/956/32
f 1713/956/32 1712/955/31 1824/957/33 1825/958/34
f 1825/958/34 1824/957/33 1936/959/35 1937/960/36
f 1937/960/36 1936/959/35 2048/961/37 2049/962/38
f 2049/962/38 2048/961/37 2160/963/39 2161/964/40
f 2161/964/40 2160/963/39 2272/965/41 2273/966/42
f 2273/966/42 2272/965/41 2384/967/43 2385/968/44
f 2385/968/44 2384/967/43 2496/969/45 2497/970/46
f 2497/970/46 2496/969/45 2608/971/47 2609/972/48
f 2609/972/48 2608/971/47 2720/973/49 2721/974/50
f 2721/974/50 2720/973/49 2832/975/51 2833/976/52
f 2833/976/52 2832/975/51 2944/977/53 2945/978/54
f 2945/978/54 2944/977/53 3056/979/55 3057/980/56
f 3057/980/56 3056/979/55 3168/981/57 3169/982/58
f 3169/982/58 3168/981/57 3280/983/59 3281/984/60
f 3281/984/60 3280/983/59 3392/985/61 3393/986/62
f 3393/986/62 3392/985/61 3504/987/63 3505/988/64
f 3505/988/64 3504/987/63 3616/989/65 3617/990/66
f 31/991/67 33/925/1 145/928/4 143/992/68
f 143/992/68 145/928/4 257/930/6 255/993/69
f 255/993/69 257/930/6 369/932/8 367/994/70
f 367/994/70 369/932/8 481/934/10 479/995/71
f 479/995/71 481/934/10 593/936/12 591/996/72
f 591/996/72 593/936/12 705/938/14 703/997/73
f 703/997/73 705/938/14 817/940/16 815/998/74
f 815/998/74 817/940/16 929/942/18 927/999/75
f 927/999/75 929/942/18 1041/944/20 1039/1000/76
f 1039/1000/76 1041/944/20 1153/946/22 1151/1001/77
f 1151/1001/77 1153/946/22 1265/948/24 1263/1002/78
f 1263/1002/78 1265/948/24 1377/950/26 1375/1003/79
f 1375/1003/79 1377/950/26 1489/952/28 1487/1004/80
f 1487/1004/80 1489/952/28 1601/954/30 1599/1005/81
f 1599/1005/81 1601/954/30 1713/956/32 1711/1006/82
f 1711/1006/82 1713/956/32 1825/958/34 1823/1007/83
f 1823/1007/83 1825/958/34 1937/960/36 1935/1008/84
f 1935/1008/84 1937/960/36 2049/962/38 2047/1009/85
f 2047/1009/85 2049/962/38 2161/964/40 2159/1010/86
f 2159/1010/86 2161/964/40 2273/966/42 2271/1011/87
f 2271/1011/87 2273/966/42 2385/968/44 2383/1012/88
f 2383/1012/88 2385/968/44 2497/970/46 2495/1013/89
f 2495/1013/89 2497/970/46 2609/972/48 2607/1014/90
f 2607/1014/90 2609/972/48 2721/974/50 2719/1015/91
f 2719/1015/91 2721/974/50 2833/976/52 2831/1016/92
f 2831/1016/92 2833/976/52 2945/978/54 2943/1017/93
f 2943/1017/93 2945/978/54 3057/980/56 3055/1018/94
f 3055/1018/94 3057/980/56 3169/982/58 3167/1019/95
f 3167/1019/95 3169/982/58 3281/984/60 3279/1020/96
f 3279/1020/96 3281/984/60 3393/986/62 3391/1021/97
f 3391/1021/97 3393/986/62 3505/988/64 3503/1022/98
f 3503/1022/98 3505/988/64 3617/990/66 3615/1023/99
f 32/926/2 30/1024/100 142/1025/101 144/927/3
f 144/927/3 142/1025/101 254/1026/102 256/929/5
f 256/929/5 254/1026/102 366/1027/103 368/931/7
f 368/931/7 366/1027/103 478/1028/104 480/933/9
f 480/933/9 478/1028/104 590/1029/105 592/935/11
f 592/935/11 590/1029/105 702/1030/106 704/937/13
f 704/937/13 702/1030/106 814/1031/107 816/939/15
f 816/939/15 814/1031/107 926/1032/108 928/941/17
f 928/941/17 926/1032/108 1038/1033/109 1040/943/19
f 1040/943/19 1038/1033/109 1150/1034/110 1152/945/21
f 1152/945/21 1150/1034/110 1262/1035/111 1264/947/23
f 1264/947/23 1262/1035/111 1374/1036/112 1376/949/25
f 1376/949/25 1374/1036/112 1486/1037/113 1488/951/27
f 1488/951/27 1486/1037/113 1598/1038/114 1600/953/29
f 1600/953/29 1598/1038/114 1710/1039/115 1712/955/31
f 1712/955/31 1710/1039/115 1822/1040/116 1824/957/33
f 1824/957/33 1822/1040/116 1934/1041/117 1936/959/35
f 1936/959/35 1934/1041/117 2046/1042/118 2048/961/37
f 2048/961/37 2046/1042/118 2158/1043/119 2160/963/39
f 2160/963/39 2158/1043/119 2270/1044/120 2272/965/41
f 2272/965/41 2270/1044/120 2382/1045/121 2384/967/43
f 2384/967/43 2382/1045/121 2494/1046/122 2496/969/45
f 2496/969/45 2494/1046/122 2606/1047/123 2608/971/47
f 2608/971/47 2606/1047/123 2718/1048/124 2720/973/49
f 2720/973/49 2718/1048/124 2830/1049/125 2832/975/51
f 2832/975/51 2830/1049/125 2942/1050/126 2944/977/53
f 2944/977/53 2942/1050/126 3054/1051/127 3056/979/55
f 3056/979/55 3054/1051/127 3166/1052/128 3168/981/57
f 3168/981/57 3166/1052/128 3278/1053/129 3280/983/59
f 3280/983/59 3278/1053/129 3390/1054/130 3392/985/61
f 3392/985/61 3390/1054/130 3502/1055/131 3504/987/63
f 3504/987/63 3502/1055/131 3614/1056/132 3616/989/65
f 29/1057/100 31/991/67 143/992/68 141/1058/101
f 141/1058/101 143/992/68 255/993/69 253/1059/102
f 253/1059/102 255/993/69 367/994/70 365/1060/103
f 365/1060/103 367/994/70 479/995/71 477/1061/104
f 477/1061/104 479/995/71 591/996/72 589/1062/105
f 589/1062/105 591/996/72 703/997/73 701/1063/106
f 701/1063/106 703/997/73 815/998/74 813/1064/107
f 813/1064/107 815/998/74 927/999/75 925/1065/108
f 925/1065/108 927/999/75 1039/1000/76 1037/1066/109
f 1037/1066/109 1039/1000/76 1151/1001/77 1149/1067/110
f 1149/1067/110 1151/1001/77 1263/1002/78 1261/1068/111
f 1261/1068/111 1263/1002/78 1375/1003/79 1373/1069/112
f 1373/1069/112 1375/1003/79 1487/1004/80 1485/1070/113
f 1485/1070/113 1487/1004/80 1599/1005/81 1597/1071/114
f 1597/1071/114 1599/1005/81 1711/1006/82 1709/1072/115
f 1709/1072/115 1711/1006/82 1823/1007/83 1821/1073/116
f 1821/1073/116 1823/1007/83 1935/1008/84 1933/1074/117
f 1933/1074/117 1935/1008/84 2047/1009/85 2045/1075/118
f 2045/1075/118 2047/1009/85 2159/1010/86 2157/1076/119
f 2157/1076/119 2159/1010/86 2271/1011/87 2269/1077/120
f 2269/1077/120 2271/1011/87 2383/1012/88 2381/1078/121
f 2381/1078/121 2383/1012/88 2495/1013/89 2493/1079/122
f 2493/1079/122 2495/1013/89 2607/1014/90 2605/1080/123
f 2605/1080/123 2607/1014/90 2719/1015/91 2717/1081/124
f 2717/1081/124 2719/1015/91 2831/1016/92 2829/1082/125
f 2829/1082/125 2831/1016/92 2943/1017/93 2941/1083/126
f 2941/1083/126 2943/1017/93 3055/1018/94 3053/1084/127
f 3053/1084/127 3055/1018/94 3167/1019/95 3165/1085/128
f 3165/1085/128 3167/1019/95 3279/1020/96 3277/1086/129
f 3277/1086/129 3279/1020/96 3391/1021/97 3389/1087/130
f 3389/1087/130 3391/1021/97 3503/1022/98 3501/1088/131
f 3501/1088/131 3503/1022/98 3615/1023/99 3613/1089/132
f 35/1090/299 36/1091/134 148/1092/135 147/1093/136
f 147/1093/136 148/1092/135 260/1094/137 259/1095/138
f 259/1095/138 260/1094/137 372/1096/139 371/1097/140
f 371/1097/140 372/1096/139 484/1098/141 483/1099/142
f 483/1099/142 484/1098/141 596/1100/143 595/1101/144
f 595/1101/144 596/1100/143 708/1102/145 707/1103/146
f 707/1103/146 708/1102/145 820/1104/147 819/1105/148
f 819/1105/148 820/1104/147 932/1106/149 931/1107/150
f 931/1107/150 932/1106/149 1044/1108/151 1043/1109/152
f 1043/1109/152 1044/1108/151 1156/1110/153 1155/1111/154
f 1155/1111/154 1156/1110/153 1268/1112/155 1267/1113/156
f 1267/1113/156 1268/1112/155 1380/1114/157 1379/1115/158
f 1379/1115/158 1380/1114/157 1492/1116/159 1491/1117/160
f 1491/1117/160 1492/1116/159 1604/1118/161 1603/1119/162
f 1603/1119/162 1604/1118/161 1716/1120/163 1715/1121/164
f 1715/1121/164 1716/1120/163 1828/1122/165 1827/1123/166
f 1827/1123/166 1828/1122/165 1940/1124/167 1939/1125/168
f 1939/1125/168 1940/1124/167 2052/1126/169 2051/1127/170
f 2051/1127/170 2052/1126/169 2164/1128/171 2163/1129/172
f 2163/1129/172 2164/1128/171 2276/1130/173 2275/1131/174
f 2275/1131/174 2276/1130/173 2388/1132/175 2387/1133/176
f 2387/1133/176 2388/1132/175 2500/1134/177 2499/1135/178
f 2499/1135/178 2500/1134/177 2612/1136/179 2611/1137/180
f 2611/1137/180 2612/1136/179 2724/1138/181 2723/1139/182
f 2723/1139/182 2724/1138/181 2836/1140/183 2835/1141/184
f 2835/1141/184 2836/1140/183 2948/1142/185 2947/1143/186
f 2947/1143/186 2948/1142/185 3060/1144/187 3059/1145/188
f 3059/1145/188 3060/1144/187 3172/1146/189 3171/1147/190
f 3171/1147/190 3172/1146/189 3284/1148/191 3283/1149/192
f 3283/1149/192 3284/1148/191 3396/1150/193 3395/1151/194
f 3395/1151/194 3396/1150/193 3508/1152/195 3507/1153/196
f 3507/1153/196 3508/1152/195 3620/1154/197 3619/1155/198
f 36/1091/134 34/1156/199 146/1157/200 148/1092/135
f 148/1092/135 146/1157/200 258/1158/201 260/1094/137
f 260/1094/137 258/1158/201 370/1159/202 372/1096/139
f 372/1096/139 370/1159/202 482/1160/203 484/1098/141
f 484/1098/141 482/1160/203 594/1161/204 596/1100/143
f 596/1100/143 594/1161/204 706/1162/205 708/1102/145
f 708/1102/145 706/1162/205 818/1163/206 820/1104/147
f 820/1104/147 818/1163/206 930/1164/207 932/1106/149
f 932/1106/149 930/1164/207 1042/1165/208 1044/1108/151
f 1044/1108/151 1042/1165/208 1154/1166/209 1156/1110/153
f 1156/1110/153 1154/1166/209 1266/1167/210 1268/1112/155
f 1268/1112/155 1266/1167/210 1378/1168/211 1380/1114/157
f 1380/1114/157 1378/1168/211 1490/1169/212 1492/1116/159
f 1492/1116/159 1490/1169/212 1602/1170/213 1604/1118/161
f 1604/1118/161 1602/1170/213 1714/1171/214 1716/1120/163
f 1716/1120/163 1714/1171/214 1826/1172/215 1828/1122/165
f 1828/1122/165 1826/1172/215 1938/1173/216 1940/1124/167
f 1940/1124/167 1938/1173/216 2050/1174/217 2052/1126/169
f 2052/1126/169 2050/1174/217 2162/1175/218 2164/1128/171
f 2164/1128/171 2162/1175/218 2274/1176/219 2276/1130/173
f 2276/1130/173 2274/1176/219 2386/1177/220 2388/1132/175
f 2388/1132/175 2386/1177/220 2498/1178/221 2500/1134/177
f 2500/1134/177 2498/1178/221 2610/1179/222 2612/1136/179
f 2612/1136/179 2610/1179/222 2722/1180/223 2724/1138/181
f 2724/1138/181 2722/1180/223 2834/1181/224 2836/1140/183
f 2836/1140/183 2834/1181/224 2946/1182/225 2948/1142/185
f 2948/1142/185 2946/1182/225 3058/1183/226 3060/1144/187
f 3060/1144/187 3058/1183/226 3170/1184/227 3172/1146/189
f 3172/1146/189 3170/1184/227 3282/1185/228 3284/1148/191
f 3284/1148/191 3282/1185/228 3394/1186/229 3396/1150/193
f 3396/1150/193 3394/1186/229 3506/1187/230 3508/1152/195
f 3508/1152/195 3506/1187/230 3618/1188/231 3620/1154/197
f 34/1156/199 29/1057/100 141/1058/101 146/1157/200
f 146/1157/200 141/1058/101 253/1059/102 258/1158/201
f 258/1158/201 253/1059/102 365/1060/103 370/1159/202
f 370/1159/202 365/1060/103 477/1061/104 482/1160/203
f 482/1160/203 477/1061/104 589/1062/105 594/1161/204
f 594/1161/204 589/1062/105 701/1063/106 706/1162/205
f 706/1162/205 701/1063/106 813/1064/107 818/1163/206
f 818/1163/206 813/1064/107 925/1065/108 930/1164/207
f 930/1164/207 925/1065/108 1037/1066/109 1042/1165/208
f 1042/1165/208 1037/1066/109 1149/1067/110 1154/1166/209
f 1154/1166/209 1149/1067/110 1261/1068/111 1266/1167/210
f 1266/1167/210 1261/1068/111 1373/1069/112 1378/1168/211
f 1378/1168/211 1373/1069/112 1485/1070/113 1490/1169/212
f 1490/1169/212 1485/1070/113 1597/1071/114 1602/1170/213
f 1602/1170/213 1597/1071/114 1709/1072/115 1714/1171/214
f 1714/1171/214 1709/1072/115 1821/1073/116 1826/1172/215
f 1826/1172/215 1821/1073/116 1933/1074/117 1938/1173/216
f 1938/1173/216 1933/1074/117 2045/1075/118 2050/1174/217
f 2050/1174/217 2045/1075/118 2157/1076/119 2162/1175/218
f 2162/1175/218 2157/1076/119 2269/1077/120 2274/1176/219
f 2274/1176/219 2269/1077/120 2381/1078/121 2386/1177/220
f 2386/1177/220 2381/1078/121 2493/1079/122 2498/1178/221
f 2498/1178/221 2493/1079/122 2605/1080/123 2610/1179/222
f 2610/1179/222 2605/1080/123 2717/1081/124 2722/1180/223
f 2722/1180/223 2717/1081/124 2829/1082/125 2834/1181/224
f 2834/1181/224 2829/1082/125 2941/1083/126 2946/1182/225
f 2946/1182/225 2941/1083/126 3053/1084/127 3058/1183/226
f 3058/1183/226 3053/1084/127 3165/1085/128 3170/1184/227
f 3170/1184/227 3165/1085/128 3277/1086/129 3282/1185/228
f 3282/1185/228 3277/1086/129 3389/1087/130 3394/1186/229
f 3394/1186/229 3389/1087/130 3501/1088/131 3506/1187/230
f 3506/1187/230 3501/1088/131 3613/1089/132 3618/1188/231
f 22/760/100 35/1090/299 147/1093/136 134/761/101
f 134/761/101 147/1093/136 259/1095/138 246/762/102
f 246/762/102 259/1095/138 371/1097/140 358/763/103
f 358/763/103 371/1097/140 483/1099/142 470/764/104
f 470/764/104 483/1099/142 595/1101/144 582/765/105
f 582/765/105 595/1101/144 707/1103/146 694/766/106
f 694/766/106 707/1103/146 819/1105/148 806/767/107
f 806/767/107 819/1105/148 931/1107/150 918/768/108
f 918/768/108 931/1107/150 1043/1109/152 1030/769/109
f 1030/769/109 1043/1109/152 1155/1111/154 1142/770/110
f 1142/770/110 1155/1111/154 1267/1113/156 1254/771/111
f 1254/771/111 1267/1113/156 1379/1115/158 1366/772/112
f 1366/772/112 1379/1115/158 1491/1117/160 1478/773/113
f 1478/773/113 1491/1117/160 1603/1119/162 1590/774/114
f 1590/774/114 1603/1119/162 1715/1121/164 1702/775/115
f 1702/775/115 1715/1121/164 1827/1123/166 1814/776/116
f 1814/776/116 1827/1123/166 1939/1125/168 1926/777/117
f 1926/777/117 1939/1125/168 2051/1127/170 2038/778/118
f 2038/778/118 2051/1127/170 2163/1129/172 2150/779/119
f 2150/779/119 2163/1129/172 2275/1131/174 2262/780/120
f 2262/780/120 2275/1131/174 2387/1133/176 2374/781/121
f 2374/781/121 2387/1133/176 2499/1135/178 2486/782/122
f 2486/782/122 2499/1135/178 2611/1137/180 2598/783/123
f 2598/783/123 2611/1137/180 2723/1139/182 2710/784/124
f 2710/784/124 2723/1139/182 2835/1141/184 2822/785/125
f 2822/785/125 2835/1141/184 2947/1143/186 2934/786/126
f 2934/786/126 2947/1143/186 3059/1145/188 3046/787/127
f 3046/787/127 3059/1145/188 3171/1147/190 3158/788/128
f 3158/788/128 3171/1147/190 3283/1149/192 3270/789/129
f 3270/789/129 3283/1149/192 3395/1151/194 3382/790/130
f 3382/790/130 3395/1151/194 3507/1153/196 3494/791/131
f 3494/791/131 3507/1153/196 3619/1155/198 3606/792/132
f 41/1189/1 40/1190/2 152/1191/3 153/1192/4
f 153/1192/4 152/1191/3 264/1193/5 265/1194/6
f 265/1194/6 264/1193/5 376/1195/7 377/1196/8
f 377/1196/8 376/1195/7 488/1197/9 489/1198/10
f 489/1198/10 488/1197/9 600/1199/11 601/1200/12
f 601/1200/12 600/1199/11 712/1201/13 713/1202/14
f 713/1202/14 712/1201/13 824/1203/15 825/1204/16
f 825/1204/16 824/1203/15 936/1205/17 937/1206/18
f 937/1206/18 936/1205/17 1048/1207/19 1049/1208/20
f 1049/1208/20 1048/1207/19 1160/1209/21 1161/1210/22
f 1161/1210/22 1160/1209/21 1272/1211/23 1273/1212/24
f 1273/1212/24 1272/1211/23 1384/1213/25 1385/1214/26
f 1385/1214/26 1384/1213/25 1496/1215/27 1497/1216/28
f 1497/1216/28 1496/1215/27 1608/1217/29 1609/1218/30
f 1609/1218/30 1608/1217/29 1720/1219/31 1721/1220/32
f 1721/1220/32 1720/1219/31 1832/1221/33 1833/1222/34
f 1833/1222/34 1832/1221/33 1944/1223/35 1945/1224/36
f 1945/1224/36 1944/1223/35 2056/1225/37 2057/1226/38
f 2057/1226/38 2056/1225/37 2168/1227/39 2169/1228/40
f 2169/1228/40 2168/1227/39 2280/1229/41 2281/1230/42
f 2281/1230/42 2280/1229/41 2392/1231/43 2393/1232/44
f 2393/1232/44 2392/1231/43 2504/1233/45 2505/1234/46
f 2505/1234/46 2504/1233/45 2616/1235/47 2617/1236/48
f 2617/1236/48 2616/1235/47 2728/1237/49 2729/1238/50
f 2729/1238/50 2728/1237/49 2840/1239/51 2841/1240/52
f 2841/1240/52 2840/1239/51 2952/1241/53 2953/1242/54
f 2953/1242/54 2952/1241/53 3064/1243/55 3065/1244/56
f 3065/1244/56 3064/1243/55 3176/1245/57 3177/1246/58
f 3177/1246/58 3176/1245/57 3288/1247/59 3289/1248/60
f 3289/1248/60 3288/1247/59 3400/1249/61 3401/1250/62
f 3401/1250/62 3400/1249/61 3512/1251/63 3513/1252/64
f 3513/1252/64 3512/1251/63 3624/1253/65 3625/1254/66
f 39/1255/67 41/1189/1 153/1192/4 151/1256/68
f 151/1256/68 153/1192/4 265/1194/6 263/1257/69
f 263/1257/69 265/1194/6 377/1196/8 375/1258/70
f 375/1258/70 377/1196/8 489/1198/10 487/1259/71
f 487/1259/71 489/1198/10 601/1200/12 599/1260/72
f 599/1260/72 601/1200/12 713/1202/14 711/1261/73
f 711/1261/73 713/1202/14 825/1204/16 823/1262/74
f 823/1262/74 825/1204/16 937/1206/18 935/1263/75
f 935/1263/75 937/1206/18 1049/1208/20 1047/1264/76
f 1047/1264/76 1049/1208/20 1161/1210/22 1159/1265/77
f 1159/1265/77 1161/1210/22 1273/1212/24 1271/1266/78
f 1271/1266/78 1273/1212/24 1385/1214/26 1383/1267/79
f 1383/1267/79 1385/1214/26 1497/1216/28 1495/1268/80
f 1495/1268/80 1497/1216/28 1609/1218/30 1607/1269/81
f 1607/1269/81 1609/1218/30 1721/1220/32 1719/1270/82
f 1719/1270/82 1721/1220/32 1833/1222/34 1831/1271/83
f 1831/1271/83 1833/1222/34 1945/1224/36 1943/1272/84
f 1943/1272/84 1945/1224/36 2057/1226/38 2055/1273/85
f 2055/1273/85 2057/1226/38 2169/1228/40 2167/1274/86
f 2167/1274/86 2169/1228/40 2281/1230/42 2279/1275/87
f 2279/1275/87 2281/1230/42 2393/1232/44 2391/1276/88
f 2391/1276/88 2393/1232/44 2505/1234/46 2503/1277/89
f 2503/1277/89 2505/1234/46 2617/1236/48 2615/1278/90
f 2615/1278/90 2617/1236/48 2729/1238/50 2727/1279/91
f 2727/1279/91 2729/1238/50 2841/1240/52 2839/1280/92
f 2839/1280/92 2841/1240/52 2953/1242/54 2951/1281/93
f 2951/1281/93 2953/1242/54 3065/1244/56 3063/1282/94
f 3063/1282/94 3065/1244/56 3177/1246/58 3175/1283/95
f 3175/1283/95 3177/1246/58 3289/1248/60 3287/1284/96
f 3287/1284/96 3289/1248/60 3401/1250/62 3399/1285/97
f 3399/1285/97 3401/1250/62 3513/1252/64 3511/1286/98
f 3511/1286/98 3513/1252/64 3625/1254/66 3623/1287/99
f 40/1190/2 38/1288/100 150/1289/101 152/1191/3
f 152/1191/3 150/1289/101 262/1290/102 264/1193/5
f 264/1193/5 262/1290/102 374/1291/103 376/1195/7
f 376/1195/7 374/1291/103 486/1292/104 488/1197/9
f 488/1197/9 486/1292/104 598/1293/105 600/1199/11
f 600/1199/11 598/1293/105 710/1294/106 712/1201/13
f 712/1201/13 710/1294/106 822/1295/107 824/1203/15
f 824/1203/15 822/1295/107 934/1296/108 936/1205/17
f 936/1205/17 934/1296/108 1046/1297/109 1048/1207/19
f 1048/1207/19 1046/1297/109 1158/1298/110 1160/1209/21
f 1160/1209/21 1158/1298/110 1270/1299/111 1272/1211/23
f 1272/1211/23 1270/1299/111 1382/1300/112 1384/1213/25
f 1384/1213/25 1382/1300/112 1494/1301/113 1496/1215/27
f 1496/1215/27 1494/1301/113 1606/1302/114 1608/1217/29
f 1608/1217/29 1606/1302/114 1718/1303/115 1720/1219/31
f 1720/1219/31 1718/1303/115 1830/1304/116 1832/1221/33
f 1832/1221/33 1830/1304/116 1942/1305/117 1944/1223/35
f 1944/1223/35 1942/1305/117 2054/1306/118 2056/1225/37
f 2056/1225/37 2054/1306/118 2166/1307/119 2168/1227/39
f 2168/1227/39 2166/1307/119 2278/1308/120 2280/1229/41
f 2280/1229/41 2278/1308/120 2390/1309/121 2392/1231/43
f 2392/1231/43 2390/1309/121 2502/1310/122 2504/1233/45
f 2504/1233/45 2502/1310/122 2614/1311/123 2616/1235/47
f 2616/1235/47 2614/1311/123 2726/1312/124 2728/1237/49
f 2728/1237/49 2726/1312/124 2838/1313/125 2840/1239/51
f 2840/1239/51 2838/1313/125 2950/1314/126 2952/1241/53
f 2952/1241/53 2950/1314/126 3062/1315/127 3064/1243/55
f 3064/1243/55 3062/1315/127 3174/1316/128 3176/1245/57
f 3176/1245/57 3174/1316/128 3286/1317/129 3288/1247/59
f 3288/1247/59 3286/1317/129 3398/1318/130 3400/1249/61
f 3400/1249/61 3398/1318/130 3510/1319/131 3512/1251/63
f 3512/1251/63 3510/1319/131 3622/1320/132 3624/1253/65
f 37/1321/100 39/1255/67 151/1256/68 149/1322/101
f 149/1322/101 151/1256/68 263/1257/69 261/1323/102
f 261/1323/102 263/1257/69 375/1258/70 373/1324/103
f 373/1324/103 375/1258/70 487/1259/71 485/1325/104
f 485/1325/104 487/1259/71 599/1260/72 597/1326/105
f 597/1326/105 599/1260/72 711/1261/73 709/1327/106
f 709/1327/106 711/1261/73 823/1262/74 821/1328/107
f 821/1328/107 823/1262/74 935/1263/75 933/1329/108
f 933/1329/108 935/1263/75 1047/1264/76 1045/1330/109
f 1045/1330/109 1047/1264/76 1159/1265/77 1157/1331/110
f 1157/1331/110 1159/1265/77 1271/1266/78 1269/1332/111
f 1269/1332/111 1271/1266/78 1383/1267/79 1381/1333/112
f 1381/1333/112 1383/1267/79 1495/1268/80 1493/1334/113
f 1493/1334/113 1495/1268/80 1607/1269/81 1605/1335/114
f 1605/1335/114 1607/1269/81 1719/1270/82 1717/1336/115
f 1717/1336/115 1719/1270/82 1831/1271/83 1829/1337/116
f 1829/1337/116 1831/1271/83 1943/1272/84 1941/1338/117
f 1941/1338/117 1943/1272/84 2055/1273/85 2053/1339/118
f 2053/1339/118 2055/1273/85 2167/1274/86 2165/1340/119
f 2165/1340/119 2167/1274/86 2279/1275/87 2277/1341/120
f 2277/1341/120 2279/1275/87 2391/1276/88 2389/1342/121
f 2389/1342/121 2391/1276/88 2503/1277/89 2501/1343/122
f 2501/1343/122 2503/1277/89 2615/1278/90 2613/1344/123
f 2613/1344/123 2615/1278/90 2727/1279/91 2725/1345/124
f 2725/1345/124 2727/1279/91 2839/1280/92 2837/1346/125
f 2837/1346/125 2839/1280/92 2951/1281/93 2949/1347/126
f 2949/1347/126 2951/1281/93 3063/1282/94 3061/1348/127
f 3061/1348/127 3063/1282/94 3175/1283/95 3173/1349/128
f 3173/1349/128 3175/1283/95 3287/1284/96 3285/1350/129
f 3285/1350/129 3287/1284/96 3399/1285/97 3397/1351/130
f 3397/1351/130 3399/1285/97 3511/1286/98 3509/1352/131
f 3509/1352/131 3511/1286/98 3623/1287/99 3621/1353/132
f 43/1354/299 44/1355/134 156/1356/135 155/1357/136
f 155/1357/136 156/1356/135 268/1358/137 267/1359/138
f 267/1359/138 268/1358/137 380/1360/139 379/1361/140
f 379/1361/140 380/1360/139 492/1362/141 491/1363/142
f 491/1363/142 492/1362/141 604/1364/143 603/1365/144
f 603/1365/144 604/1364/143 716/1366/145 715/1367/146
f 715/1367/146 716/1366/145 828/1368/147 827/1369/148
f 827/1369/148 828/1368/147 940/1370/149 939/1371/150
f 939/1371/150 940/1370/149 1052/1372/151 1051/1373/152
f 1051/1373/152 1052/1372/151 1164/1374/153 1163/1375/154
f 1163/1375/154 1164/1374/153 1276/1376/155 1275/1377/156
f 1275/1377/156 1276/1376/155 1388/1378/157 1387/1379/158
f 1387/1379/158 1388/1378/157 1500/1380/159 1499/1381/160
f 1499/1381/160 1500/1380/159 1612/1382/161 1611/1383/162
f 1611/1383/162 1612/1382/161 1724/1384/163 1723/1385/164
f 1723/1385/164 1724/1384/163 1836/1386/165 1835/1387/166
f 1835/1387/166 1836/1386/165 1948/1388/167 1947/1389/168
f 1947/1389/168 1948/1388/167 2060/1390/169 2059/1391/170
f 2059/1391/170 2060/1390/169 2172/1392/171 2171/1393/172
f 2171/1393/172 2172/1392/171 2284/1394/173 2283/1395/174
f 2283/1395/174 2284/1394/173 2396/1396/175 2395/1397/176
f 2395/1397/176 2396/1396/175 2508/1398/177 2507/1399/178
f 2507/1399/178 2508/1398/177 2620/1400/179 2619/1401/180
f 2619/1401/180 2620/1400/179 2732/1402/181 2731/1403/182
f 2731/1403/182 2732/1402/181 2844/1404/183 2843/1405/184
f 2843/1405/184 2844/1404/183 2956/1406/185 2955/1407/186
f 2955/1407/186 2956/1406/185 3068/1408/187 3067/1409/188
f 3067/1409/188 3068/1408/187 3180/1410/189 3179/1411/190
f 3179/1411/190 3180/1410/189 3292/1412/191 3291/1413/192
f 3291/1413/192 3292/1412/191 3404/1414/193 3403/1415/194
f 3403/1415/194 3404/1414/193 3516/1416/195 3515/1417/196
f 3515/1417/196 3516/1416/195 3628/1418/197 3627/1419/198
f 44/1355/134 42/1420/199 154/1421/200 156/1356/135
f 156/1356/135 154/1421/200 266/1422/201 268/1358/137
f 268/1358/137 266/1422/201 378/1423/202 380/1360/139
f 380/1360/139 378/1423/202 490/1424/203 492/1362/141
f 492/1362/141 490/1424/203 602/1425/204 604/1364/143
f 604/1364/143 602/1425/204 714/1426/205 716/1366/145
f 716/1366/145 714/1426/205 826/1427/206 828/1368/147
f 828/1368/147 826/1427/206 938/1428/207 940/1370/149
f 940/1370/149 938/1428/207 1050/1429/208 1052/1372/151
f 1052/1372/151 1050/1429/208 1162/1430/209 1164/1374/153
f 1164/1374/153 1162/1430/209 1274/1431/210 1276/1376/155
f 1276/1376/155 1274/1431/210 1386/1432/211 1388/1378/157
f 1388/1378/157 1386/1432/211 1498/1433/212 1500/1380/159
f 1500/1380/159 1498/1433/212 1610/1434/213 1612/1382/161
f 1612/1382/161 1610/1434/213 1722/1435/214 1724/1384/163
f 1724/1384/163 1722/1435/214 1834/1436/215 1836/1386/165
f 1836/1386/165 1834/1436/215 1946/1437/216 1948/1388/167
f 1948/1388/167 1946/1437/216 2058/1438/217 2060/1390/169
f 2060/1390/169 2058/1438/217 2170/1439/218 2172/1392/171
f 2172/1392/171 2170/1439/218 2282/1440/219 2284/1394/173
f 2284/1394/173 2282/1440/219 2394/1441/220 2396/1396/175
f 2396/1396/175 2394/1441/220 2506/1442/221 2508/1398/177
f 2508/1398/177 2506/1442/221 2618/1443/222 2620/1400/179
f 2620/1400/179 2618/1443/222 2730/1444/223 2732/1402/181
f 2732/1402/181 2730/1444/223 2842/1445/224 2844/1404/183
f 2844/1404/183 2842/1445/224 2954/1446/225 2956/1406/185
f 2956/1406/185 2954/1446/225 3066/1447/226 3068/1408/187
f 3068/1408/187 3066/1447/226 3178/1448/227 3180/1410/189
f 3180/1410/189 3178/1448/227 3290/1449/228 3292/1412/191
f 3292/1412/191 3290/1449/228 3402/1450/229 3404/1414/193
f 3404/1414/193 3402/1450/229 3514/1451/230 3516/1416/195
f 3516/1416/195 3514/1451/230 3626/1452/231 3628/1418/197
f 42/1420/199 37/1321/100 149/1322/101 154/1421/200
f 154/1421/200 149/1322/101 261/1323/102 266/1422/201
f 266/1422/201 261/1323/102 373/1324/103 378/1423/202
f 378/1423/202 373/1324/103 485/1325/104 490/1424/203
f 490/1424/203 485/1325/104 597/1326/105 602/1425/204
f 602/1425/204 597/1326/105 709/1327/106 714/1426/205
f 714/1426/205 709/1327/106 821/1328/107 826/1427/206
f 826/1427/206 821/1328/107 933/1329/108 938/1428/207
f 938/1428/207 933/1329/108 1045/1330/109 1050/1429/208
f 1050/1429/208 1045/1330/109 1157/1331/110 1162/1430/209
f 1162/1430/209 1157/1331/110 1269/1332/111 1274/1431/210
f 1274/1431/210 1269/1332/111 1381/1333/112 1386/1432/211
f 1386/1432/211 1381/1333/112 1493/1334/113 1498/1433/212
f 1498/1433/212 1493/1334/113 1605/1335/114 1610/1434/213
f 1610/1434/213 1605/1335/114 1717/1336/115 1722/1435/214
f 1722/1435/214 1717/1336/115 1829/1337/116 1834/1436/215
f 1834/1436/215 1829/1337/116 1941/1338/117 1946/1437/216
f 1946/1437/216 1941/1338/117 2053/1339/118 2058/1438/217
f 2058/1438/217 2053/1339/118 2165/1340/119 2170/1439/218
f 2170/1439/218 2165/1340/119 2277/1341/120 2282/1440/219
f 2282/1440/219 2277/1341/120 2389/1342/121 2394/1441/220
f 2394/1441/220 2389/1342/121 2501/1343/122 2506/1442/221
f 2506/1442/221 2501/1343/122 2613/1344/123 2618/1443/222
f 2618/1443/222 2613/1344/123 2725/1345/124 2730/1444/223
f 2730/1444/223 2725/1345/124 2837/1346/125 2842/1445/224
f 2842/1445/224 2837/1346/125 2949/1347/126 2954/1446/225
f 2954/1446/225 2949/1347/126 3061/1348/127 3066/1447/226
f 3066/1447/226 3061/1348/127 3173/1349/128 3178/1448/227
f 3178/1448/227 3173/1349/128 3285/1350/129 3290/1449/228
f 3290/1449/228 3285/1350/129 3397/1351/130 3402/1450/229
f 3402/1450/229 3397/1351/130 3509/1352/131 3514/1451/230
f 3514/1451/230 3509/1352/131 3621/1353/132 3626/1452/231
f 49/1453/1 48/1454/2 159/1455/3 160/1456/4
f 160/1456/4 159/1455/3 272/1457/5 273/1458/6
f 273/1458/6 272/1457/5 383/1459/7 384/1460/8
f 384/1460/8 383/1459/7 495/1461/9 496/1462/10
f 496/1462/10 495/1461/9 608/1463/11 609/1464/12
f 609/1464/12 608/1463/11 720/1465/13 721/1466/14
f 721/1466/14 720/1465/13 831/1467/15 832/1468/16
f 832/1468/16 831/1467/15 944/1469/17 945/1470/18
f 945/1470/18 944/1469/17 1055/1471/19 1056/1472/20
f 1056/1472/20 1055/1471/19 1168/1473/21 1169/1474/22
f 1169/1474/22 1168/1473/21 1280/1475/23 1281/1476/24
f 1281/1476/24 1280/1475/23 1391/1477/25 1392/1478/26
f 1392/1478/26 1391/1477/25 1503/1479/27 1504/1480/28
f 1504/1480/28 1503/1479/27 1615/1481/29 1616/1482/30
f 1616/1482/30 1615/1481/29 1727/1483/31 1728/1484/32
f 1728/1484/32 1727/1483/31 1839/1485/33 1840/1486/34
f 1840/1486/34 1839/1485/33 1952/1487/35 1953/1488/36
f 1953/1488/36 1952/1487/35 2064/1489/37 2065/1490/38
f 2065/1490/38 2064/1489/37 2176/1491/39 2177/1492/40
f 2177/1492/40 2176/1491/39 2287/1493/41 2288/1494/42
f 2288/1494/42 2287/1493/41 2400/1495/43 2401/1496/44
f 2401/1496/44 2400/1495/43 2512/1497/45 2513/1498/46
f 2513/1498/46 2512/1497/45 2624/1499/47 2625/1500/48
f 2625/1500/48 2624/1499/47 2735/1501/49 2736/1502/50
f 2736/1502/50 2735/1501/49 2847/1503/51 2848/1504/52
f 2848/1504/52 2847/1503/51 2959/1505/53 2960/1506/54
f 2960/1506/54 2959/1505/53 3072/1507/55 3073/1508/56
f 3073/1508/56 3072/1507/55 3184/1509/57 3185/1510/58
f 3185/1510/58 3184/1509/57 3296/1511/59 3297/1512/60
f 3297/1512/60 3296/1511/59 3408/1513/61 3409/1514/62
f 3409/1514/62 3408/1513/61 3520/1515/63 3521/1516/64
f 3521/1516/64 3520/1515/63 3631/1517/65 3632/1518/66
f 47/1519/67 49/1453/1 160/1456/4 158/1520/68
f 158/1520/68 160/1456/4 273/1458/6 271/1521/69
f 271/1521/69 273/1458/6 384/1460/8 382/1522/70
f 382/1522/70 384/1460/8 496/1462/10 494/1523/71
f 494/1523/71 496/1462/10 609/1464/12 607/1524/72
f 607/1524/72 609/1464/12 721/1466/14 719/1525/73
f 719/1525/73 721/1466/14 832/1468/16 830/1526/74
f 830/1526/74 832/1468/16 945/1470/18 943/1527/75
f 943/1527/75 945/1470/18 1056/1472/20 1054/1528/76
f 1054/1528/76 1056/1472/20 1169/1474/22 1167/1529/77
f 1167/1529/77 1169/1474/22 1281/1476/24 1279/1530/78
f 1279/1530/78 1281/1476/24 1392/1478/26 1390/1531/79
f 1390/1531/79 1392/1478/26 1504/1480/28 1502/1532/80
f 1502/1532/80 1504/1480/28 1616/1482/30 1614/1533/81
f 1614/1533/81 1616/1482/30 1728/1484/32 1726/1534/82
f 1726/1534/82 1728/1484/32 1840/1486/34 1838/1535/83
f 1838/1535/83 1840/1486/34 1953/1488/36 1951/1536/84
f 1951/1536/84 1953/1488/36 2065/1490/38 2063/1537/85
f 2063/1537/85 2065/1490/38 2177/1492/40 2175/1538/86
f 2175/1538/86 2177/1492/40 2288/1494/42 2286/1539/87
f 2286/1539/87 2288/1494/42 2401/1496/44 2399/1540/88
f 2399/1540/88 2401/1496/44 2513/1498/46 2511/1541/89
f 2511/1541/89 2513/1498/46 2625/1500/48 2623/1542/90
f 2623/1542/90 2625/1500/48 2736/1502/50 2734/1543/91
f 2734/1543/91 2736/1502/50 2848/1504/52 2846/1544/92
f 2846/1544/92 2848/1504/52 2960/1506/54 2958/1545/93
f 2958/1545/93 2960/1506/54 3073/1508/56 3071/1546/94
f 3071/1546/94 3073/1508/56 3185/1510/58 3183/1547/95
f 3183/1547/95 3185/1510/58 3297/1512/60 3295/1548/96
f 3295/1548/96 3297/1512/60 3409/1514/62 3407/1549/97
f 3407/1549/97 3409/1514/62 3521/1516/64 3519/1550/98
f 3519/1550/98 3521/1516/64 3632/1518/66 3630/1551/99
f 48/1454/2 46/1552/100 170/1553/101 159/1455/3
f 159/1455/3 170/1553/101 270/1554/102 272/1457/5
f 272/1457/5 270/1554/102 394/1555/103 383/1459/7
f 383/1459/7 394/1555/103 506/1556/104 495/1461/9
f 495/1461/9 506/1556/104 606/1557/105 608/1463/11
f 608/1463/11 606/1557/105 718/1558/106 720/1465/13
f 720/1465/13 718/1558/106 842/1559/107 831/1467/15
f 831/1467/15 842/1559/107 942/1560/108 944/1469/17
f 944/1469/17 942/1560/108 1066/1561/109 1055/1471/19
f 1055/1471/19 1066/1561/109 1166/1562/110 1168/1473/21
f 1168/1473/21 1166/1562/110 1278/1563/111 1280/1475/23
f 1280/1475/23 1278/1563/111 1402/1564/112 1391/1477/25
f 1391/1477/25 1402/1564/112 1514/1565/113 1503/1479/27
f 1503/1479/27 1514/1565/113 1626/1566/114 1615/1481/29
f 1615/1481/29 1626/1566/114 1738/1567/115 1727/1483/31
f 1727/1483/31 1738/1567/115 1850/1568/116 1839/1485/33
f 1839/1485/33 1850/1568/116 1950/1569/117 1952/1487/35
f 1952/1487/35 1950/1569/117 2062/1570/118 2064/1489/37
f 2064/1489/37 2062/1570/118 2174/1571/119 2176/1491/39
f 2176/1491/39 2174/1571/119 2298/1572/120 2287/1493/41
f 2287/1493/41 2298/1572/120 2398/1573/121 2400/1495/43
f 2400/1495/43 2398/1573/121 2510/1574/122 2512/1497/45
f 2512/1497/45 2510/1574/122 2622/1575/123 2624/1499/47
f 2624/1499/47 2622/1575/123 2746/1576/124 2735/1501/49
f 2735/1501/49 2746/1576/124 2858/1577/125 2847/1503/51
f 2847/1503/51 2858/1577/125 2970/1578/126 2959/1505/53
f 2959/1505/53 2970/1578/126 3070/1579/127 3072/1507/55
f 3072/1507/55 3070/1579/127 3182/1580/128 3184/1509/57
f 3184/1509/57 3182/1580/128 3294/1581/129 3296/1511/59
f 3296/1511/59 3294/1581/129 3406/1582/130 3408/1513/61
f 3408/1513/61 3406/1582/130 3518/1583/131 3520/1515/63
f 3520/1515/63 3518/1583/131 3642/1584/132 3631/1517/65
f 45/1585/100 47/1519/67 158/1520/68 157/1586/101
f 157/1586/101 158/1520/68 271/1521/69 269/1587/102
f 269/1587/102 271/1521/69 382/1522/70 381/1588/103
f 381/1588/103 382/1522/70 494/1523/71 493/1589/104
f 493/1589/104 494/1523/71 607/1524/72 605/1590/105
f 605/1590/105 607/1524/72 719/1525/73 717/1591/106
f 717/1591/106 719/1525/73 830/1526/74 829/1592/107
f 829/1592/107 830/1526/74 943/1527/75 941/1593/108
f 941/1593/108 943/1527/75 1054/1528/76 1053/1594/109
f 1053/1594/109 1054/1528/76 1167/1529/77 1165/1595/110
f 1165/1595/110 1167/1529/77 1279/1530/78 1277/1596/111
f 1277/1596/111 1279/1530/78 1390/1531/79 1389/1597/112
f 1389/1597/112 1390/1531/79 1502/1532/80 1501/1598/113
f 1501/1598/113 1502/1532/80 1614/1533/81 1613/1599/114
f 1613/1599/114 1614/1533/81 1726/1534/82 1725/1600/115
f 1725/1600/115 1726/1534/82 1838/1535/83 1837/1601/116
f 1837/1601/116 1838/1535/83 1951/1536/84 1949/1602/117
f 1949/1602/117 1951/1536/84 2063/1537/85 2061/1603/118
f 2061/1603/118 2063/1537/85 2175/1538/86 2173/1604/119
f 2173/1604/119 2175/1538/86 2286/1539/87 2285/1605/120
f 2285/1605/120 2286/1539/87 2399/1540/88 2397/1606/121
f 2397/1606/121 2399/1540/88 2511/1541/89 2509/1607/122
f 2509/1607/122 2511/1541/89 2623/1542/90 2621/1608/123
f 2621/1608/123 2623/1542/90 2734/1543/91 2733/1609/124
f 2733/1609/124 2734/1543/91 2846/1544/92 2845/1610/125
f 2845/1610/125 2846/1544/92 2958/1545/93 2957/1611/126
f 2957/1611/126 2958/1545/93 3071/1546/94 3069/1612/127
f 3069/1612/127 3071/1546/94 3183/1547/95 3181/1613/128
f 3181/1613/128 3183/1547/95 3295/1548/96 3293/1614/129
f 3293/1614/129 3295/1548/96 3407/1549/97 3405/1615/130
f 3405/1615/130 3407/1549/97 3519/1550/98 3517/1616/131
f 3517/1616/131 3519/1550/98 3630/1551/99 3629/1617/132
f 51/1618/299 52/1619/134 163/1620/135 162/1621/136
f 162/1621/136 163/1620/135 276/1622/137 275/1623/138
f 275/1623/138 276/1622/137 387/1624/139 386/1625/140
f 386/1625/140 387/1624/139 499/1626/141 498/1627/142
f 498/1627/142 499/1626/141 612/1628/143 611/1629/144
f 611/1629/144 612/1628/143 724/1630/145 723/1631/146
f 723/1631/146 724/1630/145 835/1632/147 834/1633/148
f 834/1633/148 835/1632/147 948/1634/149 947/1635/150
f 947/1635/150 948/1634/149 1059/1636/151 1058/1637/152
f 1058/1637/152 1059/1636/151 1172/1638/153 1171/1639/154
f 1171/1639/154 1172/1638/153 1284/1640/155 1283/1641/156
f 1283/1641/156 1284/1640/155 1395/1642/157 1394/1643/158
f 1394/1643/158 1395/1642/157 1507/1644/159 1506/1645/160
f 1506/1645/160 1507/1644/159 1619/1646/161 1618/1647/162
f 1618/1647/162 1619/1646/161 1731/1648/163 1730/1649/164
f 1730/1649/164 1731/1648/163 1843/1650/165 1842/1651/166
f 1842/1651/166 1843/1650/165 1956/1652/167 1955/1653/168
f 1955/1653/168 1956/1652/167 2068/1654/169 2067/1655/170
f 2067/1655/170 2068/1654/169 2180/1656/171 2179/1657/172
f 2179/1657/172 2180/1656/171 2291/1658/173 2290/1659/174
f 2290/1659/174 2291/1658/173 2404/1660/175 2403/1661/176
f 2403/1661/176 2404/1660/175 2516/1662/177 2515/1663/178
f 2515/1663/178 2516/1662/177 2628/1664/179 2627/1665/180
f 2627/1665/180 2628/1664/179 2739/1666/181 2738/1667/182
f 2738/1667/182 2739/1666/181 2851/1668/183 2850/1669/184
f 2850/1669/184 2851/1668/183 2963/1670/185 2962/1671/186
f 2962/1671/186 2963/1670/185 3076/1672/187 3075/1673/188
f 3075/1673/188 3076/1672/187 3188/1674/189 3187/1675/190
f 3187/1675/190 3188/1674/189 3300/1676/191 3299/1677/192
f 3299/1677/192 3300/1676/191 3412/1678/193 3411/1679/194
f 3411/1679/194 3412/1678/193 3524/1680/195 3523/1681/196
f 3523/1681/196 3524/1680/195 3635/1682/197 3634/1683/198
f 52/1619/134 50/1684/199 161/1685/200 163/1620/135
f 163/1620/135 161/1685/200 274/1686/201 276/1622/137
f 276/1622/137 274/1686/201 385/1687/202 387/1624/139
f 387/1624/139 385/1687/202 497/1688/203 499/1626/141
f 499/1626/141 497/1688/203 610/1689/204 612/1628/143
f 612/1628/143 610/1689/204 722/1690/205 724/1630/145
f 724/1630/145 722/1690/205 833/1691/206 835/1632/147
f 835/1632/147 833/1691/206 946/1692/207 948/1634/149
f 948/1634/149 946/1692/207 1057/1693/208 1059/1636/151
f 1059/1636/151 1057/1693/208 1170/1694/209 1172/1638/153
f 1172/1638/153 1170/1694/209 1282/1695/210 1284/1640/155
f 1284/1640/155 1282/1695/210 1393/1696/211 1395/1642/157
f 1395/1642/157 1393/1696/211 1505/1697/212 1507/1644/159
f 1507/1644/159 1505/1697/212 1617/1698/213 1619/1646/161
f 1619/1646/161 1617/1698/213 1729/1699/214 1731/1648/163
f 1731/1648/163 1729/1699/214 1841/1700/215 1843/1650/165
f 1843/1650/165 1841/1700/215 1954/1701/216 1956/1652/167
f 1956/1652/167 1954/1701/216 2066/1702/217 2068/1654/169
f 2068/1654/169 2066/1702/217 2178/1703/218 2180/1656/171
f 2180/1656/171 2178/1703/218 2289/1704/219 2291/1658/173
f 2291/1658/173 2289/1704/219 2402/1705/220 2404/1660/175
f 2404/1660/175 2402/1705/220 2514/1706/221 2516/1662/177
f 2516/1662/177 2514/1706/221 2626/1707/222 2628/1664/179
f 2628/1664/179 2626/1707/222 2737/1708/223 2739/1666/181
f 2739/1666/181 2737/1708/223 2849/1709/224 2851/1668/183
f 2851/1668/183 2849/1709/224 2961/1710/225 2963/1670/185
f 2963/1670/185 2961/1710/225 3074/1711/226 3076/1672/187
f 3076/1672/187 3074/1711/226 3186/1712/227 3188/1674/189
f 3188/1674/189 3186/1712/227 3298/1713/228 3300/1676/191
f 3300/1676/191 3298/1713/228 3410/1714/229 3412/1678/193
f 3412/1678/193 3410/1714/229 3522/1715/230 3524/1680/195
f 3524/1680/195 3522/1715/230 3633/1716/231 3635/1682/197
f 50/1684/199 45/1585/100 157/1586/101 161/1685/200
f 161/1685/200 157/1586/101 269/1587/102 274/1686/201
f 274/1686/201 269/1587/102 381/1588/103 385/1687/202
f 385/1687/202 381/1588/103 493/1589/104 497/1688/203
f 497/1688/203 493/1589/104 605/1590/105 610/1689/204
f 610/1689/204 605/1590/105 717/1591/106 722/1690/205
f 722/1690/205 717/1591/106 829/1592/107 833/1691/206
f 833/1691/206 829/1592/107 941/1593/108 946/1692/207
f 946/1692/207 941/1593/108 1053/1594/109 1057/1693/208
f 1057/1693/208 1053/1594/109 1165/1595/110 1170/1694/209
f 1170/1694/209 1165/1595/110 1277/1596/111 1282/1695/210
f 1282/1695/210 1277/1596/111 1389/1597/112 1393/1696/211
f 1393/1696/211 1389/1597/112 1501/1598/113 1505/1697/212
f 1505/1697/212 1501/1598/113 1613/1599/114 1617/1698/213
f 1617/1698/213 1613/1599/114 1725/1600/115 1729/1699/214
f 1729/1699/214 1725/1600/115 1837/1601/116 1841/1700/215
f 1841/1700/215 1837/1601/116 1949/1602/117 1954/1701/216
f 1954/1701/216 1949/1602/117 2061/1603/118 2066/1702/217
f 2066/1702/217 2061/1603/118 2173/1604/119 2178/1703/218
f 2178/1703/218 2173/1604/119 2285/1605/120 2289/1704/219
f 2289/1704/219 2285/1605/120 2397/1606/121 2402/1705/220
f 2402/1705/220 2397/1606/121 2509/1607/122 2514/1706/221
f 2514/1706/221 2509/1607/122 2621/1608/123 2626/1707/222
f 2626/1707/222 2621/1608/123 2733/1609/124 2737/1708/223
f 2737/1708/223 2733/1609/124 2845/1610/125 2849/1709/224
f 2849/1709/224 2845/1610/125 2957/1611/126 2961/1710/225
f 2961/1710/225 2957/1611/126 3069/1612/127 3074/1711/226
f 3074/1711/226 3069/1612/127 3181/1613/128 3186/1712/227
f 3186/1712/227 3181/1613/128 3293/1614/129 3298/1713/228
f 3298/1713/228 3293/1614/129 3405/1615/130 3410/1714/229
f 3410/1714/229 3405/1615/130 3517/1616/131 3522/1715/230
f 3522/1715/230 3517/1616/131 3629/1617/132 3633/1716/231
f 38/1288/100 51/1618/299 162/1621/136 150/1289/101
f 150/1289/101 162/1621/136 275/1623/138 262/1290/102
f 262/1290/102 275/1623/138 386/1625/140 374/1291/103
f 374/1291/103 386/1625/140 498/1627/142 486/1292/104
f 486/1292/104 498/1627/142 611/1629/144 598/1293/105
f 598/1293/105 611/1629/144 723/1631/146 710/1294/106
f 710/1294/106 723/1631/146 834/1633/148 822/1295/107
f 822/1295/107 834/1633/148 947/1635/150 934/1296/108
f 934/1296/108 947/1635/150 1058/1637/152 1046/1297/109
f 1046/1297/109 1058/1637/152 1171/1639/154 1158/1298/110
f 1158/1298/110 1171/1639/154 1283/1641/156 1270/1299/111
f 1270/1299/111 1283/1641/156 1394/1643/158 1382/1300/112
f 1382/1300/112 1394/1643/158 1506/1645/160 1494/1301/113
f 1494/1301/113 1506/1645/160 1618/1647/162 1606/1302/114
f 1606/1302/114 1618/1647/162 1730/1649/164 1718/1303/115
f 1718/1303/115 1730/1649/164 1842/1651/166 1830/1304/116
f 1830/1304/116 1842/1651/166 1955/1653/168 1942/1305/117
f 1942/1305/117 1955/1653/168 2067/1655/170 2054/1306/118
f 2054/1306/118 2067/1655/170 2179/1657/172 2166/1307/119
f 2166/1307/119 2179/1657/172 2290/1659/174 2278/1308/120
f 2278/1308/120 2290/1659/174 2403/1661/176 2390/1309/121
f 2390/1309/121 2403/1661/176 2515/1663/178 2502/1310/122
f 2502/1310/122 2515/1663/178 2627/1665/180 2614/1311/123
f 2614/1311/123 2627/1665/180 2738/1667/182 2726/1312/124
f 2726/1312/124 2738/1667/182 2850/1669/184 2838/1313/125
f 2838/1313/125 2850/1669/184 2962/1671/186 2950/1314/126
f 2950/1314/126 2962/1671/186 3075/1673/188 3062/1315/127
f 3062/1315/127 3075/1673/188 3187/1675/190 3174/1316/128
f 3174/1316/128 3187/1675/190 3299/1677/192 3286/1317/129
f 3286/1317/129 3299/1677/192 3411/1679/194 3398/1318/130
f 3398/1318/130 3411/1679/194 3523/1681/196 3510/1319/131
f 3510/1319/131 3523/1681/196 3634/1683/198 3622/1320/132
f 57/1717/1 56/1718/2 167/1719/3 168/1720/4
f 168/1720/4 167/1719/3 280/1721/5 281/1722/6
f 281/1722/6 280/1721/5 391/1723/7 392/1724/8
f 392/1724/8 391/1723/7 503/1725/9 504/1726/10
f 504/1726/10 503/1725/9 616/1727/11 617/1728/12
f 617/1728/12 616/1727/11 728/1729/13 729/1730/14
f 729/1730/14 728/1729/13 839/1731/15 840/1732/16
f 840/1732/16 839/1731/15 952/1733/17 953/1734/18
f 953/1734/18 952/1733/17 1063/1735/19 1064/1736/20
f 1064/1736/20 1063/1735/19 1176/1737/21 1177/1738/22
f 1177/1738/22 1176/1737/21 1288/1739/23 1289/1740/24
f 1289/1740/24 1288/1739/23 1399/1741/25 1400/1742/26
f 1400/1742/26 1399/1741/25 1511/1743/27 1512/1744/28
f 1512/1744/28 1511/1743/27 1623/1745/29 1624/1746/30
f 1624/1746/30 1623/1745/29 1735/1747/31 1736/1748/32
f 1736/1748/32 1735/1747/31 1847/1749/33 1848/1750/34
f 1848/1750/34 1847/1749/33 1960/1751/35 1961/1752/36
f 1961/1752/36 1960/1751/35 2072/1753/37 2073/1754/38
f 2073/1754/38 2072/1753/37 2184/1755/39 2185/1756/40
f 2185/1756/40 2184/1755/39 2295/1757/41 2296/1758/42
f 2296/1758/42 2295/1757/41 2408/1759/43 2409/1760/44
f 2409/1760/44 2408/1759/43 2520/1761/45 2521/1762/46
f 2521/1762/46 2520/1761/45 2632/1763/47 2633/1764/48
f 2633/1764/48 2632/1763/47 2743/1765/49 2744/1766/50
f 2744/1766/50 2743/1765/49 2855/1767/51 2856/1768/52
f 2856/1768/52 2855/1767/51 2967/1769/53 2968/1770/54
f 2968/1770/54 2967/1769/53 3080/1771/55 3081/1772/56
f 3081/1772/56 3080/1771/55 3192/1773/57 3193/1774/58
f 3193/1774/58 3192/1773/57 3304/1775/59 3305/1776/60
f 3305/1776/60 3304/1775/59 3416/1777/61 3417/1778/62
f 3417/1778/62 3416/1777/61 3528/1779/63 3529/1780/64
f 3529/1780/64 3528/1779/63 3639/1781/65 3640/1782/66
f 55/1783/67 57/1717/1 168/1720/4 166/1784/68
f 166/1784/68 168/1720/4 281/1722/6 279/1785/69
f 279/1785/69 281/1722/6 392/1724/8 390/1786/70
f 390/1786/70 392/1724/8 504/1726/10 502/1787/71
f 502/1787/71 504/1726/10 617/1728/12 615/1788/72
f 615/1788/72 617/1728/12 729/1730/14 727/1789/73
f 727/1789/73 729/1730/14 840/1732/16 838/1790/74
f 838/1790/74 840/1732/16 953/1734/18 951/1791/75
f 951/1791/75 953/1734/18 1064/1736/20 1062/1792/76
f 1062/1792/76 1064/1736/20 1177/1738/22 1175/1793/77
f 1175/1793/77 1177/1738/22 1289/1740/24 1287/1794/78
f 1287/1794/78 1289/1740/24 1400/1742/26 1398/1795/79
f 1398/1795/79 1400/1742/26 1512/1744/28 1510/1796/80
f 1510/1796/80 1512/1744/28 1624/1746/30 1622/1797/81
f 1622/1797/81 1624/1746/30 1736/1748/32 1734/1798/82
f 1734/1798/82 1736/1748/32 1848/1750/34 1846/1799/83
f 1846/1799/83 1848/1750/34 1961/1752/36 1959/1800/84
f 1959/1800/84 1961/1752/36 2073/1754/38 2071/1801/85
f 2071/1801/85 2073/1754/38 2185/1756/40 2183/1802/86
f 2183/1802/86 2185/1756/40 2296/1758/42 2294/1803/87
f 2294/1803/87 2296/1758/42 2409/1760/44 2407/1804/88
f 2407/1804/88 2409/1760/44 2521/1762/46 2519/1805/89
f 2519/1805/89 2521/1762/46 2633/1764/48 2631/1806/90
f 2631/1806/90 2633/1764/48 2744/1766/50 2742/1807/91
f 2742/1807/91 2744/1766/50 2856/1768/52 2854/1808/92
f 2854/1808/92 2856/1768/52 2968/1770/54 2966/1809/93
f 2966/1809/93 2968/1770/54 3081/1772/56 3079/1810/94
f 3079/1810/94 3081/1772/56 3193/1774/58 3191/1811/95
f 3191/1811/95 3193/1774/58 3305/1776/60 3303/1812/96
f 3303/1812/96 3305/1776/60 3417/1778/62 3415/1813/97
f 3415/1813/97 3417/1778/62 3529/1780/64 3527/1814/98
f 3527/1814/98 3529/1780/64 3640/1782/66 3638/1815/99
f 56/1718/2 54/1816/100 165/1817/101 167/1719/3
f 167/1719/3 165/1817/101 278/1818/102 280/1721/5
f 280/1721/5 278/1818/102 389/1819/103 391/1723/7
f 391/1723/7 389/1819/103 501/1820/104 503/1725/9
f 503/1725/9 501/1820/104 614/1821/105 616/1727/11
f 616/1727/11 614/1821/105 726/1822/106 728/1729/13
f 728/1729/13 726/1822/106 837/1823/107 839/1731/15
f 839/1731/15 837/1823/107 950/1824/108 952/1733/17
f 952/1733/17 950/1824/108 1061/1825/109 1063/1735/19
f 1063/1735/19 1061/1825/109 1174/1826/110 1176/1737/21
f 1176/1737/21 1174/1826/110 1286/1827/111 1288/1739/23
f 1288/1739/23 1286/1827/111 1397/1828/112 1399/1741/25
f 1399/1741/25 1397/1828/112 1509/1829/113 1511/1743/27
f 1511/1743/27 1509/1829/113 1621/1830/114 1623/1745/29
f 1623/1745/29 1621/1830/114 1733/1831/115 1735/1747/31
f 1735/1747/31 1733/1831/115 1845/1832/116 1847/1749/33
f 1847/1749/33 1845/1832/116 1958/1833/117 1960/1751/35
f 1960/1751/35 1958/1833/117 2070/1834/118 2072/1753/37
f 2072/1753/37 2070/1834/118 2182/1835/119 2184/1755/39
f 2184/1755/39 2182/1835/119 2293/1836/120 2295/1757/41
f 2295/1757/41 2293/1836/120 2406/1837/121 2408/1759/43
f 2408/1759/43 2406/1837/121 2518/1838/122 2520/1761/45
f 2520/1761/45 2518/1838/122 2630/1839/123 2632/1763/47
f 2632/1763/47 2630/1839/123 2741/1840/124 2743/1765/49
f 2743/1765/49 2741/1840/124 2853/1841/125 2855/1767/51
f 2855/1767/51 2853/1841/125 2965/1842/126 2967/1769/53
f 2967/1769/53 2965/1842/126 3078/1843/127 3080/1771/55
f 3080/1771/55 3078/1843/127 3190/1844/128 3192/1773/57
f 3192/1773/57 3190/1844/128 3302/1845/129 3304/1775/59
f 3304/1775/59 3302/1845/129 3414/1846/130 3416/1777/61
f 3416/1777/61 3414/1846/130 3526/1847/131 3528/1779/63
f 3528/1779/63 3526/1847/131 3637/1848/132 3639/1781/65
f 53/1849/100 55/1783/67 166/1784/68 164/1850/101
f 164/1850/101 166/1784/68 279/1785/69 277/1851/102
f 277/1851/102 279/1785/69 390/1786/70 388/1852/103
f 388/1852/103 390/1786/70 502/1787/71 500/1853/104
f 500/1853/104 502/1787/71 615/1788/72 613/1854/105
f 613/1854/105 615/1788/72 727/1789/73 725/1855/106
f 725/1855/106 727/1789/73 838/1790/74 836/1856/107
f 836/1856/107 838/1790/74 951/1791/75 949/1857/108
f 949/1857/108 951/1791/75 1062/1792/76 1060/1858/109
f 1060/1858/109 1062/1792/76 1175/1793/77 1173/1859/110
f 1173/1859/110 1175/1793/77 1287/1794/78 1285/1860/111
f 1285/1860/111 1287/1794/78 1398/1795/79 1396/1861/112
f 1396/1861/112 1398/1795/79 1510/1796/80 1508/1862/113
f 1508/1862/113 1510/1796/80 1622/1797/81 1620/1863/114
f 1620/1863/114 1622/1797/81 1734/1798/82 1732/1864/115
f 1732/1864/115 1734/1798/82 1846/1799/83 1844/1865/116
f 1844/1865/116 1846/1799/83 1959/1800/84 1957/1866/117
f 1957/1866/117 1959/1800/84 2071/1801/85 2069/1867/118
f 2069/1867/118 2071/1801/85 2183/1802/86 2181/1868/119
f 2181/1868/119 2183/1802/86 2294/1803/87 2292/1869/120
f 2292/1869/120 2294/1803/87 2407/1804/88 2405/1870/121
f 2405/1870/121 2407/1804/88 2519/1805/89 2517/1871/122
f 2517/1871/122 2519/1805/89 2631/1806/90 2629/1872/123
f 2629/1872/123 2631/1806/90 2742/1807/91 2740/1873/124
f 2740/1873/124 2742/1807/91 2854/1808/92 2852/1874/125
f 2852/1874/125 2854/1808/92 2966/1809/93 2964/1875/126
f 2964/1875/126 2966/1809/93 3079/1810/94 3077/1876/127
f 3077/1876/127 3079/1810/94 3191/1811/95 3189/1877/128
f 3189/1877/128 3191/1811/95 3303/1812/96 3301/1878/129
f 3301/1878/129 3303/1812/96 3415/1813/97 3413/1879/130
f 3413/1879/130 3415/1813/97 3527/1814/98 3525/1880/131
f 3525/1880/131 3527/1814/98 3638/1815/99 3636/1881/132
f 59/1882/299 60/1883/134 172/1884/135 171/1885/136
f 171/1885/136 172/1884/135 284/1886/137 283/1887/138
f 283/1887/138 284/1886/137 396/1888/139 395/1889/140
f 395/1889/140 396/1888/139 508/1890/141 507/1891/142
f 507/1891/142 508/1890/141 620/1892/143 619/1893/144
f 619/1893/144 620/1892/143 732/1894/145 731/1895/146
f 731/1895/146 732/1894/145 844/1896/147 843/1897/148
f 843/1897/148 844/1896/147 956/1898/149 955/1899/150
f 955/1899/150 956/1898/149 1068/1900/151 1067/1901/152
f 1067/1901/152 1068/1900/151 1180/1902/153 1179/1903/154
f 1179/1903/154 1180/1902/153 1292/1904/155 1291/1905/156
f 1291/1905/156 1292/1904/155 1404/1906/157 1403/1907/158
f 1403/1907/158 1404/1906/157 1516/1908/159 1515/1909/160
f 1515/1909/160 1516/1908/159 1628/1910/161 1627/1911/162
f 1627/1911/162 1628/1910/161 1740/1912/163 1739/1913/164
f 1739/1913/164 1740/1912/163 1852/1914/165 1851/1915/166
f 1851/1915/166 1852/1914/165 1964/1916/167 1963/1917/168
f 1963/1917/168 1964/1916/167 2076/1918/169 2075/1919/170
f 2075/1919/170 2076/1918/169 2188/1920/171 2187/1921/172
f 2187/1921/172 2188/1920/171 2300/1922/173 2299/1923/174
f 2299/1923/174 2300/1922/173 2412/1924/175 2411/1925/176
f 2411/1925/176 2412/1924/175 2524/1926/177 2523/1927/178
f 2523/1927/178 2524/1926/177 2636/1928/179 2635/1929/180
f 2635/1929/180 2636/1928/179 2748/1930/181 2747/1931/182
f 2747/1931/182 2748/1930/181 2860/1932/183 2859/1933/184
f 2859/1933/184 2860/1932/183 2972/1934/185 2971/1935/186
f 2971/1935/186 2972/1934/185 3084/1936/187 3083/1937/188
f 3083/1937/188 3084/1936/187 3196/1938/189 3195/1939/190
f 3195/1939/190 3196/1938/189 3308/1940/191 3307/1941/192
f 3307/1941/192 3308/1940/191 3420/1942/193 3419/1943/194
f 3419/1943/194 3420/1942/193 3532/1944/195 3531/1945/196
f 3531/1945/196 3532/1944/195 3644/1946/197 3643/1947/198
f 46/1552/100 59/1882/299 171/1885/136 170/1553/101
f 170/1553/101 171/1885/136 283/1887/138 270/1554/102
f 270/1554/102 283/1887/138 395/1889/140 394/1555/103
f 394/1555/103 395/1889/140 507/1891/142 506/1556/104
f 506/1556/104 507/1891/142 619/1893/144 606/1557/105
f 606/1557/105 619/1893/144 731/1895/146 718/1558/106
f 718/1558/106 731/1895/146 843/1897/148 842/1559/107
f 842/1559/107 843/1897/148 955/1899/150 942/1560/108
f 942/1560/108 955/1899/150 1067/1901/152 1066/1561/109
f 1066/1561/109 1067/1901/152 1179/1903/154 1166/1562/110
f 1166/1562/110 1179/1903/154 1291/1905/156 1278/1563/111
f 1278/1563/111 1291/1905/156 1403/1907/158 1402/1564/112
f 1402/1564/112 1403/1907/158 1515/1909/160 1514/1565/113
f 1514/1565/113 1515/1909/160 1627/1911/162 1626/1566/114
f 1626/1566/114 1627/1911/162 1739/1913/164 1738/1567/115
f 1738/1567/115 1739/1913/164 1851/1915/166 1850/1568/116
f 1850/1568/116 1851/1915/166 1963/1917/168 1950/1569/117
f 1950/1569/117 1963/1917/168 2075/1919/170 2062/1570/118
f 2062/1570/118 2075/1919/170 2187/1921/172 2174/1571/119
f 2174/1571/119 2187/1921/172 2299/1923/174 2298/1572/120
f 2298/1572/120 2299/1923/174 2411/1925/176 2398/1573/121
f 2398/1573/121 2411/1925/176 2523/1927/178 2510/1574/122
f 2510/1574/122 2523/1927/178 2635/1929/180 2622/1575/123
f 2622/1575/123 2635/1929/180 2747/1931/182 2746/1576/124
f 2746/1576/124 2747/1931/182 2859/1933/184 2858/1577/125
f 2858/1577/125 2859/1933/184 2971/1935/186 2970/1578/126
f 2970/1578/126 2971/1935/186 3083/1937/188 3070/1579/127
f 3070/1579/127 3083/1937/188 3195/1939/190 3182/1580/128
f 3182/1580/128 3195/1939/190 3307/1941/192 3294/1581/129
f 3294/1581/129 3307/1941/192 3419/1943/194 3406/1582/130
f 3406/1582/130 3419/1943/194 3531/1945/196 3518/1583/131
f 3518/1583/131 3531/1945/196 3643/1947/198 3642/1584/132
f 60/1883/134 58/1948/199 169/1949/200 172/1884/135
f 172/1884/135 169/1949/200 282/1950/201 284/1886/137
f 284/1886/137 282/1950/201 393/1951/202 396/1888/139
f 396/1888/139 393/1951/202 505/1952/203 508/1890/141
f 508/1890/141 505/1952/203 618/1953/204 620/1892/143
f 620/1892/143 618/1953/204 730/1954/205 732/1894/145
f 732/1894/145 730/1954/205 841/1955/206 844/1896/147
f 844/1896/147 841/1955/206 954/1956/207 956/1898/149
f 956/1898/149 954/1956/207 1065/1957/208 1068/1900/151
f 1068/1900/151 1065/1957/208 1178/1958/209 1180/1902/153
f 1180/1902/153 1178/1958/209 1290/1959/210 1292/1904/155
f 1292/1904/155 1290/1959/210 1401/1960/211 1404/1906/157
f 1404/1906/157 1401/1960/211 1513/1961/212 1516/1908/159
f 1516/1908/159 1513/1961/212 1625/1962/213 1628/1910/161
f 1628/1910/161 1625/1962/213 1737/1963/214 1740/1912/163
f 1740/1912/163 1737/1963/214 1849/1964/215 1852/1914/165
f 1852/1914/165 1849/1964/215 1962/1965/216 1964/1916/167
f 1964/1916/167 1962/1965/216 2074/1966/217 2076/1918/169
f 2076/1918/169 2074/1966/217 2186/1967/218 2188/1920/171
f 2188/1920/171 2186/1967/218 2297/1968/219 2300/1922/173
f 2300/1922/173 2297/1968/219 2410/1969/220 2412/1924/175
f 2412/1924/175 2410/1969/220 2522/1970/221 2524/1926/177
f 2524/1926/177 2522/1970/221 2634/1971/222 2636/1928/179
f 2636/1928/179 2634/1971/222 2745/1972/223 2748/1930/181
f 2748/1930/181 2745/1972/223 2857/1973/224 2860/1932/183
f 2860/1932/183 2857/1973/224 2969/1974/225 2972/1934/185
f 2972/1934/185 2969/1974/225 3082/1975/226 3084/1936/187
f 3084/1936/187 3082/1975/226 3194/1976/227 3196/1938/189
f 3196/1938/189 3194/1976/227 3306/1977/228 3308/1940/191
f 3308/1940/191 3306/1977/228 3418/1978/229 3420/1942/193
f 3420/1942/193 3418/1978/229 3530/1979/230 3532/1944/195
f 3532/1944/195 3530/1979/230 3641/1980/231 3644/1946/197
f 58/1948/199 53/1849/100 164/1850/101 169/1949/200
f 169/1949/200 164/1850/101 277/1851/102 282/1950/201
f 282/1950/201 277/1851/102 388/1852/103 393/1951/202
f 393/1951/202 388/1852/103 500/1853/104 505/1952/203
f 505/1952/203 500/1853/104 613/1854/105 618/1953/204
f 618/1953/204 613/1854/105 725/1855/106 730/1954/205
f 730/1954/205 725/1855/106 836/1856/107 841/1955/206
f 841/1955/206 836/1856/107 949/1857/108 954/1956/207
f 954/1956/207 949/1857/108 1060/1858/109 1065/1957/208
f 1065/1957/208 1060/1858/109 1173/1859/110 1178/1958/209
f 1178/1958/209 1173/1859/110 1285/1860/111 1290/1959/210
f 1290/1959/210 1285/1860/111 1396/1861/112 1401/1960/211
f 1401/1960/211 1396/1861/112 1508/1862/113 1513/1961/212
f 1513/1961/212 1508/1862/113 1620/1863/114 1625/1962/213
f 1625/1962/213 1620/1863/114 1732/1864/115 1737/1963/214
f 1737/1963/214 1732/1864/115 1844/1865/116 1849/1964/215
f 1849/1964/215 1844/1865/116 1957/1866/117 1962/1965/216
f 1962/1965/216 1957/1866/117 2069/1867/118 2074/1966/217
f 2074/1966/217 2069/1867/118 2181/1868/119 2186/1967/218
f 2186/1967/218 2181/1868/119 2292/1869/120 2297/1968/219
f 2297/1968/219 2292/1869/120 2405/1870/121 2410/1969/220
f 2410/1969/220 2405/1870/121 2517/1871/122 2522/1970/221
f 2522/1970/221 2517/1871/122 2629/1872/123 2634/1971/222
f 2634/1971/222 2629/1872/123 2740/1873/124 2745/1972/223
f 2745/1972/223 2740/1873/124 2852/1874/125 2857/1973/224
f 2857/1973/224 2852/1874/125 2964/1875/126 2969/1974/225
f 2969/1974/225 2964/1875/126 3077/1876/127 3082/1975/226
f 3082/1975/226 3077/1876/127 3189/1877/128 3194/1976/227
f 3194/1976/227 3189/1877/128 3301/1878/129 3306/1977/228
f 3306/1977/228 3301/1878/129 3413/1879/130 3418/1978/229
f 3418/1978/229 3413/1879/130 3525/1880/131 3530/1979/230
f 3530/1979/230 3525/1880/131 3636/1881/132 3641/1980/231
f 65/1981/1 64/1982/2 176/1983/3 177/1984/4
f 177/1984/4 176/1983/3 288/1985/5 289/1986/6
f 289/1986/6 288/1985/5 400/1987/7 401/1988/8
f 401/1988/8 400/1987/7 512/1989/9 513/1990/10
f 513/1990/10 512/1989/9 624/1991/11 625/1992/12
f 625/1992/12 624/1991/11 736/1993/13 737/1994/14
f 737/1994/14 736/1993/13 848/1995/15 849/1996/16
f 849/1996/16 848/1995/15 960/1997/17 961/1998/18
f 961/1998/18 960/1997/17 1072/1999/19 1073/2000/20
f 1073/2000/20 1072/1999/19 1184/2001/21 1185/2002/22
f 1185/2002/22 1184/2001/21 1296/2003/23 1297/2004/24
f 1297/2004/24 1296/2003/23 1408/2005/25 1409/2006/26
f 1409/2006/26 1408/2005/25 1520/2007/27 1521/2008/28
f 1521/2008/28 1520/2007/27 1632/2009/29 1633/2010/30
f 1633/2010/30 1632/2009/29 1744/2011/31 1745/2012/32
f 1745/2012/32 1744/2011/31 1856/2013/33 1857/2014/34
f 1857/2014/34 1856/2013/33 1968/2015/35 1969/2016/36
f 1969/2016/36 1968/2015/35 2080/2017/37 2081/2018/38
f 2081/2018/38 2080/2017/37 2192/2019/39 2193/2020/40
f 2193/2020/40 2192/2019/39 2304/2021/41 2305/2022/42
f 2305/2022/42 2304/2021/41 2416/2023/43 2417/2024/44
f 2417/2024/44 2416/2023/43 2528/2025/45 2529/2026/46
f 2529/2026/46 2528/2025/45 2640/2027/47 2641/2028/48
f 2641/2028/48 2640/2027/47 2752/2029/49 2753/2030/50
f 2753/2030/50 2752/2029/49 2864/2031/51 2865/2032/52
f 2865/2032/52 2864/2031/51 2976/2033/53 2977/2034/54
f 2977/2034/54 2976/2033/53 3088/2035/55 3089/2036/56
f 3089/2036/56 3088/2035/55 3200/2037/57 3201/2038/58
f 3201/2038/58 3200/2037/57 3312/2039/59 3313/2040/60
f 3313/2040/60 3312/2039/59 3424/2041/61 3425/2042/62
f 3425/2042/62 3424/2041/61 3536/2043/63 3537/2044/64
f 3537/2044/64 3536/2043/63 3648/2045/65 3649/2046/66
f 63/2047/67 65/1981/1 177/1984/4 175/2048/68
f 175/2048/68 177/1984/4 289/1986/6 287/2049/69
f 287/2049/69 289/1986/6 401/1988/8 399/2050/70
f 399/2050/70 401/1988/8 513/1990/10 511/2051/71
f 511/2051/71 513/1990/10 625/1992/12 623/2052/72
f 623/2052/72 625/1992/12 737/1994/14 735/2053/73
f 735/2053/73 737/1994/14 849/1996/16 847/2054/74
f 847/2054/74 849/1996/16 961/1998/18 959/2055/75
f 959/2055/75 961/1998/18 1073/2000/20 1071/2056/76
f 1071/2056/76 1073/2000/20 1185/2002/22 1183/2057/77
f 1183/2057/77 1185/2002/22 1297/2004/24 1295/2058/78
f 1295/2058/78 1297/2004/24 1409/2006/26 1407/2059/79
f 1407/2059/79 1409/2006/26 1521/2008/28 1519/2060/80
f 1519/2060/80 1521/2008/28 1633/2010/30 1631/2061/81
f 1631/2061/81 1633/2010/30 1745/2012/32 1743/2062/82
f 1743/2062/82 1745/2012/32 1857/2014/34 1855/2063/83
f 1855/2063/83 1857/2014/34 1969/2016/36 1967/2064/84
f 1967/2064/84 1969/2016/36 2081/2018/38 2079/2065/85
f 2079/2065/85 2081/2018/38 2193/2020/40 2191/2066/86
f 2191/2066/86 2193/2020/40 2305/2022/42 2303/2067/87
f 2303/2067/87 2305/2022/42 2417/2024/44 2415/2068/88
f 2415/2068/88 2417/2024/44 2529/2026/46 2527/2069/89
f 2527/2069/89 2529/2026/46 2641/2028/48 2639/2070/90
f 2639/2070/90 2641/2028/48 2753/2030/50 2751/2071/91
f 2751/2071/91 2753/2030/50 2865/2032/52 2863/2072/92
f 2863/2072/92 2865/2032/52 2977/2034/54 2975/2073/93
f 2975/2073/93 2977/2034/54 3089/2036/56 3087/2074/94
f 3087/2074/94 3089/2036/56 3201/2038/58 3199/2075/95
f 3199/2075/95 3201/2038/58 3313/2040/60 3311/2076/96
f 3311/2076/96 3313/2040/60 3425/2042/62 3423/2077/97
f 3423/2077/97 3425/2042/62 3537/2044/64 3535/2078/98
f 3535/2078/98 3537/2044/64 3649/2046/66 3647/2079/99
f 64/1982/2 62/2080/100 174/2081/101 176/1983/3
f 176/1983/3 174/2081/101 286/2082/102 288/1985/5
f 288/1985/5 286/2082/102 398/2083/103 400/1987/7
f 400/1987/7 398/2083/103 510/2084/104 512/1989/9
f 512/1989/9 510/2084/104 622/2085/105 624/1991/11
f 624/1991/11 622/2085/105 734/2086/106 736/1993/13
f 736/1993/13 734/2086/106 846/2087/107 848/1995/15
f 848/1995/15 846/2087/107 958/2088/108 960/1997/17
f 960/1997/17 958/2088/108 1070/2089/109 1072/1999/19
f 1072/1999/19 1070/2089/109 1182/2090/110 1184/2001/21
f 1184/2001/21 1182/2090/110 1294/2091/111 1296/2003/23
f 1296/2003/23 1294/2091/111 1406/2092/112 1408/2005/25
f 1408/2005/25 1406/2092/112 1518/2093/113 1520/2007/27
f 1520/2007/27 1518/2093/113 1630/2094/114 1632/2009/29
f 1632/2009/29 1630/2094/114 1742/2095/115 1744/2011/31
f 1744/2011/31 1742/2095/115 1854/2096/116 1856/2013/33
f 1856/2013/33 1854/2096/116 1966/2097/117 1968/2015/35
f 1968/2015/35 1966/2097/117 2078/2098/118 2080/2017/37
f 2080/2017/37 2078/2098/118 2190/2099/119 2192/2019/39
f 2192/2019/39 2190/2099/119 2302/2100/120 2304/2021/41
f 2304/2021/41 2302/2100/120 2414/2101/121 2416/2023/43
f 2416/2023/43 2414/2101/121 2526/2102/122 2528/2025/45
f 2528/2025/45 2526/2102/122 2638/2103/123 2640/2027/47
f 2640/2027/47 2638/2103/123 2750/2104/124 2752/2029/49
f 2752/2029/49 2750/2104/124 2862/2105/125 2864/2031/51
f 2864/2031/51 2862/2105/125 2974/2106/126 2976/2033/53
f 2976/2033/53 2974/2106/126 3086/2107/127 3088/2035/55
f 3088/2035/55 3086/2107/127 3198/2108/128 3200/2037/57
f 3200/2037/57 3198/2108/128 3310/2109/129 3312/2039/59
f 3312/2039/59 3310/2109/129 3422/2110/130 3424/2041/61
f 3424/2041/61 3422/2110/130 3534/2111/131 3536/2043/63
f 3536/2043/63 3534/2111/131 3646/2112/132 3648/2045/65
f 61/2113/100 63/2047/67 175/2048/68 173/2114/101
f 173/2114/101 175/2048/68 287/2049/69 285/2115/102
f 285/2115/102 287/2049/69 399/2050/70 397/2116/103
f 397/2116/103 399/2050/70 511/2051/71 509/2117/104
f 509/2117/104 511/2051/71 623/2052/72 621/2118/105
f 621/2118/105 623/2052/72 735/2053/73 733/2119/106
f 733/2119/106 735/2053/73 847/2054/74 845/2120/107
f 845/2120/107 847/2054/74 959/2055/75 957/2121/108
f 957/2121/108 959/2055/75 1071/2056/76 1069/2122/109
f 1069/2122/109 1071/2056/76 1183/2057/77 1181/2123/110
f 1181/2123/110 1183/2057/77 1295/2058/78 1293/2124/111
f 1293/2124/111 1295/2058/78 1407/2059/79 1405/2125/112
f 1405/2125/112 1407/2059/79 1519/2060/80 1517/2126/113
f 1517/2126/113 1519/2060/80 1631/2061/81 1629/2127/114
f 1629/2127/114 1631/2061/81 1743/2062/82 1741/2128/115
f 1741/2128/115 1743/2062/82 1855/2063/83 1853/2129/116
f 1853/2129/116 1855/2063/83 1967/2064/84 1965/2130/117
f 1965/2130/117 1967/2064/84 2079/2065/85 2077/2131/118
f 2077/2131/118 2079/2065/85 2191/2066/86 2189/2132/119
f 2189/2132/119 2191/2066/86 2303/2067/87 2301/2133/120
f 2301/2133/120 2303/2067/87 2415/2068/88 2413/2134/121
f 2413/2134/121 2415/2068/88 2527/2069/89 2525/2135/122
f 2525/2135/122 2527/2069/89 2639/2070/90 2637/2136/123
f 2637/2136/123 2639/2070/90 2751/2071/91 2749/2137/124
f 2749/2137/124 2751/2071/91 2863/2072/92 2861/2138/125
f 2861/2138/125 2863/2072/92 2975/2073/93 2973/2139/126
f 2973/2139/126 2975/2073/93 3087/2074/94 3085/2140/127
f 3085/2140/127 3087/2074/94 3199/2075/95 3197/2141/128
f 3197/2141/128 3199/2075/95 3311/2076/96 3309/2142/129
f 3309/2142/129 3311/2076/96 3423/2077/97 3421/2143/130
f 3421/2143/130 3423/2077/97 3535/2078/98 3533/2144/131
f 3533/2144/131 3535/2078/98 3647/2079/99 3645/2145/132
f 67/2146/299 68/2147/134 180/2148/135 179/2149/136
f 179/2149/136 180/2148/135 292/2150/137 291/2151/138
f 291/2151/138 292/2150/137 404/2152/139 403/2153/140
f 403/2153/140 404/2152/139 516/2154/141 515/2155/142
f 515/2155/142 516/2154/141 628/2156/143 627/2157/144
f 627/2157/144 628/2156/143 740/2158/145 739/2159/146
f 739/2159/146 740/2158/145 852/2160/147 851/2161/148
f 851/2161/148 852/2160/147 964/2162/149 963/2163/150
f 963/2163/150 964/2162/149 1076/2164/151 1075/2165/152
f 1075/2165/152 1076/2164/151 1188/2166/153 1187/2167/154
f 1187/2167/154 1188/2166/153 1300/2168/155 1299/2169/156
f 1299/2169/156 1300/2168/155 1412/2170/157 1411/2171/158
f 1411/2171/158 1412/2170/157 1524/2172/159 1523/2173/160
f 1523/2173/160 1524/2172/159 1636/2174/161 1635/2175/162
f 1635/2175/162 1636/2174/161 1748/2176/163 1747/2177/164
f 1747/2177/164 1748/2176/163 1860/2178/165 1859/2179/166
f 1859/2179/166 1860/2178/165 1972/2180/167 1971/2181/168
f 1971/2181/168 1972/2180/167 2084/2182/169 2083/2183/170
f 2083/2183/170 2084/2182/169 2196/2184/171 2195/2185/172
f 2195/2185/172 2196/2184/171 2308/2186/173 2307/2187/174
f 2307/2187/174 2308/2186/173 2420/2188/175 2419/2189/176
f 2419/2189/176 2420/2188/175 2532/2190/177 2531/2191/178
f 2531/2191/178 2532/2190/177 2644/2192/179 2643/2193/180
f 2643/2193/180 2644/2192/179 2756/2194/181 2755/2195/182
f 2755/2195/182 2756/2194/181 2868/2196/183 2867/2197/184
f 2867/2197/184 2868/2196/183 2980/2198/185 2979/2199/186
f 2979/2199/186 2980/2198/185 3092/2200/187 3091/2201/188
f 3091/2201/188 3092/2200/187 3204/2202/189 3203/2203/190
f 3203/2203/190 3204/2202/189 3316/2204/191 3315/2205/192
f 3315/2205/192 3316/2204/191 3428/2206/193 3427/2207/194
f 3427/2207/194 3428/2206/193 3540/2208/195 3539/2209/196
f 3539/2209/196 3540/2208/195 3652/2210/197 3651/2211/198
f 68/2147/134 66/2212/199 178/2213/200 180/2148/135
f 180/2148/135 178/2213/200 290/2214/201 292/2150/137
f 292/2150/137 290/2214/201 402/2215/202 404/2152/139
f 404/2152/139 402/2215/202 514/2216/203 516/2154/141
f 516/2154/141 514/2216/203 626/2217/204 628/2156/143
f 628/2156/143 626/2217/204 738/2218/205 740/2158/145
f 740/2158/145 738/2218/205 850/2219/206 852/2160/147
f 852/2160/147 850/2219/206 962/2220/207 964/2162/149
f 964/2162/149 962/2220/207 1074/2221/208 1076/2164/151
f 1076/2164/151 1074/2221/208 1186/2222/209 1188/2166/153
f 1188/2166/153 1186/2222/209 1298/2223/210 1300/2168/155
f 1300/2168/155 1298/2223/210 1410/2224/211 1412/2170/157
f 1412/2170/157 1410/2224/211 1522/2225/212 1524/2172/159
f 1524/2172/159 1522/2225/212 1634/2226/213 1636/2174/161
f 1636/2174/161 1634/2226/213 1746/2227/214 1748/2176/163
f 1748/2176/163 1746/2227/214 1858/2228/215 1860/2178/165
f 1860/2178/165 1858/2228/215 1970/2229/216 1972/2180/167
f 1972/2180/167 1970/2229/216 2082/2230/217 2084/2182/169
f 2084/2182/169 2082/2230/217 2194/2231/218 2196/2184/171
f 2196/2184/171 2194/2231/218 2306/2232/219 2308/2186/173
f 2308/2186/173 2306/2232/219 2418/2233/220 2420/2188/175
f 2420/2188/175 2418/2233/220 2530/2234/221 2532/2190/177
f 2532/2190/177 2530/2234/221 2642/2235/222 2644/2192/179
f 2644/2192/179 2642/2235/222 2754/2236/223 2756/2194/181
f 2756/2194/181 2754/2236/223 2866/2237/224 2868/2196/183
f 2868/2196/183 2866/2237/224 2978/2238/225 2980/2198/185
f 2980/2198/185 2978/2238/225 3090/2239/226 3092/2200/187
f 3092/2200/187 3090/2239/226 3202/2240/227 3204/2202/189
f 3204/2202/189 3202/2240/227 3314/2241/228 3316/2204/191
f 3316/2204/191 3314/2241/228 3426/2242/229 3428/2206/193
f 3428/2206/193 3426/2242/229 3538/2243/230 3540/2208/195
f 3540/2208/195 3538/2243/230 3650/2244/231 3652/2210/197
f 66/2212/199 61/2113/100 173/2114/101 178/2213/200
f 178/2213/200 173/2114/101 285/2115/102 290/2214/201
f 290/2214/201 285/2115/102 397/2116/103 402/2215/202
f 402/2215/202 397/2116/103 509/2117/104 514/2216/203
f 514/2216/203 509/2117/104 621/2118/105 626/2217/204
f 626/2217/204 621/2118/105 733/2119/106 738/2218/205
f 738/2218/205 733/2119/106 845/2120/107 850/2219/206
f 850/2219/206 845/2120/107 957/2121/108 962/2220/207
f 962/2220/207 957/2121/108 1069/2122/109 1074/2221/208
f 1074/2221/208 1069/2122/109 1181/2123/110 1186/2222/209
f 1186/2222/209 1181/2123/110 1293/2124/111 1298/2223/210
f 1298/2223/210 1293/2124/111 1405/2125/112 1410/2224/211
f 1410/2224/211 1405/2125/112 1517/2126/113 1522/2225/212
f 1522/2225/212 1517/2126/113 1629/2127/114 1634/2226/213
f 1634/2226/213 1629/2127/114 1741/2128/115 1746/2227/214
f 1746/2227/214 1741/2128/115 1853/2129/116 1858/2228/215
f 1858/2228/215 1853/2129/116 1965/2130/117 1970/2229/216
f 1970/2229/216 1965/2130/117 2077/2131/118 2082/2230/217
f 2082/2230/217 2077/2131/118 2189/2132/119 2194/2231/218
f 2194/2231/218 2189/2132/119 2301/2133/120 2306/2232/219
f 2306/2232/219 2301/2133/120 2413/2134/121 2418/2233/220
f 2418/2233/220 2413/2134/121 2525/2135/122 2530/2234/221
f 2530/2234/221 2525/2135/122 2637/2136/123 2642/2235/222
f 2642/2235/222 2637/2136/123 2749/2137/124 2754/2236/223
f 2754/2236/223 2749/2137/124 2861/2138/125 2866/2237/224
f 2866/2237/224 2861/2138/125 2973/2139/126 2978/2238/225
f 2978/2238/225 2973/2139/126 3085/2140/127 3090/2239/226
f 3090/2239/226 3085/2140/127 3197/2141/128 3202/2240/227
f 3202/2240/227 3197/2141/128 3309/2142/129 3314/2241/228
f 3314/2241/228 3309/2142/129 3421/2143/130 3426/2242/229
f 3426/2242/229 3421/2143/130 3533/2144/131 3538/2243/230
f 3538/2243/230 3533/2144/131 3645/2145/132 3650/2244/231
f 54/1816/100 67/2146/299 179/2149/136 165/1817/101
f 165/1817/101 179/2149/136 291/2151/138 278/1818/102
f 278/1818/102 291/2151/138 403/2153/140 389/1819/103
f 389/1819/103 403/2153/140 515/2155/142 501/1820/104
f 501/1820/104 515/2155/142 627/2157/144 614/1821/105
f 614/1821/105 627/2157/144 739/2159/146 726/1822/106
f 726/1822/106 739/2159/146 851/2161/148 837/1823/107
f 837/1823/107 851/2161/148 963/2163/150 950/1824/108
f 950/1824/108 963/2163/150 1075/2165/152 1061/1825/109
f 1061/1825/109 1075/2165/152 1187/2167/154 1174/1826/110
f 1174/1826/110 1187/2167/154 1299/2169/156 1286/1827/111
f 1286/1827/111 1299/2169/156 1411/2171/158 1397/1828/112
f 1397/1828/112 1411/2171/158 1523/2173/160 1509/1829/113
f 1509/1829/113 1523/2173/160 1635/2175/162 1621/1830/114
f 1621/1830/114 1635/2175/162 1747/2177/164 1733/1831/115
f 1733/1831/115 1747/2177/164 1859/2179/166 1845/1832/116
f 1845/1832/116 1859/2179/166 1971/2181/168 1958/1833/117
f 1958/1833/117 1971/2181/168 2083/2183/170 2070/1834/118
f 2070/1834/118 2083/2183/170 2195/2185/172 2182/1835/119
f 2182/1835/119 2195/2185/172 2307/2187/174 2293/1836/120
f 2293/1836/120 2307/2187/174 2419/2189/176 2406/1837/121
f 2406/1837/121 2419/2189/176 2531/2191/178 2518/1838/122
f 2518/1838/122 2531/2191/178 2643/2193/180 2630/1839/123
f 2630/1839/123 2643/2193/180 2755/2195/182 2741/1840/124
f 2741/1840/124 2755/2195/182 2867/2197/184 2853/1841/125
f 2853/1841/125 2867/2197/184 2979/2199/186 2965/1842/126
f 2965/1842/126 2979/2199/186 3091/2201/188 3078/1843/127
f 3078/1843/127 3091/2201/188 3203/2203/190 3190/1844/128
f 3190/1844/128 3203/2203/190 3315/2205/192 3302/1845/129
f 3302/1845/129 3315/2205/192 3427/2207/194 3414/1846/130
f 3414/1846/130 3427/2207/194 3539/2209/196 3526/1847/131
f 3526/1847/131 3539/2209/196 3651/2211/198 3637/1848/132
f 73/2245/1 72/2246/2 184/2247/3 185/2248/4
f 185/2248/4 184/2247/3 296/2249/5 297/2250/6
f 297/2250/6 296/2249/5 408/2251/7 409/2252/8
f 409/2252/8 408/2251/7 520/2253/9 521/2254/10
f 521/2254/10 520/2253/9 632/2255/11 633/2256/12
f 633/2256/12 632/2255/11 744/2257/13 745/2258/14
f 745/2258/14 744/2257/13 856/2259/15 857/2260/16
f 857/2260/16 856/2259/15 968/2261/17 969/2262/18
f 969/2262/18 968/2261/17 1080/2263/19 1081/2264/20
f 1081/2264/20 1080/2263/19 1192/2265/21 1193/2266/22
f 1193/2266/22 1192/2265/21 1304/2267/23 1305/2268/24
f 1305/2268/24 1304/2267/23 1416/2269/25 1417/2270/26
f 1417/2270/26 1416/2269/25 1528/2271/27 1529/2272/28
f 1529/2272/28 1528/2271/27 1640/2273/29 1641/2274/30
f 1641/2274/30 1640/2273/29 1752/2275/31 1753/2276/32
f 1753/2276/32 1752/2275/31 1864/2277/33 1865/2278/34
f 1865/2278/34 1864/2277/33 1976/2279/35 1977/2280/36
f 1977/2280/36 1976/2279/35 2088/2281/37 2089/2282/38
f 2089/2282/38 2088/2281/37 2200/2283/39 2201/2284/40
f 2201/2284/40 2200/2283/39 2312/2285/41 2313/2286/42
f 2313/2286/42 2312/2285/41 2424/2287/43 2425/2288/44
f 2425/2288/44 2424/2287/43 2536/2289/45 2537/2290/46
f 2537/2290/46 2536/2289/45 2648/2291/47 2649/2292/48
f 2649/2292/48 2648/2291/47 2760/2293/49 2761/2294/50
f 2761/2294/50 2760/2293/49 2872/2295/51 2873/2296/52
f 2873/2296/52 2872/2295/51 2984/2297/53 2985/2298/54
f 2985/2298/54 2984/2297/53 3096/2299/55 3097/2300/56
f 3097/2300/56 3096/2299/55 3208/2301/57 3209/2302/58
f 3209/2302/58 3208/2301/57 3320/2303/59 3321/2304/60
f 3321/2304/60 3320/2303/59 3432/2305/61 3433/2306/62
f 3433/2306/62 3432/2305/61 3544/2307/63 3545/2308/64
f 3545/2308/64 3544/2307/63 3656/2309/65 3657/2310/66
f 71/2311/67 73/2245/1 185/2248/4 183/2312/68
f 183/2312/68 185/2248/4 297/2250/6 295/2313/69
f 295/2313/69 297/2250/6 409/2252/8 407/2314/70
f 407/2314/70 409/2252/8 521/2254/10 519/2315/71
f 519/2315/71 521/2254/10 633/2256/12 631/2316/72
f 631/2316/72 633/2256/12 745/2258/14 743/2317/73
f 743/2317/73 745/2258/14 857/2260/16 855/2318/74
f 855/2318/74 857/2260/16 969/2262/18 967/2319/75
f 967/2319/75 969/2262/18 1081/2264/20 1079/2320/76
f 1079/2320/76 1081/2264/20 1193/2266/22 1191/2321/77
f 1191/2321/77 1193/2266/22 1305/2268/24 1303/2322/78
f 1303/2322/78 1305/2268/24 1417/2270/26 1415/2323/79
f 1415/2323/79 1417/2270/26 1529/2272/28 1527/2324/80
f 1527/2324/80 1529/2272/28 1641/2274/30 1639/2325/81
f 1639/2325/81 1641/2274/30 1753/2276/32 1751/2326/82
f 1751/2326/82 1753/2276/32 1865/2278/34 1863/2327/83
f 1863/2327/83 1865/2278/34 1977/2280/36 1975/2328/84
f 1975/2328/84 1977/2280/36 2089/2282/38 2087/2329/85
f 2087/2329/85 2089/2282/38 2201/2284/40 2199/2330/86
f 2199/2330/86 2201/2284/40 2313/2286/42 2311/2331/87
f 2311/2331/87 2313/2286/42 2425/2288/44 2423/2332/88
f 2423/2332/88 2425/2288/44 2537/2290/46 2535/2333/89
f 2535/2333/89 2537/2290/46 2649/2292/48 2647/2334/90
f 2647/2334/90 2649/2292/48 2761/2294/50 2759/2335/91
f 2759/2335/91 2761/2294/50 2873/2296/52 2871/2336/92
f 2871/2336/92 2873/2296/52 2985/2298/54 2983/2337/93
f 2983/2337/93 2985/2298/54 3097/2300/56 3095/2338/94
f 3095/2338/94 3097/2300/56 3209/2302/58 3207/2339/95
f 3207/2339/95 3209/2302/58 3321/2304/60 3319/2340/96
f 3319/2340/96 3321/2304/60 3433/2306/62 3431/2341/97
f 3431/2341/97 3433/2306/62 3545/2308/64 3543/2342/98
f 3543/2342/98 3545/2308/64 3657/2310/66 3655/2343/99
f 72/2246/2 70/2344/100 182/2345/101 184/2247/3
f 184/2247/3 182/2345/101 294/2346/102 296/2249/5
f 296/2249/5 294/2346/102 406/2347/103 408/2251/7
f 408/2251/7 406/2347/103 518/2348/104 520/2253/9
f 520/2253/9 518/2348/104 630/2349/105 632/2255/11
f 632/2255/11 630/2349/105 742/2350/106 744/2257/13
f 744/2257/13 742/2350/106 854/2351/107 856/2259/15
f 856/2259/15 854/2351/107 966/2352/108 968/2261/17
f 968/2261/17 966/2352/108 1078/2353/109 1080/2263/19
f 1080/2263/19 1078/2353/109 1190/2354/110 1192/2265/21
f 1192/2265/21 1190/2354/110 1302/2355/111 1304/2267/23
f 1304/2267/23 1302/2355/111 1414/2356/112 1416/2269/25
f 1416/2269/25 1414/2356/112 1526/2357/113 1528/2271/27
f 1528/2271/27 1526/2357/113 1638/2358/114 1640/2273/29
f 1640/2273/29 1638/2358/114 1750/2359/115 1752/2275/31
f 1752/2275/31 1750/2359/115 1862/2360/116 1864/2277/33
f 1864/2277/33 1862/2360/116 1974/2361/117 1976/2279/35
f 1976/2279/35 1974/2361/117 2086/2362/118 2088/2281/37
f 2088/2281/37 2086/2362/118 2198/2363/119 2200/2283/39
f 2200/2283/39 2198/2363/119 2310/2364/120 2312/2285/41
f 2312/2285/41 2310/2364/120 2422/2365/121 2424/2287/43
f 2424/2287/43 2422/2365/121 2534/2366/122 2536/2289/45
f 2536/2289/45 2534/2366/122 2646/2367/123 2648/2291/47
f 2648/2291/47 2646/2367/123 2758/2368/124 2760/2293/49
f 2760/2293/49 2758/2368/124 2870/2369/125 2872/2295/51
f 2872/2295/51 2870/2369/125 2982/2370/126 2984/2297/53
f 2984/2297/53 2982/2370/126 3094/2371/127 3096/2299/55
f 3096/2299/55 3094/2371/127 3206/2372/128 3208/2301/57
f 3208/2301/57 3206/2372/128 3318/2373/129 3320/2303/59
f 3320/2303/59 3318/2373/129 3430/2374/130 3432/2305/61
f 3432/2305/61 3430/2374/130 3542/2375/131 3544/2307/63
f 3544/2307/63 3542/2375/131 3654/2376/132 3656/2309/65
f 69/2377/100 71/2311/67 183/2312/68 181/2378/101
f 181/2378/101 183/2312/68 295/2313/69 293/2379/102
f 293/2379/102 295/2313/69 407/2314/70 405/2380/103
f 405/2380/103 407/2314/70 519/2315/71 517/2381/104
f 517/2381/104 519/2315/71 631/2316/72 629/2382/105
f 629/2382/105 631/2316/72 743/2317/73 741/2383/106
f 741/2383/106 743/2317/73 855/2318/74 853/2384/107
f 853/2384/107 855/2318/74 967/2319/75 965/2385/108
f 965/2385/108 967/2319/75 1079/2320/76 1077/2386/109
f 1077/2386/109 1079/2320/76 1191/2321/77 1189/2387/110
f 1189/2387/110 1191/2321/77 1303/2322/78 1301/2388/111
f 1301/2388/111 1303/2322/78 1415/2323/79 1413/2389/112
f 1413/2389/112 1415/2323/79 1527/2324/80 1525/2390/113
f 1525/2390/113 1527/2324/80 1639/2325/81 1637/2391/114
f 1637/2391/114 1639/2325/81 1751/2326/82 1749/2392/115
f 1749/2392/115 1751/2326/82 1863/2327/83 1861/2393/116
f 1861/2393/116 1863/2327/83 1975/2328/84 1973/2394/117
f 1973/2394/117 1975/2328/84 2087/2329/85 2085/2395/118
f 2085/2395/118 2087/2329/85 2199/2330/86 2197/2396/119
f 2197/2396/119 2199/2330/86 2311/2331/87 2309/2397/120
f 2309/2397/120 2311/2331/87 2423/2332/88 2421/2398/121
f 2421/2398/121 2423/2332/88 2535/2333/89 2533/2399/122
f 2533/2399/122 2535/2333/89 2647/2334/90 2645/2400/123
f 2645/2400/123 2647/2334/90 2759/2335/91 2757/2401/124
f 2757/2401/124 2759/2335/91 2871/2336/92 2869/2402/125
f 2869/2402/125 2871/2336/92 2983/2337/93 2981/2403/126
f 2981/2403/126 2983/2337/93 3095/2338/94 3093/2404/127
f 3093/2404/127 3095/2338/94 3207/2339/95 3205/2405/128
f 3205/2405/128 3207/2339/95 3319/2340/96 3317/2406/129
f 3317/2406/129 3319/2340/96 3431/2341/97 3429/2407/130
f 3429/2407/130 3431/2341/97 3543/2342/98 3541/2408/131
f 3541/2408/131 3543/2342/98 3655/2343/99 3653/2409/132
f 75/2410/299 76/2411/134 188/2412/135 187/2413/136
f 187/2413/136 188/2412/135 300/2414/137 299/2415/138
f 299/2415/138 300/2414/137 412/2416/139 411/2417/140
f 411/2417/140 412/2416/139 524/2418/141 523/2419/142
f 523/2419/142 524/2418/141 636/2420/143 635/2421/144
f 635/2421/144 636/2420/143 748/2422/145 747/2423/146
f 747/2423/146 748/2422/145 860/2424/147 859/2425/148
f 859/2425/148 860/2424/147 972/2426/149 971/2427/150
f 971/2427/150 972/2426/149 1084/2428/151 1083/2429/152
f 1083/2429/152 1084/2428/151 1196/2430/153 1195/2431/154
f 1195/2431/154 1196/2430/153 1308/2432/155 1307/2433/156
f 1307/2433/156 1308/2432/155 1420/2434/157 1419/2435/158
f 1419/2435/158 1420/2434/157 1532/2436/159 1531/2437/160
f 1531/2437/160 1532/2436/159 1644/2438/161 1643/2439/162
f 1643/2439/162 1644/2438/161 1756/2440/163 1755/2441/164
f 1755/2441/164 1756/2440/163 1868/2442/165 1867/2443/166
f 1867/2443/166 1868/2442/165 1980/2444/167 1979/2445/168
f 1979/2445/168 1980/2444/167 2092/2446/169 2091/2447/170
f 2091/2447/170 2092/2446/169 2204/2448/171 2203/2449/172
f 2203/2449/172 2204/2448/171 2316/2450/173 2315/2451/174
f 2315/2451/174 2316/2450/173 2428/2452/175 2427/2453/176
f 2427/2453/176 2428/2452/175 2540/2454/177 2539/2455/178
f 2539/2455/178 2540/2454/177 2652/2456/179 2651/2457/180
f 2651/2457/180 2652/2456/179 2764/2458/181 2763/2459/182
f 2763/2459/182 2764/2458/181 2876/2460/183 2875/2461/184
f 2875/2461/184 2876/2460/183 2988/2462/185 2987/2463/186
f 2987/2463/186 2988/2462/185 3100/2464/187 3099/2465/188
f 3099/2465/188 3100/2464/187 3212/2466/189 3211/2467/190
f 3211/2467/190 3212/2466/189 3324/2468/191 3323/2469/192
f 3323/2469/192 3324/2468/191 3436/2470/193 3435/2471/194
f 3435/2471/194 3436/2470/193 3548/2472/195 3547/2473/196
f 3547/2473/196 3548/2472/195 3660/2474/197 3659/2475/198
f 76/2411/134 74/2476/199 186/2477/200 188/2412/135
f 188/2412/135 186/2477/200 298/2478/201 300/2414/137
f 300/2414/137 298/2478/201 410/2479/202 412/2416/139
f 412/2416/139 410/2479/202 522/2480/203 524/2418/141
f 524/2418/141 522/2480/203 634/2481/204 636/2420/143
f 636/2420/143 634/2481/204 746/2482/205 748/2422/145
f 748/2422/145 746/2482/205 858/2483/206 860/2424/147
f 860/2424/147 858/2483/206 970/2484/207 972/2426/149
f 972/2426/149 970/2484/207 1082/2485/208 1084/2428/151
f 1084/2428/151 1082/2485/208 1194/2486/209 1196/2430/153
f 1196/2430/153 1194/2486/209 1306/2487/210 1308/2432/155
f 1308/2432/155 1306/2487/210 1418/2488/211 1420/2434/157
f 1420/2434/157 1418/2488/211 1530/2489/212 1532/2436/159
f 1532/2436/159 1530/2489/212 1642/2490/213 1644/2438/161
f 1644/2438/161 1642/2490/213 1754/2491/214 1756/2440/163
f 1756/2440/163 1754/2491/214 1866/2492/215 1868/2442/165
f 1868/2442/165 1866/2492/215 1978/2493/216 1980/2444/167
f 1980/2444/167 1978/2493/216 2090/2494/217 2092/2446/169
f 2092/2446/169 2090/2494/217 2202/2495/218 2204/2448/171
f 2204/2448/171 2202/2495/218 2314/2496/219 2316/2450/173
f 2316/2450/173 2314/2496/219 2426/2497/220 2428/2452/175
f 2428/2452/175 2426/2497/220 2538/2498/221 2540/2454/177
f 2540/2454/177 2538/2498/221 2650/2499/222 2652/2456/179
f 2652/2456/179 2650/2499/222 2762/2500/223 2764/2458/181
f 2764/2458/181 2762/2500/223 2874/2501/224 2876/2460/183
f 2876/2460/183 2874/2501/224 2986/2502/225 2988/2462/185
f 2988/2462/185 2986/2502/225 3098/2503/226 3100/2464/187
f 3100/2464/187 3098/2503/226 3210/2504/227 3212/2466/189
f 3212/2466/189 3210/2504/227 3322/2505/228 3324/2468/191
f 3324/2468/191 3322/2505/228 3434/2506/229 3436/2470/193
f 3436/2470/193 3434/2506/229 3546/2507/230 3548/2472/195
f 3548/2472/195 3546/2507/230 3658/2508/231 3660/2474/197
f 74/2476/199 69/2377/100 181/2378/101 186/2477/200
f 186/2477/200 181/2378/101 293/2379/102 298/2478/201
f 298/2478/201 293/2379/102 405/2380/103 410/2479/202
f 410/2479/202 405/2380/103 517/2381/104 522/2480/203
f 522/2480/203 517/2381/104 629/2382/105 634/2481/204
f 634/2481/204 629/2382/105 741/2383/106 746/2482/205
f 746/2482/205 741/2383/106 853/2384/107 858/2483/206
f 858/2483/206 853/2384/107 965/2385/108 970/2484/207
f 970/2484/207 965/2385/108 1077/2386/109 1082/2485/208
f 1082/2485/208 1077/2386/109 1189/2387/110 1194/2486/209
f 1194/2486/209 1189/2387/110 1301/2388/111 1306/2487/210
f 1306/2487/210 1301/2388/111 1413/2389/112 1418/2488/211
f 1418/2488/211 1413/2389/112 1525/2390/113 1530/2489/212
f 1530/2489/212 1525/2390/113 1637/2391/114 1642/2490/213
f 1642/2490/213 1637/2391/114 1749/2392/115 1754/2491/214
f 1754/2491/214 1749/2392/115 1861/2393/116 1866/2492/215
f 1866/2492/215 1861/2393/116 1973/2394/117 1978/2493/216
f 1978/2493/216 1973/2394/117 2085/2395/118 2090/2494/217
f 2090/2494/217 2085/2395/118 2197/2396/119 2202/2495/218
f 2202/2495/218 2197/2396/119 2309/2397/120 2314/2496/219
f 2314/2496/219 2309/2397/120 2421/2398/121 2426/2497/220
f 2426/2497/220 2421/2398/121 2533/2399/122 2538/2498/221
f 2538/2498/221 2533/2399/122 2645/2400/123 2650/2499/222
f 2650/2499/222 2645/2400/123 2757/2401/124 2762/2500/223
f 2762/2500/223 2757/2401/124 2869/2402/125 2874/2501/224
f 2874/2501/224 2869/2402/125 2981/2403/126 2986/2502/225
f 2986/2502/225 2981/2403/126 3093/2404/127 3098/2503/226
f 3098/2503/226 3093/2404/127 3205/2405/128 3210/2504/227
f 3210/2504/227 3205/2405/128 3317/2406/129 3322/2505/228
f 3322/2505/228 3317/2406/129 3429/2407/130 3434/2506/229
f 3434/2506/229 3429/2407/130 3541/2408/131 3546/2507/230
f 3546/2507/230 3541/2408/131 3653/2409/132 3658/2508/231
f 80/2509/1 79/2510/2 192/2511/3 193/2512/4
f 193/2512/4 192/2511/3 303/2513/5 304/2514/6
f 304/2514/6 303/2513/5 415/2515/7 416/2516/8
f 416/2516/8 415/2515/7 527/2517/9 528/2518/10
f 528/2518/10 527/2517/9 640/2519/11 641/2520/12
f 641/2520/12 640/2519/11 751/2521/13 752/2522/14
f 752/2522/14 751/2521/13 863/2523/15 864/2524/16
f 864/2524/16 863/2523/15 975/2525/17 976/2526/18
f 976/2526/18 975/2525/17 1087/2527/19 1088/2528/20
f 1088/2528/20 1087/2527/19 1199/2529/21 1200/2530/22
f 1200/2530/22 1199/2529/21 1311/2531/23 1312/2532/24
f 1312/2532/24 1311/2531/23 1423/2533/25 1424/2534/26
f 1424/2534/26 1423/2533/25 1535/2535/27 1536/2536/28
f 1536/2536/28 1535/2535/27 1648/2537/29 1649/2538/30
f 1649/2538/30 1648/2537/29 1759/2539/31 1760/2540/32
f 1760/2540/32 1759/2539/31 1871/2541/33 1872/2542/34
f 1872/2542/34 1871/2541/33 1984/2543/35 1985/2544/36
f 1985/2544/36 1984/2543/35 2095/2545/37 2096/2546/38
f 2096/2546/38 2095/2545/37 2207/2547/39 2208/2548/40
f 2208/2548/40 2207/2547/39 2319/2549/41 2320/2550/42
f 2320/2550/42 2319/2549/41 2431/2551/43 2432/2552/44
f 2432/2552/44 2431/2551/43 2544/2553/45 2545/2554/46
f 2545/2554/46 2544/2553/45 2656/2555/47 2657/2556/48
f 2657/2556/48 2656/2555/47 2768/2557/49 2769/2558/50
f 2769/2558/50 2768/2557/49 2880/2559/51 2881/2560/52
f 2881/2560/52 2880/2559/51 2992/2561/53 2993/2562/54
f 2993/2562/54 2992/2561/53 3104/2563/55 3105/2564/56
f 3105/2564/56 3104/2563/55 3215/2565/57 3216/2566/58
f 3216/2566/58 3215/2565/57 3327/2567/59 3328/2568/60
f 3328/2568/60 3327/2567/59 3440/2569/61 3441/2570/62
f 3441/2570/62 3440/2569/61 3551/2571/63 3552/2572/64
f 3552/2572/64 3551/2571/63 3663/2573/65 3664/2574/66
f 78/2575/67 80/2509/1 193/2512/4 191/2576/68
f 191/2576/68 193/2512/4 304/2514/6 302/2577/69
f 302/2577/69 304/2514/6 416/2516/8 414/2578/70
f 414/2578/70 416/2516/8 528/2518/10 526/2579/71
f 526/2579/71 528/2518/10 641/2520/12 639/2580/72
f 639/2580/72 641/2520/12 752/2522/14 750/2581/73
f 750/2581/73 752/2522/14 864/2524/16 862/2582/74
f 862/2582/74 864/2524/16 976/2526/18 974/2583/75
f 974/2583/75 976/2526/18 1088/2528/20 1086/2584/76
f 1086/2584/76 1088/2528/20 1200/2530/22 1198/2585/77
f 1198/2585/77 1200/2530/22 1312/2532/24 1310/2586/78
f 1310/2586/78 1312/2532/24 1424/2534/26 1422/2587/79
f 1422/2587/79 1424/2534/26 1536/2536/28 1534/2588/80
f 1534/2588/80 1536/2536/28 1649/2538/30 1647/2589/81
f 1647/2589/81 1649/2538/30 1760/2540/32 1758/2590/82
f 1758/2590/82 1760/2540/32 1872/2542/34 1870/2591/83
f 1870/2591/83 1872/2542/34 1985/2544/36 1983/2592/84
f 1983/2592/84 1985/2544/36 2096/2546/38 2094/2593/85
f 2094/2593/85 2096/2546/38 2208/2548/40 2206/2594/86
f 2206/2594/86 2208/2548/40 2320/2550/42 2318/2595/87
f 2318/2595/87 2320/2550/42 2432/2552/44 2430/2596/88
f 2430/2596/88 2432/2552/44 2545/2554/46 2543/2597/89
f 2543/2597/89 2545/2554/46 2657/2556/48 2655/2598/90
f 2655/2598/90 2657/2556/48 2769/2558/50 2767/2599/91
f 2767/2599/91 2769/2558/50 2881/2560/52 2879/2600/92
f 2879/2600/92 2881/2560/52 2993/2562/54 2991/2601/93
f 2991/2601/93 2993/2562/54 3105/2564/56 3103/2602/94
f 3103/2602/94 3105/2564/56 3216/2566/58 3214/2603/95
f 3214/2603/95 3216/2566/58 3328/2568/60 3326/2604/96
f 3326/2604/96 3328/2568/60 3441/2570/62 3439/2605/97
f 3439/2605/97 3441/2570/62 3552/2572/64 3550/2606/98
f 3550/2606/98 3552/2572/64 3664/2574/66 3662/2607/99
f 79/2510/2 90/2608/100 190/2609/101 192/2511/3
f 192/2511/3 190/2609/101 314/2610/102 303/2513/5
f 303/2513/5 314/2610/102 426/2611/103 415/2515/7
f 415/2515/7 426/2611/103 538/2612/104 527/2517/9
f 527/2517/9 538/2612/104 638/2613/105 640/2519/11
f 640/2519/11 638/2613/105 762/2614/106 751/2521/13
f 751/2521/13 762/2614/106 874/2615/107 863/2523/15
f 863/2523/15 874/2615/107 986/2616/108 975/2525/17
f 975/2525/17 986/2616/108 1098/2617/109 1087/2527/19
f 1087/2527/19 1098/2617/109 1210/2618/110 1199/2529/21
f 1199/2529/21 1210/2618/110 1322/2619/111 1311/2531/23
f 1311/2531/23 1322/2619/111 1434/2620/112 1423/2533/25
f 1423/2533/25 1434/2620/112 1546/2621/113 1535/2535/27
f 1535/2535/27 1546/2621/113 1646/2622/114 1648/2537/29
f 1648/2537/29 1646/2622/114 1770/2623/115 1759/2539/31
f 1759/2539/31 1770/2623/115 1882/2624/116 1871/2541/33
f 1871/2541/33 1882/2624/116 1982/2625/117 1984/2543/35
f 1984/2543/35 1982/2625/117 2106/2626/118 2095/2545/37
f 2095/2545/37 2106/2626/118 2218/2627/119 2207/2547/39
f 2207/2547/39 2218/2627/119 2330/2628/120 2319/2549/41
f 2319/2549/41 2330/2628/120 2442/2629/121 2431/2551/43
f 2431/2551/43 2442/2629/121 2542/2630/122 2544/2553/45
f 2544/2553/45 2542/2630/122 2654/2631/123 2656/2555/47
f 2656/2555/47 2654/2631/123 2766/2632/124 2768/2557/49
f 2768/2557/49 2766/2632/124 2878/2633/125 2880/2559/51
f 2880/2559/51 2878/2633/125 2990/2634/126 2992/2561/53
f 2992/2561/53 2990/2634/126 3102/2635/127 3104/2563/55
f 3104/2563/55 3102/2635/127 3226/2636/128 3215/2565/57
f 3215/2565/57 3226/2636/128 3338/2637/129 3327/2567/59
f 3327/2567/59 3338/2637/129 3438/2638/130 3440/2569/61
f 3440/2569/61 3438/2638/130 3562/2639/131 3551/2571/63
f 3551/2571/63 3562/2639/131 3674/2640/132 3663/2573/65
f 77/2641/100 78/2575/67 191/2576/68 189/2642/101
f 189/2642/101 191/2576/68 302/2577/69 301/2643/102
f 301/2643/102 302/2577/69 414/2578/70 413/2644/103
f 413/2644/103 414/2578/70 526/2579/71 525/2645/104
f 525/2645/104 526/2579/71 639/2580/72 637/2646/105
f 637/2646/105 639/2580/72 750/2581/73 749/2647/106
f 749/2647/106 750/2581/73 862/2582/74 861/2648/107
f 861/2648/107 862/2582/74 974/2583/75 973/2649/108
f 973/2649/108 974/2583/75 1086/2584/76 1085/2650/109
f 1085/2650/109 1086/2584/76 1198/2585/77 1197/2651/110
f 1197/2651/110 1198/2585/77 1310/2586/78 1309/2652/111
f 1309/2652/111 1310/2586/78 1422/2587/79 1421/2653/112
f 1421/2653/112 1422/2587/79 1534/2588/80 1533/2654/113
f 1533/2654/113 1534/2588/80 1647/2589/81 1645/2655/114
f 1645/2655/114 1647/2589/81 1758/2590/82 1757/2656/115
f 1757/2656/115 1758/2590/82 1870/2591/83 1869/2657/116
f 1869/2657/116 1870/2591/83 1983/2592/84 1981/2658/117
f 1981/2658/117 1983/2592/84 2094/2593/85 2093/2659/118
f 2093/2659/118 2094/2593/85 2206/2594/86 2205/2660/119
f 2205/2660/119 2206/2594/86 2318/2595/87 2317/2661/120
f 2317/2661/120 2318/2595/87 2430/2596/88 2429/2662/121
f 2429/2662/121 2430/2596/88 2543/2597/89 2541/2663/122
f 2541/2663/122 2543/2597/89 2655/2598/90 2653/2664/123
f 2653/2664/123 2655/2598/90 2767/2599/91 2765/2665/124
f 2765/2665/124 2767/2599/91 2879/2600/92 2877/2666/125
f 2877/2666/125 2879/2600/92 2991/2601/93 2989/2667/126
f 2989/2667/126 2991/2601/93 3103/2602/94 3101/2668/127
f 3101/2668/127 3103/2602/94 3214/2603/95 3213/2669/128
f 3213/2669/128 3214/2603/95 3326/2604/96 3325/2670/129
f 3325/2670/129 3326/2604/96 3439/2605/97 3437/2671/130
f 3437/2671/130 3439/2605/97 3550/2606/98 3549/2672/131
f 3549/2672/131 3550/2606/98 3662/2607/99 3661/2673/132
f 82/2674/299 83/2675/134 196/2676/135 195/2677/136
f 195/2677/136 196/2676/135 307/2678/137 306/2679/138
f 306/2679/138 307/2678/137 419/2680/139 418/2681/140
f 418/2681/140 419/2680/139 531/2682/141 530/2683/142
f 530/2683/142 531/2682/141 644/2684/143 643/2685/144
f 643/2685/144 644/2684/143 755/2686/145 754/2687/146
f 754/2687/146 755/2686/145 867/2688/147 866/2689/148
f 866/2689/148 867/2688/147 979/2690/149 978/2691/150
f 978/2691/150 979/2690/149 1091/2692/151 1090/2693/152
f 1090/2693/152 1091/2692/151 1203/2694/153 1202/2695/154
f 1202/2695/154 1203/2694/153 1315/2696/155 1314/2697/156
f 1314/2697/156 1315/2696/155 1427/2698/157 1426/2699/158
f 1426/2699/158 1427/2698/157 1539/2700/159 1538/2701/160
f 1538/2701/160 1539/2700/159 1652/2702/161 1651/2703/162
f 1651/2703/162 1652/2702/161 1763/2704/163 1762/2705/164
f 1762/2705/164 1763/2704/163 1875/2706/165 1874/2707/166
f 1874/2707/166 1875/2706/165 1988/2708/167 1987/2709/168
f 1987/2709/168 1988/2708/167 2099/2710/169 2098/2711/170
f 2098/2711/170 2099/2710/169 2211/2712/171 2210/2713/172
f 2210/2713/172 2211/2712/171 2323/2714/173 2322/2715/174
f 2322/2715/174 2323/2714/173 2435/2716/175 2434/2717/176
f 2434/2717/176 2435/2716/175 2548/2718/177 2547/2719/178
f 2547/2719/178 2548/2718/177 2660/2720/179 2659/2721/180
f 2659/2721/180 2660/2720/179 2772/2722/181 2771/2723/182
f 2771/2723/182 2772/2722/181 2884/2724/183 2883/2725/184
f 2883/2725/184 2884/2724/183 2996/2726/185 2995/2727/186
f 2995/2727/186 2996/2726/185 3108/2728/187 3107/2729/188
f 3107/2729/188 3108/2728/187 3219/2730/189 3218/2731/190
f 3218/2731/190 3219/2730/189 3331/2732/191 3330/2733/192
f 3330/2733/192 3331/2732/191 3444/2734/193 3443/2735/194
f 3443/2735/194 3444/2734/193 3555/2736/195 3554/2737/196
f 3554/2737/196 3555/2736/195 3667/2738/197 3666/2739/198
f 83/2675/134 81/2740/199 194/2741/200 196/2676/135
f 196/2676/135 194/2741/200 305/2742/201 307/2678/137
f 307/2678/137 305/2742/201 417/2743/202 419/2680/139
f 419/2680/139 417/2743/202 529/2744/203 531/2682/141
f 531/2682/141 529/2744/203 642/2745/204 644/2684/143
f 644/2684/143 642/2745/204 753/2746/205 755/2686/145
f 755/2686/145 753/2746/205 865/2747/206 867/2688/147
f 867/2688/147 865/2747/206 977/2748/207 979/2690/149
f 979/2690/149 977/2748/207 1089/2749/208 1091/2692/151
f 1091/2692/151 1089/2749/208 1201/2750/209 1203/2694/153
f 1203/2694/153 1201/2750/209 1313/2751/210 1315/2696/155
f 1315/2696/155 1313/2751/210 1425/2752/211 1427/2698/157
f 1427/2698/157 1425/2752/211 1537/2753/212 1539/2700/159
f 1539/2700/159 1537/2753/212 1650/2754/213 1652/2702/161
f 1652/2702/161 1650/2754/213 1761/2755/214 1763/2704/163
f 1763/2704/163 1761/2755/214 1873/2756/215 1875/2706/165
f 1875/2706/165 1873/2756/215 1986/2757/216 1988/2708/167
f 1988/2708/167 1986/2757/216 2097/2758/217 2099/2710/169
f 2099/2710/169 2097/2758/217 2209/2759/218 2211/2712/171
f 2211/2712/171 2209/2759/218 2321/2760/219 2323/2714/173
f 2323/2714/173 2321/2760/219 2433/2761/220 2435/2716/175
f 2435/2716/175 2433/2761/220 2546/2762/221 2548/2718/177
f 2548/2718/177 2546/2762/221 2658/2763/222 2660/2720/179
f 2660/2720/179 2658/2763/222 2770/2764/223 2772/2722/181
f 2772/2722/181 2770/2764/223 2882/2765/224 2884/2724/183
f 2884/2724/183 2882/2765/224 2994/2766/225 2996/2726/185
f 2996/2726/185 2994/2766/225 3106/2767/226 3108/2728/187
f 3108/2728/187 3106/2767/226 3217/2768/227 3219/2730/189
f 3219/2730/189 3217/2768/227 3329/2769/228 3331/2732/191
f 3331/2732/191 3329/2769/228 3442/2770/229 3444/2734/193
f 3444/2734/193 3442/2770/229 3553/2771/230 3555/2736/195
f 3555/2736/195 3553/2771/230 3665/2772/231 3667/2738/197
f 81/2740/199 77/2641/100 189/2642/101 194/2741/200
f 194/2741/200 189/2642/101 301/2643/102 305/2742/201
f 305/2742/201 301/2643/102 413/2644/103 417/2743/202
f 417/2743/202 413/2644/103 525/2645/104 529/2744/203
f 529/2744/203 525/2645/104 637/2646/105 642/2745/204
f 642/2745/204 637/2646/105 749/2647/106 753/2746/205
f 753/2746/205 749/2647/106 861/2648/107 865/2747/206
f 865/2747/206 861/2648/107 973/2649/108 977/2748/207
f 977/2748/207 973/2649/108 1085/2650/109 1089/2749/208
f 1089/2749/208 1085/2650/109 1197/2651/110 1201/2750/209
f 1201/2750/209 1197/2651/110 1309/2652/111 1313/2751/210
f 1313/2751/210 1309/2652/111 1421/2653/112 1425/2752/211
f 1425/2752/211 1421/2653/112 1533/2654/113 1537/2753/212
f 1537/2753/212 1533/2654/113 1645/2655/114 1650/2754/213
f 1650/2754/213 1645/2655/114 1757/2656/115 1761/2755/214
f 1761/2755/214 1757/2656/115 1869/2657/116 1873/2756/215
f 1873/2756/215 1869/2657/116 1981/2658/117 1986/2757/216
f 1986/2757/216 1981/2658/117 2093/2659/118 2097/2758/217
f 2097/2758/217 2093/2659/118 2205/2660/119 2209/2759/218
f 2209/2759/218 2205/2660/119 2317/2661/120 2321/2760/219
f 2321/2760/219 2317/2661/120 2429/2662/121 2433/2761/220
f 2433/2761/220 2429/2662/121 2541/2663/122 2546/2762/221
f 2546/2762/221 2541/2663/122 2653/2664/123 2658/2763/222
f 2658/2763/222 2653/2664/123 2765/2665/124 2770/2764/223
f 2770/2764/223 2765/2665/124 2877/2666/125 2882/2765/224
f 2882/2765/224 2877/2666/125 2989/2667/126 2994/2766/225
f 2994/2766/225 2989/2667/126 3101/2668/127 3106/2767/226
f 3106/2767/226 3101/2668/127 3213/2669/128 3217/2768/227
f 3217/2768/227 3213/2669/128 3325/2670/129 3329/2769/228
f 3329/2769/228 3325/2670/129 3437/2671/130 3442/2770/229
f 3442/2770/229 3437/2671/130 3549/2672/131 3553/2771/230
f 3553/2771/230 3549/2672/131 3661/2673/132 3665/2772/231
f 70/2344/100 82/2674/299 195/2677/136 182/2345/101
f 182/2345/101 195/2677/136 306/2679/138 294/2346/102
f 294/2346/102 306/2679/138 418/2681/140 406/2347/103
f 406/2347/103 418/2681/140 530/2683/142 518/2348/104
f 518/2348/104 530/2683/142 643/2685/144 630/2349/105
f 630/2349/105 643/2685/144 754/2687/146 742/2350/106
f 742/2350/106 754/2687/146 866/2689/148 854/2351/107
f 854/2351/107 866/2689/148 978/2691/150 966/2352/108
f 966/2352/108 978/2691/150 1090/2693/152 1078/2353/109
f 1078/2353/109 1090/2693/152 1202/2695/154 1190/2354/110
f 1190/2354/110 1202/2695/154 1314/2697/156 1302/2355/111
f 1302/2355/111 1314/2697/156 1426/2699/158 1414/2356/112
f 1414/2356/112 1426/2699/158 1538/2701/160 1526/2357/113
f 1526/2357/113 1538/2701/160 1651/2703/162 1638/2358/114
f 1638/2358/114 1651/2703/162 1762/2705/164 1750/2359/115
f 1750/2359/115 1762/2705/164 1874/2707/166 1862/2360/116
f 1862/2360/116 1874/2707/166 1987/2709/168 1974/2361/117
f 1974/2361/117 1987/2709/168 2098/2711/170 2086/2362/118
f 2086/2362/118 2098/2711/170 2210/2713/172 2198/2363/119
f 2198/2363/119 2210/2713/172 2322/2715/174 2310/2364/120
f 2310/2364/120 2322/2715/174 2434/2717/176 2422/2365/121
f 2422/2365/121 2434/2717/176 2547/2719/178 2534/2366/122
f 2534/2366/122 2547/2719/178 2659/2721/180 2646/2367/123
f 2646/2367/123 2659/2721/180 2771/2723/182 2758/2368/124
f 2758/2368/124 2771/2723/182 2883/2725/184 2870/2369/125
f 2870/2369/125 2883/2725/184 2995/2727/186 2982/2370/126
f 2982/2370/126 2995/2727/186 3107/2729/188 3094/2371/127
f 3094/2371/127 3107/2729/188 3218/2731/190 3206/2372/128
f 3206/2372/128 3218/2731/190 3330/2733/192 3318/2373/129
f 3318/2373/129 3330/2733/192 3443/2735/194 3430/2374/130
f 3430/2374/130 3443/2735/194 3554/2737/196 3542/2375/131
f 3542/2375/131 3554/2737/196 3666/2739/198 3654/2376/132
f 88/2773/1 87/2774/2 200/2775/3 201/2776/4
f 201/2776/4 200/2775/3 311/2777/5 312/2778/6
f 312/2778/6 311/2777/5 423/2779/7 424/2780/8
f 424/2780/8 423/2779/7 535/2781/9 536/2782/10
f 536/2782/10 535/2781/9 648/2783/11 649/2784/12
f 649/2784/12 648/2783/11 759/2785/13 760/2786/14
f 760/2786/14 759/2785/13 871/2787/15 872/2788/16
f 872/2788/16 871/2787/15 983/2789/17 984/2790/18
f 984/2790/18 983/2789/17 1095/2791/19 1096/2792/20
f 1096/2792/20 1095/2791/19 1207/2793/21 1208/2794/22
f 1208/2794/22 1207/2793/21 1319/2795/23 1320/2796/24
f 1320/2796/24 1319/2795/23 1431/2797/25 1432/2798/26
f 1432/2798/26 1431/2797/25 1543/2799/27 1544/2800/28
f 1544/2800/28 1543/2799/27 1656/2801/29 1657/2802/30
f 1657/2802/30 1656/2801/29 1767/2803/31 1768/2804/32
f 1768/2804/32 1767/2803/31 1879/2805/33 1880/2806/34
f 1880/2806/34 1879/2805/33 1992/2807/35 1993/2808/36
f 1993/2808/36 1992/2807/35 2103/2809/37 2104/2810/38
f 2104/2810/38 2103/2809/37 2215/2811/39 2216/2812/40
f 2216/2812/40 2215/2811/39 2327/2813/41 2328/2814/42
f 2328/2814/42 2327/2813/41 2439/2815/43 2440/2816/44
f 2440/2816/44 2439/2815/43 2552/2817/45 2553/2818/46
f 2553/2818/46 2552/2817/45 2664/2819/47 2665/2820/48
f 2665/2820/48 2664/2819/47 2776/2821/49 2777/2822/50
f 2777/2822/50 2776/2821/49 2888/2823/51 2889/2824/52
f 2889/2824/52 2888/2823/51 3000/2825/53 3001/2826/54
f 3001/2826/54 3000/2825/53 3112/2827/55 3113/2828/56
f 3113/2828/56 3112/2827/55 3223/2829/57 3224/2830/58
f 3224/2830/58 3223/2829/57 3335/2831/59 3336/2832/60
f 3336/2832/60 3335/2831/59 3448/2833/61 3449/2834/62
f 3449/2834/62 3448/2833/61 3559/2835/63 3560/2836/64
f 3560/2836/64 3559/2835/63 3671/2837/65 3672/2838/66
f 86/2839/67 88/2773/1 201/2776/4 199/2840/68
f 199/2840/68 201/2776/4 312/2778/6 310/2841/69
f 310/2841/69 312/2778/6 424/2780/8 422/2842/70
f 422/2842/70 424/2780/8 536/2782/10 534/2843/71
f 534/2843/71 536/2782/10 649/2784/12 647/2844/72
f 647/2844/72 649/2784/12 760/2786/14 758/2845/73
f 758/2845/73 760/2786/14 872/2788/16 870/2846/74
f 870/2846/74 872/2788/16 984/2790/18 982/2847/75
f 982/2847/75 984/2790/18 1096/2792/20 1094/2848/76
f 1094/2848/76 1096/2792/20 1208/2794/22 1206/2849/77
f 1206/2849/77 1208/2794/22 1320/2796/24 1318/2850/78
f 1318/2850/78 1320/2796/24 1432/2798/26 1430/2851/79
f 1430/2851/79 1432/2798/26 1544/2800/28 1542/2852/80
f 1542/2852/80 1544/2800/28 1657/2802/30 1655/2853/81
f 1655/2853/81 1657/2802/30 1768/2804/32 1766/2854/82
f 1766/2854/82 1768/2804/32 1880/2806/34 1878/2855/83
f 1878/2855/83 1880/2806/34 1993/2808/36 1991/2856/84
f 1991/2856/84 1993/2808/36 2104/2810/38 2102/2857/85
f 2102/2857/85 2104/2810/38 2216/2812/40 2214/2858/86
f 2214/2858/86 2216/2812/40 2328/2814/42 2326/2859/87
f 2326/2859/87 2328/2814/42 2440/2816/44 2438/2860/88
f 2438/2860/88 2440/2816/44 2553/2818/46 2551/2861/89
f 2551/2861/89 2553/2818/46 2665/2820/48 2663/2862/90
f 2663/2862/90 2665/2820/48 2777/2822/50 2775/2863/91
f 2775/2863/91 2777/2822/50 2889/2824/52 2887/2864/92
f 2887/2864/92 2889/2824/52 3001/2826/54 2999/2865/93
f 2999/2865/93 3001/2826/54 3113/2828/56 3111/2866/94
f 3111/2866/94 3113/2828/56 3224/2830/58 3222/2867/95
f 3222/2867/95 3224/2830/58 3336/2832/60 3334/2868/96
f 3334/2868/96 3336/2832/60 3449/2834/62 3447/2869/97
f 3447/2869/97 3449/2834/62 3560/2836/64 3558/2870/98
f 3558/2870/98 3560/2836/64 3672/2838/66 3670/2871/99
f 87/2774/2 85/2872/100 198/2873/101 200/2775/3
f 200/2775/3 198/2873/101 309/2874/102 311/2777/5
f 311/2777/5 309/2874/102 421/2875/103 423/2779/7
f 423/2779/7 421/2875/103 533/2876/104 535/2781/9
f 535/2781/9 533/2876/104 646/2877/105 648/2783/11
f 648/2783/11 646/2877/105 757/2878/106 759/2785/13
f 759/2785/13 757/2878/106 869/2879/107 871/2787/15
f 871/2787/15 869/2879/107 981/2880/108 983/2789/17
f 983/2789/17 981/2880/108 1093/2881/109 1095/2791/19
f 1095/2791/19 1093/2881/109 1205/2882/110 1207/2793/21
f 1207/2793/21 1205/2882/110 1317/2883/111 1319/2795/23
f 1319/2795/23 1317/2883/111 1429/2884/112 1431/2797/25
f 1431/2797/25 1429/2884/112 1541/2885/113 1543/2799/27
f 1543/2799/27 1541/2885/113 1654/2886/114 1656/2801/29
f 1656/2801/29 1654/2886/114 1765/2887/115 1767/2803/31
f 1767/2803/31 1765/2887/115 1877/2888/116 1879/2805/33
f 1879/2805/33 1877/2888/116 1990/2889/117 1992/2807/35
f 1992/2807/35 1990/2889/117 2101/2890/118 2103/2809/37
f 2103/2809/37 2101/2890/118 2213/2891/119 2215/2811/39
f 2215/2811/39 2213/2891/119 2325/2892/120 2327/2813/41
f 2327/2813/41 2325/2892/120 2437/2893/121 2439/2815/43
f 2439/2815/43 2437/2893/121 2550/2894/122 2552/2817/45
f 2552/2817/45 2550/2894/122 2662/2895/123 2664/2819/47
f 2664/2819/47 2662/2895/123 2774/2896/124 2776/2821/49
f 2776/2821/49 2774/2896/124 2886/2897/125 2888/2823/51
f 2888/2823/51 2886/2897/125 2998/2898/126 3000/2825/53
f 3000/2825/53 2998/2898/126 3110/2899/127 3112/2827/55
f 3112/2827/55 3110/2899/127 3221/2900/128 3223/2829/57
f 3223/2829/57 3221/2900/128 3333/2901/129 3335/2831/59
f 3335/2831/59 3333/2901/129 3446/2902/130 3448/2833/61
f 3448/2833/61 3446/2902/130 3557/2903/131 3559/2835/63
f 3559/2835/63 3557/2903/131 3669/2904/132 3671/2837/65
f 84/2905/100 86/2839/67 199/2840/68 197/2906/101
f 197/2906/101 199/2840/68 310/2841/69 308/2907/102
f 308/2907/102 310/2841/69 422/2842/70 420/2908/103
f 420/2908/103 422/2842/70 534/2843/71 532/2909/104
f 532/2909/104 534/2843/71 647/2844/72 645/2910/105
f 645/2910/105 647/2844/72 758/2845/73 756/2911/106
f 756/2911/106 758/2845/73 870/2846/74 868/2912/107
f 868/2912/107 870/2846/74 982/2847/75 980/2913/108
f 980/2913/108 982/2847/75 1094/2848/76 1092/2914/109
f 1092/2914/109 1094/2848/76 1206/2849/77 1204/2915/110
f 1204/2915/110 1206/2849/77 1318/2850/78 1316/2916/111
f 1316/2916/111 1318/2850/78 1430/2851/79 1428/2917/112
f 1428/2917/112 1430/2851/79 1542/2852/80 1540/2918/113
f 1540/2918/113 1542/2852/80 1655/2853/81 1653/2919/114
f 1653/2919/114 1655/2853/81 1766/2854/82 1764/2920/115
f 1764/2920/115 1766/2854/82 1878/2855/83 1876/2921/116
f 1876/2921/116 1878/2855/83 1991/2856/84 1989/2922/117
f 1989/2922/117 1991/2856/84 2102/2857/85 2100/2923/118
f 2100/2923/118 2102/2857/85 2214/2858/86 2212/2924/119
f 2212/2924/119 2214/2858/86 2326/2859/87 2324/2925/120
f 2324/2925/120 2326/2859/87 2438/2860/88 2436/2926/121
f 2436/2926/121 2438/2860/88 2551/2861/89 2549/2927/122
f 2549/2927/122 2551/2861/89 2663/2862/90 2661/2928/123
f 2661/2928/123 2663/2862/90 2775/2863/91 2773/2929/124
f 2773/2929/124 2775/2863/91 2887/2864/92 2885/2930/125
f 2885/2930/125 2887/2864/92 2999/2865/93 2997/2931/126
f 2997/2931/126 2999/2865/93 3111/2866/94 3109/2932/127
f 3109/2932/127 3111/2866/94 3222/2867/95 3220/2933/128
f 3220/2933/128 3222/2867/95 3334/2868/96 3332/2934/129
f 3332/2934/129 3334/2868/96 3447/2869/97 3445/2935/130
f 3445/2935/130 3447/2869/97 3558/2870/98 3556/2936/131
f 3556/2936/131 3558/2870/98 3670/2871/99 3668/2937/132
f 91/2938/299 92/2939/134 204/2940/135 203/2941/136
f 203/2941/136 204/2940/135 316/2942/137 315/2943/138
f 315/2943/138 316/2942/137 428/2944/139 427/2945/140
f 427/2945/140 428/2944/139 540/2946/141 539/2947/142
f 539/2947/142 540/2946/141 652/2948/143 651/2949/144
f 651/2949/144 652/2948/143 764/2950/145 763/2951/146
f 763/2951/146 764/2950/145 876/2952/147 875/2953/148
f 875/2953/148 876/2952/147 988/2954/149 987/2955/150
f 987/2955/150 988/2954/149 1100/2956/151 1099/2957/152
f 1099/2957/152 1100/2956/151 1212/2958/153 1211/2959/154
f 1211/2959/154 1212/2958/153 1324/2960/155 1323/2961/156
f 1323/2961/156 1324/2960/155 1436/2962/157 1435/2963/158
f 1435/2963/158 1436/2962/157 1548/2964/159 1547/2965/160
f 1547/2965/160 1548/2964/159 1660/2966/161 1659/2967/162
f 1659/2967/162 1660/2966/161 1772/2968/163 1771/2969/164
f 1771/2969/164 1772/2968/163 1884/2970/165 1883/2971/166
f 1883/2971/166 1884/2970/165 1996/2972/167 1995/2973/168
f 1995/2973/168 1996/2972/167 2108/2974/169 2107/2975/170
f 2107/2975/170 2108/2974/169 2220/2976/171 2219/2977/172
f 2219/2977/172 2220/2976/171 2332/2978/173 2331/2979/174
f 2331/2979/174 2332/2978/173 2444/2980/175 2443/2981/176
f 2443/2981/176 2444/2980/175 2556/2982/177 2555/2983/178
f 2555/2983/178 2556/2982/177 2668/2984/179 2667/2985/180
f 2667/2985/180 2668/2984/179 2780/2986/181 2779/2987/182
f 2779/2987/182 2780/2986/181 2892/2988/183 2891/2989/184
f 2891/2989/184 2892/2988/183 3004/2990/185 3003/2991/186
f 3003/2991/186 3004/2990/185 3116/2992/187 3115/2993/188
f 3115/2993/188 3116/2992/187 3228/2994/189 3227/2995/190
f 3227/2995/190 3228/2994/189 3340/2996/191 3339/2997/192
f 3339/2997/192 3340/2996/191 3452/2998/193 3451/2999/194
f 3451/2999/194 3452/2998/193 3564/3000/195 3563/3001/196
f 3563/3001/196 3564/3000/195 3676/3002/197 3675/3003/198
f 90/2608/100 91/2938/299 203/2941/136 190/2609/101
f 190/2609/101 203/2941/136 315/2943/138 314/2610/102
f 314/2610/102 315/2943/138 427/2945/140 426/2611/103
f 426/2611/103 427/2945/140 539/2947/142 538/2612/104
f 538/2612/104 539/2947/142 651/2949/144 638/2613/105
f 638/2613/105 651/2949/144 763/2951/146 762/2614/106
f 762/2614/106 763/2951/146 875/2953/148 874/2615/107
f 874/2615/107 875/2953/148 987/2955/150 986/2616/108
f 986/2616/108 987/2955/150 1099/2957/152 1098/2617/109
f 1098/2617/109 1099/2957/152 1211/2959/154 1210/2618/110
f 1210/2618/110 1211/2959/154 1323/2961/156 1322/2619/111
f 1322/2619/111 1323/2961/156 1435/2963/158 1434/2620/112
f 1434/2620/112 1435/2963/158 1547/2965/160 1546/2621/113
f 1546/2621/113 1547/2965/160 1659/2967/162 1646/2622/114
f 1646/2622/114 1659/2967/162 1771/2969/164 1770/2623/115
f 1770/2623/115 1771/2969/164 1883/2971/166 1882/2624/116
f 1882/2624/116 1883/2971/166 1995/2973/168 1982/2625/117
f 1982/2625/117 1995/2973/168 2107/2975/170 2106/2626/118
f 2106/2626/118 2107/2975/170 2219/2977/172 2218/2627/119
f 2218/2627/119 2219/2977/172 2331/2979/174 2330/2628/120
f 2330/2628/120 2331/2979/174 2443/2981/176 2442/2629/121
f 2442/2629/121 2443/2981/176 2555/2983/178 2542/2630/122
f 2542/2630/122 2555/2983/178 2667/2985/180 2654/2631/123
f 2654/2631/123 2667/2985/180 2779/2987/182 2766/2632/124
f 2766/2632/124 2779/2987/182 2891/2989/184 2878/2633/125
f 2878/2633/125 2891/2989/184 3003/2991/186 2990/2634/126
f 2990/2634/126 3003/2991/186 3115/2993/188 3102/2635/127
f 3102/2635/127 3115/2993/188 3227/2995/190 3226/2636/128
f 3226/2636/128 3227/2995/190 3339/2997/192 3338/2637/129
f 3338/2637/129 3339/2997/192 3451/2999/194 3438/2638/130
f 3438/2638/130 3451/2999/194 3563/3001/196 3562/2639/131
f 3562/2639/131 3563/3001/196 3675/3003/198 3674/2640/132
f 92/2939/134 89/3004/199 202/3005/200 204/2940/135
f 204/2940/135 202/3005/200 313/3006/201 316/2942/137
f 316/2942/137 313/3006/201 425/3007/202 428/2944/139
f 428/2944/139 425/3007/202 537/3008/203 540/2946/141
f 540/2946/141 537/3008/203 650/3009/204 652/2948/143
f 652/2948/143 650/3009/204 761/3010/205 764/2950/145
f 764/2950/145 761/3010/205 873/3011/206 876/2952/147
f 876/2952/147 873/3011/206 985/3012/207 988/2954/149
f 988/2954/149 985/3012/207 1097/3013/208 1100/2956/151
f 1100/2956/151 1097/3013/208 1209/3014/209 1212/2958/153
f 1212/2958/153 1209/3014/209 1321/3015/210 1324/2960/155
f 1324/2960/155 1321/3015/210 1433/3016/211 1436/2962/157
f 1436/2962/157 1433/3016/211 1545/3017/212 1548/2964/159
f 1548/2964/159 1545/3017/212 1658/3018/213 1660/2966/161
f 1660/2966/161 1658/3018/213 1769/3019/214 1772/2968/163
f 1772/2968/163 1769/3019/214 1881/3020/215 1884/2970/165
f 1884/2970/165 1881/3020/215 1994/3021/216 1996/2972/167
f 1996/2972/167 1994/3021/216 2105/3022/217 2108/2974/169
f 2108/2974/169 2105/3022/217 2217/3023/218 2220/2976/171
f 2220/2976/171 2217/3023/218 2329/3024/219 2332/2978/173
f 2332/2978/173 2329/3024/219 2441/3025/220 2444/2980/175
f 2444/2980/175 2441/3025/220 2554/3026/221 2556/2982/177
f 2556/2982/177 2554/3026/221 2666/3027/222 2668/2984/179
f 2668/2984/179 2666/3027/222 2778/3028/223 2780/2986/181
f 2780/2986/181 2778/3028/223 2890/3029/224 2892/2988/183
f 2892/2988/183 2890/3029/224 3002/3030/225 3004/2990/185
f 3004/2990/185 3002/3030/225 3114/3031/226 3116/2992/187
f 3116/2992/187 3114/3031/226 3225/3032/227 3228/2994/189
f 3228/2994/189 3225/3032/227 3337/3033/228 3340/2996/191
f 3340/2996/191 3337/3033/228 3450/3034/229 3452/2998/193
f 3452/2998/193 3450/3034/229 3561/3035/230 3564/3000/195
f 3564/3000/195 3561/3035/230 3673/3036/231 3676/3002/197
f 89/3004/199 84/2905/100 197/2906/101 202/3005/200
f 202/3005/200 197/2906/101 308/2907/102 313/3006/201
f 313/3006/201 308/2907/102 420/2908/103 425/3007/202
f 425/3007/202 420/2908/103 532/2909/104 537/3008/203
f 537/3008/203 532/2909/104 645/2910/105 650/3009/204
f 650/3009/204 645/2910/105 756/2911/106 761/3010/205
f 761/3010/205 756/2911/106 868/2912/107 873/3011/206
f 873/3011/206 868/2912/107 980/2913/108 985/3012/207
f 985/3012/207 980/2913/108 1092/2914/109 1097/3013/208
f 1097/3013/208 1092/2914/109 1204/2915/110 1209/3014/209
f 1209/3014/209 1204/2915/110 1316/2916/111 1321/3015/210
f 1321/3015/210 1316/2916/111 1428/2917/112 1433/3016/211
f 1433/3016/211 1428/2917/112 1540/2918/113 1545/3017/212
f 1545/3017/212 1540/2918/113 1653/2919/114 1658/3018/213
f 1658/3018/213 1653/2919/114 1764/2920/115 1769/3019/214
f 1769/3019/214 1764/2920/115 1876/2921/116 1881/3020/215
f 1881/3020/215 1876/2921/116 1989/2922/117 1994/3021/216
f 1994/3021/216 1989/2922/117 2100/2923/118 2105/3022/217
f 2105/3022/217 2100/2923/118 2212/2924/119 2217/3023/218
f 2217/3023/218 2212/2924/119 2324/2925/120 2329/3024/219
f 2329/3024/219 2324/2925/120 2436/2926/121 2441/3025/220
f 2441/3025/220 2436/2926/121 2549/2927/122 2554/3026/221
f 2554/3026/221 2549/2927/122 2661/2928/123 2666/3027/222
f 2666/3027/222 2661/2928/123 2773/2929/124 2778/3028/223
f 2778/3028/223 2773/2929/124 2885/2930/125 2890/3029/224
f 2890/3029/224 2885/2930/125 2997/2931/126 3002/3030/225
f 3002/3030/225 2997/2931/126 3109/2932/127 3114/3031/226
f 3114/3031/226 3109/2932/127 3220/2933/128 3225/3032/227
f 3225/3032/227 3220/2933/128 3332/2934/129 3337/3033/228
f 3337/3033/228 3332/2934/129 3445/2935/130 3450/3034/229
f 3450/3034/229 3445/2935/130 3556/2936/131 3561/3035/230
f 3561/3035/230 3556/2936/131 3668/2937/132 3673/3036/231
f 97/3037/1 96/3038/2 208/3039/3 209/3040/4
f 209/3040/4 208/3039/3 320/3041/5 321/3042/6
f 321/3042/6 320/3041/5 432/3043/7 433/3044/8
f 433/3044/8 432/3043/7 544/3045/9 545/3046/10
f 545/3046/10 544/3045/9 656/3047/11 657/3048/12
f 657/3048/12 656/3047/11 768/3049/13 769/3050/14
f 769/3050/14 768/3049/13 880/3051/15 881/3052/16
f 881/3052/16 880/3051/15 992/3053/17 993/3054/18
f 993/3054/18 992/3053/17 1104/3055/19 1105/3056/20
f 1105/3056/20 1104/3055/19 1216/3057/21 1217/3058/22
f 1217/3058/22 1216/3057/21 1328/3059/23 1329/3060/24
f 1329/3060/24 1328/3059/23 1440/3061/25 1441/3062/26
f 1441/3062/26 1440/3061/25 1552/3063/27 1553/3064/28
f 1553/3064/28 1552/3063/27 1664/3065/29 1665/3066/30
f 1665/3066/30 1664/3065/29 1776/3067/31 1777/3068/32
f 1777/3068/32 1776/3067/31 1888/3069/33 1889/3070/34
f 1889/3070/34 1888/3069/33 2000/3071/35 2001/3072/36
f 2001/3072/36 2000/3071/35 2112/3073/37 2113/3074/38
f 2113/3074/38 2112/3073/37 2224/3075/39 2225/3076/40
f 2225/3076/40 2224/3075/39 2336/3077/41 2337/3078/42
f 2337/3078/42 2336/3077/41 2448/3079/43 2449/3080/44
f 2449/3080/44 2448/3079/43 2560/3081/45 2561/3082/46
f 2561/3082/46 2560/3081/45 2672/3083/47 2673/3084/48
f 2673/3084/48 2672/3083/47 2784/3085/49 2785/3086/50
f 2785/3086/50 2784/3085/49 2896/3087/51 2897/3088/52
f 2897/3088/52 2896/3087/51 3008/3089/53 3009/3090/54
f 3009/3090/54 3008/3089/53 3120/3091/55 3121/3092/56
f 3121/3092/56 3120/3091/55 3232/3093/57 3233/3094/58
f 3233/3094/58 3232/3093/57 3344/3095/59 3345/3096/60
f 3345/3096/60 3344/3095/59 3456/3097/61 3457/3098/62
f 3457/3098/62 3456/3097/61 3568/3099/63 3569/3100/64
f 3569/3100/64 3568/3099/63 3680/3101/65 3681/3102/66
f 95/3103/67 97/3037/1 209/3040/4 207/3104/68
f 207/3104/68 209/3040/4 321/3042/6 319/3105/69
f 319/3105/69 321/3042/6 433/3044/8 431/3106/70
f 431/3106/70 433/3044/8 545/3046/10 543/3107/71
f 543/3107/71 545/3046/10 657/3048/12 655/3108/72
f 655/3108/72 657/3048/12 769/3050/14 767/3109/73
f 767/3109/73 769/3050/14 881/3052/16 879/3110/74
f 879/3110/74 881/3052/16 993/3054/18 991/3111/75
f 991/3111/75 993/3054/18 1105/3056/20 1103/3112/76
f 1103/3112/76 1105/3056/20 1217/3058/22 1215/3113/77
f 1215/3113/77 1217/3058/22 1329/3060/24 1327/3114/78
f 1327/3114/78 1329/3060/24 1441/3062/26 1439/3115/79
f 1439/3115/79 1441/3062/26 1553/3064/28 1551/3116/80
f 1551/3116/80 1553/3064/28 1665/3066/30 1663/3117/81
f 1663/3117/81 1665/3066/30 1777/3068/32 1775/3118/82
f 1775/3118/82 1777/3068/32 1889/3070/34 1887/3119/83
f 1887/3119/83 1889/3070/34 2001/3072/36 1999/3120/84
f 1999/3120/84 2001/3072/36 2113/3074/38 2111/3121/85
f 2111/3121/85 2113/3074/38 2225/3076/40 2223/3122/86
f 2223/3122/86 2225/3076/40 2337/3078/42 2335/3123/87
f 2335/3123/87 2337/3078/42 2449/3080/44 2447/3124/88
f 2447/3124/88 2449/3080/44 2561/3082/46 2559/3125/89
f 2559/3125/89 2561/3082/46 2673/3084/48 2671/3126/90
f 2671/3126/90 2673/3084/48 2785/3086/50 2783/3127/91
f 2783/3127/91 2785/3086/50 2897/3088/52 2895/3128/92
f 2895/3128/92 2897/3088/52 3009/3090/54 3007/3129/93
f 3007/3129/93 3009/3090/54 3121/3092/56 3119/3130/94
f 3119/3130/94 3121/3092/56 3233/3094/58 3231/3131/95
f 3231/3131/95 3233/3094/58 3345/3096/60 3343/3132/96
f 3343/3132/96 3345/3096/60 3457/3098/62 3455/3133/97
f 3455/3133/97 3457/3098/62 3569/3100/64 3567/3134/98
f 3567/3134/98 3569/3100/64 3681/3102/66 3679/3135/99
f 96/3038/2 94/3136/100 206/3137/101 208/3039/3
f 208/3039/3 206/3137/101 318/3138/102 320/3041/5
f 320/3041/5 318/3138/102 430/3139/103 432/3043/7
f 432/3043/7 430/3139/103 542/3140/104 544/3045/9
f 544/3045/9 542/3140/104 654/3141/105 656/3047/11
f 656/3047/11 654/3141/105 766/3142/106 768/3049/13
f 768/3049/13 766/3142/106 878/3143/107 880/3051/15
f 880/3051/15 878/3143/107 990/3144/108 992/3053/17
f 992/3053/17 990/3144/108 1102/3145/109 1104/3055/19
f 1104/3055/19 1102/3145/109 1214/3146/110 1216/3057/21
f 1216/3057/21 1214/3146/110 1326/3147/111 1328/3059/23
f 1328/3059/23 1326/3147/111 1438/3148/112 1440/3061/25
f 1440/3061/25 1438/3148/112 1550/3149/113 1552/3063/27
f 1552/3063/27 1550/3149/113 1662/3150/114 1664/3065/29
f 1664/3065/29 1662/3150/114 1774/3151/115 1776/3067/31
f 1776/3067/31 1774/3151/115 1886/3152/116 1888/3069/33
f 1888/3069/33 1886/3152/116 1998/3153/117 2000/3071/35
f 2000/3071/35 1998/3153/117 2110/3154/118 2112/3073/37
f 2112/3073/37 2110/3154/118 2222/3155/119 2224/3075/39
f 2224/3075/39 2222/3155/119 2334/3156/120 2336/3077/41
f 2336/3077/41 2334/3156/120 2446/3157/121 2448/3079/43
f 2448/3079/43 2446/3157/121 2558/3158/122 2560/3081/45
f 2560/3081/45 2558/3158/122 2670/3159/123 2672/3083/47
f 2672/3083/47 2670/3159/123 2782/3160/124 2784/3085/49
f 2784/3085/49 2782/3160/124 2894/3161/125 2896/3087/51
f 2896/3087/51 2894/3161/125 3006/3162/126 3008/3089/53
f 3008/3089/53 3006/3162/126 3118/3163/127 3120/3091/55
f 3120/3091/55 3118/3163/127 3230/3164/128 3232/3093/57
f 3232/3093/57 3230/3164/128 3342/3165/129 3344/3095/59
f 3344/3095/59 3342/3165/129 3454/3166/130 3456/3097/61
f 3456/3097/61 3454/3166/130 3566/3167/131 3568/3099/63
f 3568/3099/63 3566/3167/131 3678/3168/132 3680/3101/65
f 93/3169/100 95/3103/67 207/3104/68 205/3170/101
f 205/3170/101 207/3104/68 319/3105/69 317/3171/102
f 317/3171/102 319/3105/69 431/3106/70 429/3172/103
f 429/3172/103 431/3106/70 543/3107/71 541/3173/104
f 541/3173/104 543/3107/71 655/3108/72 653/3174/105
f 653/3174/105 655/3108/72 767/3109/73 765/3175/106
f 765/3175/106 767/3109/73 879/3110/74 877/3176/107
f 877/3176/107 879/3110/74 991/3111/75 989/3177/108
f 989/3177/108 991/3111/75 1103/3112/76 1101/3178/109
f 1101/3178/109 1103/3112/76 1215/3113/77 1213/3179/110
f 1213/3179/110 1215/3113/77 1327/3114/78 1325/3180/111
f 1325/3180/111 1327/3114/78 1439/3115/79 1437/3181/112
f 1437/3181/112 1439/3115/79 1551/3116/80 1549/3182/113
f 1549/3182/113 1551/3116/80 1663/3117/81 1661/3183/114
f 1661/3183/114 1663/3117/81 1775/3118/82 1773/3184/115
f 1773/3184/115 1775/3118/82 1887/3119/83 1885/3185/116
f 1885/3185/116 1887/3119/83 1999/3120/84 1997/3186/117
f 1997/3186/117 1999/3120/84 2111/3121/85 2109/3187/118
f 2109/3187/118 2111/3121/85 2223/3122/86 2221/3188/119
f 2221/3188/119 2223/3122/86 2335/3123/87 2333/3189/120
f 2333/3189/120 2335/3123/87 2447/3124/88 2445/3190/121
f 2445/3190/121 2447/3124/88 2559/3125/89 2557/3191/122
f 2557/3191/122 2559/3125/89 2671/3126/90 2669/3192/123
f 2669/3192/123 2671/3126/90 2783/3127/91 2781/3193/124
f 2781/3193/124 2783/3127/91 2895/3128/92 2893/3194/125
f 2893/3194/125 2895/3128/92 3007/3129/93 3005/3195/126
f 3005/3195/126 3007/3129/93 3119/3130/94 3117/3196/127
f 3117/3196/127 3119/3130/94 3231/3131/95 3229/3197/128
f 3229/3197/128 3231/3131/95 3343/3132/96 3341/3198/129
f 3341/3198/129 3343/3132/96 3455/3133/97 3453/3199/130
f 3453/3199/130 3455/3133/97 3567/3134/98 3565/3200/131
f 3565/3200/131 3567/3134/98 3679/3135/99 3677/3201/132
f 99/3202/133 100/3203/134 212/3204/135 211/3205/136
f 211/3205/136 212/3204/135 324/3206/137 323/3207/138
f 323/3207/138 324/3206/137 436/3208/139 435/3209/140
f 435/3209/140 436/3208/139 548/3210/141 547/3211/142
f 547/3211/142 548/3210/141 660/3212/143 659/3213/144
f 659/3213/144 660/3212/143 772/3214/145 771/3215/146
f 771/3215/146 772/3214/145 884/3216/147 883/3217/148
f 883/3217/148 884/3216/147 996/3218/149 995/3219/150
f 995/3219/150 996/3218/149 1108/3220/151 1107/3221/152
f 1107/3221/152 1108/3220/151 1220/3222/153 1219/3223/154
f 1219/3223/154 1220/3222/153 1332/3224/155 1331/3225/156
f 1331/3225/156 1332/3224/155 1444/3226/157 1443/3227/158
f 1443/3227/158 1444/3226/157 1556/3228/159 1555/3229/160
f 1555/3229/160 1556/3228/159 1668/3230/161 1667/3231/162
f 1667/3231/162 1668/3230/161 1780/3232/163 1779/3233/164
f 1779/3233/164 1780/3232/163 1892/3234/165 1891/3235/166
f 1891/3235/166 1892/3234/165 2004/3236/167 2003/3237/168
f 2003/3237/168 2004/3236/167 2116/3238/169 2115/3239/170
f 2115/3239/170 2116/3238/169 2228/3240/171 2227/3241/172
f 2227/3241/172 2228/3240/171 2340/3242/173 2339/3243/174
f 2339/3243/174 2340/3242/173 2452/3244/175 2451/3245/176
f 2451/3245/176 2452/3244/175 2564/3246/177 2563/3247/178
f 2563/3247/178 2564/3246/177 2676/3248/179 2675/3249/180
f 2675/3249/180 2676/3248/179 2788/3250/181 2787/3251/182
f 2787/3251/182 2788/3250/181 2900/3252/183 2899/3253/184
f 2899/3253/184 2900/3252/183 3012/3254/185 3011/3255/186
f 3011/3255/186 3012/3254/185 3124/3256/187 3123/3257/188
f 3123/3257/188 3124/3256/187 3236/3258/189 3235/3259/190
f 3235/3259/190 3236/3258/189 3348/3260/191 3347/3261/192
f 3347/3261/192 3348/3260/191 3460/3262/193 3459/3263/194
f 3459/3263/194 3460/3262/193 3572/3264/195 3571/3265/196
f 3571/3265/196 3572/3264/195 3684/3266/197 3683/3267/198
f 100/3203/134 98/3268/199 210/3269/200 212/3204/135
f 212/3204/135 210/3269/200 322/3270/201 324/3206/137
f 324/3206/137 322/3270/201 434/3271/202 436/3208/139
f 436/3208/139 434/3271/202 546/3272/203 548/3210/141
f 548/3210/141 546/3272/203 658/3273/204 660/3212/143
f 660/3212/143 658/3273/204 770/3274/205 772/3214/145
f 772/3214/145 770/3274/205 882/3275/206 884/3216/147
f 884/3216/147 882/3275/206 994/3276/207 996/3218/149
f 996/3218/149 994/3276/207 1106/3277/208 1108/3220/151
f 1108/3220/151 1106/3277/208 1218/3278/209 1220/3222/153
f 1220/3222/153 1218/3278/209 1330/3279/210 1332/3224/155
f 1332/3224/155 1330/3279/210 1442/3280/211 1444/3226/157
f 1444/3226/157 1442/3280/211 1554/3281/212 1556/3228/159
f 1556/3228/159 1554/3281/212 1666/3282/213 1668/3230/161
f 1668/3230/161 1666/3282/213 1778/3283/214 1780/3232/163
f 1780/3232/163 1778/3283/214 1890/3284/215 1892/3234/165
f 1892/3234/165 1890/3284/215 2002/3285/216 2004/3236/167
f 2004/3236/167 2002/3285/216 2114/3286/217 2116/3238/169
f 2116/3238/169 2114/3286/217 2226/3287/218 2228/3240/171
f 2228/3240/171 2226/3287/218 2338/3288/219 2340/3242/173
f 2340/3242/173 2338/3288/219 2450/3289/220 2452/3244/175
f 2452/3244/175 2450/3289/220 2562/3290/221 2564/3246/177
f 2564/3246/177 2562/3290/221 2674/3291/222 2676/3248/179
f 2676/3248/179 2674/3291/222 2786/3292/223 2788/3250/181
f 2788/3250/181 2786/3292/223 2898/3293/224 2900/3252/183
f 2900/3252/183 2898/3293/224 3010/3294/225 3012/3254/185
f 3012/3254/185 3010/3294/225 3122/3295/226 3124/3256/187
f 3124/3256/187 3122/3295/226 3234/3296/227 3236/3258/189
f 3236/3258/189 3234/3296/227 3346/3297/228 3348/3260/191
f 3348/3260/191 3346/3297/228 3458/3298/229 3460/3262/193
f 3460/3262/193 3458/3298/229 3570/3299/230 3572/3264/195
f 3572/3264/195 3570/3299/230 3682/3300/231 3684/3266/197
f 98/3268/199 93/3169/100 205/3170/101 210/3269/200
f 210/3269/200 205/3170/101 317/3171/102 322/3270/201
f 322/3270/201 317/3171/102 429/3172/103 434/3271/202
f 434/3271/202 429/3172/103 541/3173/104 546/3272/203
f 546/3272/203 541/3173/104 653/3174/105 658/3273/204
f 658/3273/204 653/3174/105 765/3175/106 770/3274/205
f 770/3274/205 765/3175/106 877/3176/107 882/3275/206
f 882/3275/206 877/3176/107 989/3177/108 994/3276/207
f 994/3276/207 989/3177/108 1101/3178/109 1106/3277/208
f 1106/3277/208 1101/3178/109 1213/3179/110 1218/3278/209
f 1218/3278/209 1213/3179/110 1325/3180/111 1330/3279/210
f 1330/3279/210 1325/3180/111 1437/3181/112 1442/3280/211
f 1442/3280/211 1437/3181/112 1549/3182/113 1554/3281/212
f 1554/3281/212 1549/3182/113 1661/3183/114 1666/3282/213
f 1666/3282/213 1661/3183/114 1773/3184/115 1778/3283/214
f 1778/3283/214 1773/3184/115 1885/3185/116 1890/3284/215
f 1890/3284/215 1885/3185/116 1997/3186/117 2002/3285/216
f 2002/3285/216 1997/3186/117 2109/3187/118 2114/3286/217
f 2114/3286/217 2109/3187/118 2221/3188/119 2226/3287/218
f 2226/3287/218 2221/3188/119 2333/3189/120 2338/3288/219
f 2338/3288/219 2333/3189/120 2445/3190/121 2450/3289/220
f 2450/3289/220 2445/3190/121 2557/3191/122 2562/3290/221
f 2562/3290/221 2557/3191/122 2669/3192/123 2674/3291/222
f 2674/3291/222 2669/3192/123 2781/3193/124 2786/3292/223
f 2786/3292/223 2781/3193/124 2893/3194/125 2898/3293/224
f 2898/3293/224 2893/3194/125 3005/3195/126 3010/3294/225
f 3010/3294/225 3005/3195/126 3117/3196/127 3122/3295/226
f 3122/3295/226 3117/3196/127 3229/3197/128 3234/3296/227
f 3234/3296/227 3229/3197/128 3341/3198/129 3346/3297/228
f 3346/3297/228 3341/3198/129 3453/3199/130 3458/3298/229
f 3458/3298/229 3453/3199/130 3565/3200/131 3570/3299/230
f 3570/3299/230 3565/3200/131 3677/3201/132 3682/3300/231
f 85/2872/100 99/3202/133 211/3205/136 198/2873/101
f 198/2873/101 211/3205/136 323/3207/138 309/2874/102
f 309/2874/102 323/3207/138 435/3209/140 421/2875/103
f 421/2875/103 435/3209/140 547/3211/142 533/2876/104
f 533/2876/104 547/3211/142 659/3213/144 646/2877/105
f 646/2877/105 659/3213/144 771/3215/146 757/2878/106
f 757/2878/106 771/3215/146 883/3217/148 869/2879/107
f 869/2879/107 883/3217/148 995/3219/150 981/2880/108
f 981/2880/108 995/3219/150 1107/3221/152 1093/2881/109
f 1093/2881/109 1107/3221/152 1219/3223/154 1205/2882/110
f 1205/2882/110 1219/3223/154 1331/3225/156 1317/2883/111
f 1317/2883/111 1331/3225/156 1443/3227/158 1429/2884/112
f 1429/2884/112 1443/3227/158 1555/3229/160 1541/2885/113
f 1541/2885/113 1555/3229/160 1667/3231/162 1654/2886/114
f 1654/2886/114 1667/3231/162 1779/3233/164 1765/2887/115
f 1765/2887/115 1779/3233/164 1891/3235/166 1877/2888/116
f 1877/2888/116 1891/3235/166 2003/3237/168 1990/2889/117
f 1990/2889/117 2003/3237/168 2115/3239/170 2101/2890/118
f 2101/2890/118 2115/3239/170 2227/3241/172 2213/2891/119
f 2213/2891/119 2227/3241/172 2339/3243/174 2325/2892/120
f 2325/2892/120 2339/3243/174 2451/3245/176 2437/2893/121
f 2437/2893/121 2451/3245/176 2563/3247/178 2550/2894/122
f 2550/2894/122 2563/3247/178 2675/3249/180 2662/2895/123
f 2662/2895/123 2675/3249/180 2787/3251/182 2774/2896/124
f 2774/2896/124 2787/3251/182 2899/3253/184 2886/2897/125
f 2886/2897/125 2899/3253/184 3011/3255/186 2998/2898/126
f 2998/2898/126 3011/3255/186 3123/3257/188 3110/2899/127
f 3110/2899/127 3123/3257/188 3235/3259/190 3221/2900/128
f 3221/2900/128 3235/3259/190 3347/3261/192 3333/2901/129
f 3333/2901/129 3347/3261/192 3459/3263/194 3446/2902/130
f 3446/2902/130 3459/3263/194 3571/3265/196 3557/2903/131
f 3557/2903/131 3571/3265/196 3683/3267/198 3669/2904/132
f 105/3301/1 104/3302/2 216/3303/3 217/3304/4
f 217/3304/4 216/3303/3 328/3305/5 329/3306/6
f 329/3306/6 328/3305/5 440/3307/7 441/3308/8
f 441/3308/8 440/3307/7 552/3309/9 553/3310/10
f 553/3310/10 552/3309/9 664/3311/11 665/3312/12
f 665/3312/12 664/3311/11 776/3313/13 777/3314/14
f 777/3314/14 776/3313/13 888/3315/15 889/3316/16
f 889/3316/16 888/3315/15 1000/3317/17 1001/3318/18
f 1001/3318/18 1000/3317/17 1112/3319/19 1113/3320/20
f 1113/3320/20 1112/3319/19 1224/3321/21 1225/3322/22
f 1225/3322/22 1224/3321/21 1336/3323/23 1337/3324/24
f 1337/3324/24 1336/3323/23 1448/3325/25 1449/3326/26
f 1449/3326/26 1448/3325/25 1560/3327/27 1561/3328/28
f 1561/3328/28 1560/3327/27 1672/3329/29 1673/3330/30
f 1673/3330/30 1672/3329/29 1784/3331/31 1785/3332/32
f 1785/3332/32 1784/3331/31 1896/3333/33 1897/3334/34
f 1897/3334/34 1896/3333/33 2008/3335/35 2009/3336/36
f 2009/3336/36 2008/3335/35 2120/3337/37 2121/3338/38
f 2121/3338/38 2120/3337/37 2232/3339/39 2233/3340/40
f 2233/3340/40 2232/3339/39 2344/3341/41 2345/3342/42
f 2345/3342/42 2344/3341/41 2456/3343/43 2457/3344/44
f 2457/3344/44 2456/3343/43 2568/3345/45 2569/3346/46
f 2569/3346/46 2568/3345/45 2680/3347/47 2681/3348/48
f 2681/3348/48 2680/3347/47 2792/3349/49 2793/3350/50
f 2793/3350/50 2792/3349/49 2904/3351/51 2905/3352/52
f 2905/3352/52 2904/3351/51 3016/3353/53 3017/3354/54
f 3017/3354/54 3016/3353/53 3128/3355/55 3129/3356/56
f 3129/3356/56 3128/3355/55 3240/3357/57 3241/3358/58
f 3241/3358/58 3240/3357/57 3352/3359/59 3353/3360/60
f 3353/3360/60 3352/3359/59 3464/3361/61 3465/3362/62
f 3465/3362/62 3464/3361/61 3576/3363/63 3577/3364/64
f 3577/3364/64 3576/3363/63 3688/3365/65 3689/3366/66
f 103/3367/67 105/3301/1 217/3304/4 215/3368/68
f 215/3368/68 217/3304/4 329/3306/6 327/3369/69
f 327/3369/69 329/3306/6 441/3308/8 439/3370/70
f 439/3370/70 441/3308/8 553/3310/10 551/3371/71
f 551/3371/71 553/3310/10 665/3312/12 663/3372/72
f 663/3372/72 665/3312/12 777/3314/14 775/3373/73
f 775/3373/73 777/3314/14 889/3316/16 887/3374/74
f 887/3374/74 889/3316/16 1001/3318/18 999/3375/75
f 999/3375/75 1001/3318/18 1113/3320/20 1111/3376/76
f 1111/3376/76 1113/3320/20 1225/3322/22 1223/3377/77
f 1223/3377/77 1225/3322/22 1337/3324/24 1335/3378/78
f 1335/3378/78 1337/3324/24 1449/3326/26 1447/3379/79
f 1447/3379/79 1449/3326/26 1561/3328/28 1559/3380/80
f 1559/3380/80 1561/3328/28 1673/3330/30 1671/3381/81
f 1671/3381/81 1673/3330/30 1785/3332/32 1783/3382/82
f 1783/3382/82 1785/3332/32 1897/3334/34 1895/3383/83
f 1895/3383/83 1897/3334/34 2009/3336/36 2007/3384/84
f 2007/3384/84 2009/3336/36 2121/3338/38 2119/3385/85
f 2119/3385/85 2121/3338/38 2233/3340/40 2231/3386/86
f 2231/3386/86 2233/3340/40 2345/3342/42 2343/3387/87
f 2343/3387/87 2345/3342/42 2457/3344/44 2455/3388/88
f 2455/3388/88 2457/3344/44 2569/3346/46 2567/3389/89
f 2567/3389/89 2569/3346/46 2681/3348/48 2679/3390/90
f 2679/3390/90 2681/3348/48 2793/3350/50 2791/3391/91
f 2791/3391/91 2793/3350/50 2905/3352/52 2903/3392/92
f 2903/3392/92 2905/3352/52 3017/3354/54 3015/3393/93
f 3015/3393/93 3017/3354/54 3129/3356/56 3127/3394/94
f 3127/3394/94 3129/3356/56 3241/3358/58 3239/3395/95
f 3239/3395/95 3241/3358/58 3353/3360/60 3351/3396/96
f 3351/3396/96 3353/3360/60 3465/3362/62 3463/3397/97
f 3463/3397/97 3465/3362/62 3577/3364/64 3575/3398/98
f 3575/3398/98 3577/3364/64 3689/3366/66 3687/3399/99
f 104/3302/2 102/3400/100 214/3401/101 216/3303/3
f 216/3303/3 214/3401/101 326/3402/102 328/3305/5
f 328/3305/5 326/3402/102 438/3403/103 440/3307/7
f 440/3307/7 438/3403/103 550/3404/104 552/3309/9
f 552/3309/9 550/3404/104 662/3405/105 664/3311/11
f 664/3311/11 662/3405/105 774/3406/106 776/3313/13
f 776/3313/13 774/3406/106 886/3407/107 888/3315/15
f 888/3315/15 886/3407/107 998/3408/108 1000/3317/17
f 1000/3317/17 998/3408/108 1110/3409/109 1112/3319/19
f 1112/3319/19 1110/3409/109 1222/3410/110 1224/3321/21
f 1224/3321/21 1222/3410/110 1334/3411/111 1336/3323/23
f 1336/3323/23 1334/3411/111 1446/3412/112 1448/3325/25
f 1448/3325/25 1446/3412/112 1558/3413/113 1560/3327/27
f 1560/3327/27 1558/3413/113 1670/3414/114 1672/3329/29
f 1672/3329/29 1670/3414/114 1782/3415/115 1784/3331/31
f 1784/3331/31 1782/3415/115 1894/3416/116 1896/3333/33
f 1896/3333/33 1894/3416/116 2006/3417/117 2008/3335/35
f 2008/3335/35 2006/3417/117 2118/3418/118 2120/3337/37
f 2120/3337/37 2118/3418/118 2230/3419/119 2232/3339/39
f 2232/3339/39 2230/3419/119 2342/3420/120 2344/3341/41
f 2344/3341/41 2342/3420/120 2454/3421/121 2456/3343/43
f 2456/3343/43 2454/3421/121 2566/3422/122 2568/3345/45
f 2568/3345/45 2566/3422/122 2678/3423/123 2680/3347/47
f 2680/3347/47 2678/3423/123 2790/3424/124 2792/3349/49
f 2792/3349/49 2790/3424/124 2902/3425/125 2904/3351/51
f 2904/3351/51 2902/3425/125 3014/3426/126 3016/3353/53
f 3016/3353/53 3014/3426/126 3126/3427/127 3128/3355/55
f 3128/3355/55 3126/3427/127 3238/3428/128 3240/3357/57
f 3240/3357/57 3238/3428/128 3350/3429/129 3352/3359/59
f 3352/3359/59 3350/3429/129 3462/3430/130 3464/3361/61
f 3464/3361/61 3462/3430/130 3574/3431/131 3576/3363/63
f 3576/3363/63 3574/3431/131 3686/3432/132 3688/3365/65
f 101/3433/100 103/3367/67 215/3368/68 213/3434/101
f 213/3434/101 215/3368/68 327/3369/69 325/3435/102
f 325/3435/102 327/3369/69 439/3370/70 437/3436/103
f 437/3436/103 439/3370/70 551/3371/71 549/3437/104
f 549/3437/104 551/3371/71 663/3372/72 661/3438/105
f 661/3438/105 663/3372/72 775/3373/73 773/3439/106
f 773/3439/106 775/3373/73 887/3374/74 885/3440/107
f 885/3440/107 887/3374/74 999/3375/75 997/3441/108
f 997/3441/108 999/3375/75 1111/3376/76 1109/3442/109
f 1109/3442/109 1111/3376/76 1223/3377/77 1221/3443/110
f 1221/3443/110 1223/3377/77 1335/3378/78 1333/3444/111
f 1333/3444/111 1335/3378/78 1447/3379/79 1445/3445/112
f 1445/3445/112 1447/3379/79 1559/3380/80 1557/3446/113
f 1557/3446/113 1559/3380/80 1671/3381/81 1669/3447/114
f 1669/3447/114 1671/3381/81 1783/3382/82 1781/3448/115
f 1781/3448/115 1783/3382/82 1895/3383/83 1893/3449/116
f 1893/3449/116 1895/3383/83 2007/3384/84 2005/3450/117
f 2005/3450/117 2007/3384/84 2119/3385/85 2117/3451/118
f 2117/3451/118 2119/3385/85 2231/3386/86 2229/3452/119
f 2229/3452/119 2231/3386/86 2343/3387/87 2341/3453/120
f 2341/3453/120 2343/3387/87 2455/3388/88 2453/3454/121
f 2453/3454/121 2455/3388/88 2567/3389/89 2565/3455/122
f 2565/3455/122 2567/3389/89 2679/3390/90 2677/3456/123
f 2677/3456/123 2679/3390/90 2791/3391/91 2789/3457/124
f 2789/3457/124 2791/3391/91 2903/3392/92 2901/3458/125
f 2901/3458/125 2903/3392/92 3015/3393/93 3013/3459/126
f 3013/3459/126 3015/3393/93 3127/3394/94 3125/3460/127
f 3125/3460/127 3127/3394/94 3239/3395/95 3237/3461/128
f 3237/3461/128 3239/3395/95 3351/3396/96 3349/3462/129
f 3349/3462/129 3351/3396/96 3463/3397/97 3461/3463/130
f 3461/3463/130 3463/3397/97 3575/3398/98 3573/3464/131
f 3573/3464/131 3575/3398/98 3687/3399/99 3685/3465/132
f 107/3466/299 108/3467/134 220/3468/135 219/3469/136
f 219/3469/136 220/3468/135 332/3470/137 331/3471/138
f 331/3471/138 332/3470/137 444/3472/139 443/3473/140
f 443/3473/140 444/3472/139 556/3474/141 555/3475/142
f 555/3475/142 556/3474/141 668/3476/143 667/3477/144
f 667/3477/144 668/3476/143 780/3478/145 779/3479/146
f 779/3479/146 780/3478/145 892/3480/147 891/3481/148
f 891/3481/148 892/3480/147 1004/3482/149 1003/3483/150
f 1003/3483/150 1004/3482/149 1116/3484/151 1115/3485/152
f 1115/3485/152 1116/3484/151 1228/3486/153 1227/3487/154
f 1227/3487/154 1228/3486/153 1340/3488/155 1339/3489/156
f 1339/3489/156 1340/3488/155 1452/3490/157 1451/3491/158
f 1451/3491/158 1452/3490/157 1564/3492/159 1563/3493/160
f 1563/3493/160 1564/3492/159 1676/3494/161 1675/3495/162
f 1675/3495/162 1676/3494/161 1788/3496/163 1787/3497/164
f 1787/3497/164 1788/3496/163 1900/3498/165 1899/3499/166
f 1899/3499/166 1900/3498/165 2012/3500/167 2011/3501/168
f 2011/3501/168 2012/3500/167 2124/3502/169 2123/3503/170
f 2123/3503/170 2124/3502/169 2236/3504/171 2235/3505/172
f 2235/3505/172 2236/3504/171 2348/3506/173 2347/3507/174
f 2347/3507/174 2348/3506/173 2460/3508/175 2459/3509/176
f 2459/3509/176 2460/3508/175 2572/3510/177 2571/3511/178
f 2571/3511/178 2572/3510/177 2684/3512/179 2683/3513/180
f 2683/3513/180 2684/3512/179 2796/3514/181 2795/3515/182
f 2795/3515/182 2796/3514/181 2908/3516/183 2907/3517/184
f 2907/3517/184 2908/3516/183 3020/3518/185 3019/3519/186
f 3019/3519/186 3020/3518/185 3132/3520/187 3131/3521/188
f 3131/3521/188 3132/3520/187 3244/3522/189 3243/3523/190
f 3243/3523/190 3244/3522/189 3356/3524/191 3355/3525/192
f 3355/3525/192 3356/3524/191 3468/3526/193 3467/3527/194
f 3467/3527/194 3468/3526/193 3580/3528/195 3579/3529/196
f 3579/3529/196 3580/3528/195 3692/3530/197 3691/3531/300
f 108/3467/134 106/3532/199 218/3533/200 220/3468/135
f 220/3468/135 218/3533/200 330/3534/201 332/3470/137
f 332/3470/137 330/3534/201 442/3535/202 444/3472/139
f 444/3472/139 442/3535/202 554/3536/203 556/3474/141
f 556/3474/141 554/3536/203 666/3537/204 668/3476/143
f 668/3476/143 666/3537/204 778/3538/205 780/3478/145
f 780/3478/145 778/3538/205 890/3539/206 892/3480/147
f 892/3480/147 890/3539/206 1002/3540/207 1004/3482/149
f 1004/3482/149 1002/3540/207 1114/3541/208 1116/3484/151
f 1116/3484/151 1114/3541/208 1226/3542/209 1228/3486/153
f 1228/3486/153 1226/3542/209 1338/3543/210 1340/3488/155
f 1340/3488/155 1338/3543/210 1450/3544/211 1452/3490/157
f 1452/3490/157 1450/3544/211 1562/3545/212 1564/3492/159
f 1564/3492/159 1562/3545/212 1674/3546/213 1676/3494/161
f 1676/3494/161 1674/3546/213 1786/3547/214 1788/3496/163
f 1788/3496/163 1786/3547/214 1898/3548/215 1900/3498/165
f 1900/3498/165 1898/3548/215 2010/3549/216 2012/3500/167
f 2012/3500/167 2010/3549/216 2122/3550/217 2124/3502/169
f 2124/3502/169 2122/3550/217 2234/3551/218 2236/3504/171
f 2236/3504/171 2234/3551/218 2346/3552/219 2348/3506/173
f 2348/3506/173 2346/3552/219 2458/3553/220 2460/3508/175
f 2460/3508/175 2458/3553/220 2570/3554/221 2572/3510/177
f 2572/3510/177 2570/3554/221 2682/3555/222 2684/3512/179
f 2684/3512/179 2682/3555/222 2794/3556/223 2796/3514/181
f 2796/3514/181 2794/3556/223 2906/3557/224 2908/3516/183
f 2908/3516/183 2906/3557/224 3018/3558/225 3020/3518/185
f 3020/3518/185 3018/3558/225 3130/3559/226 3132/3520/187
f 3132/3520/187 3130/3559/226 3242/3560/227 3244/3522/189
f 3244/3522/189 3242/3560/227 3354/3561/228 3356/3524/191
f 3356/3524/191 3354/3561/228 3466/3562/229 3468/3526/193
f 3468/3526/193 3466/3562/229 3578/3563/230 3580/3528/195
f 3580/3528/195 3578/3563/230 3690/3564/231 3692/3530/197
f 106/3532/199 101/3433/100 213/3434/101 218/3533/200
f 218/3533/200 213/3434/101 325/3435/102 330/3534/201
f 330/3534/201 325/3435/102 437/3436/103 442/3535/202
f 442/3535/202 437/3436/103 549/3437/104 554/3536/203
f 554/3536/203 549/3437/104 661/3438/105 666/3537/204
f 666/3537/204 661/3438/105 773/3439/106 778/3538/205
f 778/3538/205 773/3439/106 885/3440/107 890/3539/206
f 890/3539/206 885/3440/107 997/3441/108 1002/3540/207
f 1002/3540/207 997/3441/108 1109/3442/109 1114/3541/208
f 1114/3541/208 1109/3442/109 1221/3443/110 1226/3542/209
f 1226/3542/209 1221/3443/110 1333/3444/111 1338/3543/210
f 1338/3543/210 1333/3444/111 1445/3445/112 1450/3544/211
f 1450/3544/211 1445/3445/112 1557/3446/113 1562/3545/212
f 1562/3545/212 1557/3446/113 1669/3447/114 1674/3546/213
f 1674/3546/213 1669/3447/114 1781/3448/115 1786/3547/214
f 1786/3547/214 1781/3448/115 1893/3449/116 1898/3548/215
f 1898/3548/215 1893/3449/116 2005/3450/117 2010/3549/216
f 2010/3549/216 2005/3450/117 2117/3451/118 2122/3550/217
f 2122/3550/217 2117/3451/118 2229/3452/119 2234/3551/218
f 2234/3551/218 2229/3452/119 2341/3453/120 2346/3552/219
f 2346/3552/219 2341/3453/120 2453/3454/121 2458/3553/220
f 2458/3553/220 2453/3454/121 2565/3455/122 2570/3554/221
f 2570/3554/221 2565/3455/122 2677/3456/123 2682/3555/222
f 2682/3555/222 2677/3456/123 2789/3457/124 2794/3556/223
f 2794/3556/223 2789/3457/124 2901/3458/125 2906/3557/224
f 2906/3557/224 2901/3458/125 3013/3459/126 3018/3558/225
f 3018/3558/225 3013/3459/126 3125/3460/127 3130/3559/226
f 3130/3559/226 3125/3460/127 3237/3461/128 3242/3560/227
f 3242/3560/227 3237/3461/128 3349/3462/129 3354/3561/228
f 3354/3561/228 3349/3462/129 3461/3463/130 3466/3562/229
f 3466/3562/229 3461/3463/130 3573/3464/131 3578/3563/230
f 3578/3563/230 3573/3464/131 3685/3465/132 3690/3564/231
f 111/3565/299 112/3566/134 224/3567/135 223/3568/136
f 223/3568/136 224/3567/135 336/3569/137 335/3570/138
f 335/3570/138 336/3569/137 448/3571/139 447/3572/140
f 447/3572/140 448/3571/139 560/3573/141 559/3574/142
f 559/3574/142 560/3573/141 672/3575/143 671/3576/144
f 671/3576/144 672/3575/143 784/3577/145 783/3578/146
f 783/3578/146 784/3577/145 896/3579/147 895/3580/148
f 895/3580/148 896/3579/147 1008/3581/149 1007/3582/150
f 1007/3582/150 1008/3581/149 1120/3583/151 1119/3584/152
f 1119/3584/152 1120/3583/151 1232/3585/153 1231/3586/154
f 1231/3586/154 1232/3585/153 1344/3587/155 1343/3588/156
f 1343/3588/156 1344/3587/155 1456/3589/157 1455/3590/158
f 1455/3590/158 1456/3589/157 1568/3591/159 1567/3592/160
f 1567/3592/160 1568/3591/159 1680/3593/161 1679/3594/162
f 1679/3594/162 1680/3593/161 1792/3595/163 1791/3596/164
f 1791/3596/164 1792/3595/163 1904/3597/165 1903/3598/166
f 1903/3598/166 1904/3597/165 2016/3599/167 2015/3600/168
f 2015/3600/168 2016/3599/167 2128/3601/169 2127/3602/170
f 2127/3602/170 2128/3601/169 2240/3603/171 2239/3604/172
f 2239/3604/172 2240/3603/171 2352/3605/173 2351/3606/174
f 2351/3606/174 2352/3605/173 2464/3607/175 2463/3608/176
f 2463/3608/176 2464/3607/175 2576/3609/177 2575/3610/178
f 2575/3610/178 2576/3609/177 2688/3611/179 2687/3612/180
f 2687/3612/180 2688/3611/179 2800/3613/181 2799/3614/182
f 2799/3614/182 2800/3613/181 2912/3615/183 2911/3616/184
f 2911/3616/184 2912/3615/183 3024/3617/185 3023/3618/186
f 3023/3618/186 3024/3617/185 3136/3619/187 3135/3620/188
f 3135/3620/188 3136/3619/187 3248/3621/189 3247/3622/190
f 3247/3622/190 3248/3621/189 3360/3623/191 3359/3624/192
f 3359/3624/192 3360/3623/191 3472/3625/193 3471/3626/194
f 3471/3626/194 3472/3625/193 3584/3627/195 3583/3628/196
f 3583/3628/196 3584/3627/195 3696/3629/197 3695/3630/198
f 112/3566/134 110/3631/199 222/3632/200 224/3567/135
f 224/3567/135 222/3632/200 334/3633/201 336/3569/137
f 336/3569/137 334/3633/201 446/3634/202 448/3571/139
f 448/3571/139 446/3634/202 558/3635/203 560/3573/141
f 560/3573/141 558/3635/203 670/3636/204 672/3575/143
f 672/3575/143 670/3636/204 782/3637/205 784/3577/145
f 784/3577/145 782/3637/205 894/3638/206 896/3579/147
f 896/3579/147 894/3638/206 1006/3639/207 1008/3581/149
f 1008/3581/149 1006/3639/207 1118/3640/208 1120/3583/151
f 1120/3583/151 1118/3640/208 1230/3641/209 1232/3585/153
f 1232/3585/153 1230/3641/209 1342/3642/210 1344/3587/155
f 1344/3587/155 1342/3642/210 1454/3643/211 1456/3589/157
f 1456/3589/157 1454/3643/211 1566/3644/212 1568/3591/159
f 1568/3591/159 1566/3644/212 1678/3645/213 1680/3593/161
f 1680/3593/161 1678/3645/213 1790/3646/214 1792/3595/163
f 1792/3595/163 1790/3646/214 1902/3647/215 1904/3597/165
f 1904/3597/165 1902/3647/215 2014/3648/216 2016/3599/167
f 2016/3599/167 2014/3648/216 2126/3649/217 2128/3601/169
f 2128/3601/169 2126/3649/217 2238/3650/218 2240/3603/171
f 2240/3603/171 2238/3650/218 2350/3651/219 2352/3605/173
f 2352/3605/173 2350/3651/219 2462/3652/220 2464/3607/175
f 2464/3607/175 2462/3652/220 2574/3653/221 2576/3609/177
f 2576/3609/177 2574/3653/221 2686/3654/222 2688/3611/179
f 2688/3611/179 2686/3654/222 2798/3655/223 2800/3613/181
f 2800/3613/181 2798/3655/223 2910/3656/224 2912/3615/183
f 2912/3615/183 2910/3656/224 3022/3657/225 3024/3617/185
f 3024/3617/185 3022/3657/225 3134/3658/226 3136/3619/187
f 3136/3619/187 3134/3658/226 3246/3659/227 3248/3621/189
f 3248/3621/189 3246/3659/227 3358/3660/228 3360/3623/191
f 3360/3623/191 3358/3660/228 3470/3661/229 3472/3625/193
f 3472/3625/193 3470/3661/229 3582/3662/230 3584/3627/195
f 3584/3627/195 3582/3662/230 3694/3663/231 3696/3629/197
f 110/3631/199 109/3664/301 221/3665/302 222/3632/200
f 222/3632/200 221/3665/302 333/3666/303 334/3633/201
f 334/3633/201 333/3666/303 445/3667/304 446/3634/202
f 446/3634/202 445/3667/304 557/3668/305 558/3635/203
f 558/3635/203 557/3668/305 669/3669/306 670/3636/204
f 670/3636/204 669/3669/306 781/3670/307 782/3637/205
f 782/3637/205 781/3670/307 893/3671/308 894/3638/206
f 894/3638/206 893/3671/308 1005/3672/309 1006/3639/207
f 1006/3639/207 1005/3672/309 1117/3673/310 1118/3640/208
f 1118/3640/208 1117/3673/310 1229/3674/311 1230/3641/209
f 1230/3641/209 1229/3674/311 1341/3675/312 1342/3642/210
f 1342/3642/210 1341/3675/312 1453/3676/313 1454/3643/211
f 1454/3643/211 1453/3676/313 1565/3677/314 1566/3644/212
f 1566/3644/212 1565/3677/314 1677/3678/315 1678/3645/213
f 1678/3645/213 1677/3678/315 1789/3679/316 1790/3646/214
f 1790/3646/214 1789/3679/316 1901/3680/317 1902/3647/215
f 1902/3647/215 1901/3680/317 2013/3681/318 2014/3648/216
f 2014/3648/216 2013/3681/318 2125/3682/319 2126/3649/217
f 2126/3649/217 2125/3682/319 2237/3683/320 2238/3650/218
f 2238/3650/218 2237/3683/320 2349/3684/321 2350/3651/219
f 2350/3651/219 2349/3684/321 2461/3685/322 2462/3652/220
f 2462/3652/220 2461/3685/322 2573/3686/323 2574/3653/221
f 2574/3653/221 2573/3686/323 2685/3687/324 2686/3654/222
f 2686/3654/222 2685/3687/324 2797/3688/325 2798/3655/223
f 2798/3655/223 2797/3688/325 2909/3689/326 2910/3656/224
f 2910/3656/224 2909/3689/326 3021/3690/327 3022/3657/225
f 3022/3657/225 3021/3690/327 3133/3691/328 3134/3658/226
f 3134/3658/226 3133/3691/328 3245/3692/329 3246/3659/227
f 3246/3659/227 3245/3692/329 3357/3693/330 3358/3660/228
f 3358/3660/228 3357/3693/330 3469/3694/331 3470/3661/229
f 3470/3661/229 3469/3694/331 3581/3695/332 3582/3662/230
f 3582/3662/230 3581/3695/332 3693/3696/333 3694/3663/231
f 102/3400/100 111/3565/299 223/3568/136 214/3401/101
f 214/3401/101 223/3568/136 335/3570/138 326/3402/102
f 326/3402/102 335/3570/138 447/3572/140 438/3403/103
f 438/3403/103 447/3572/140 559/3574/142 550/3404/104
f 550/3404/104 559/3574/142 671/3576/144 662/3405/105
f 662/3405/105 671/3576/144 783/3578/146 774/3406/106
f 774/3406/106 783/3578/146 895/3580/148 886/3407/107
f 886/3407/107 895/3580/148 1007/3582/150 998/3408/108
f 998/3408/108 1007/3582/150 1119/3584/152 1110/3409/109
f 1110/3409/109 1119/3584/152 1231/3586/154 1222/3410/110
f 1222/3410/110 1231/3586/154 1343/3588/156 1334/3411/111
f 1334/3411/111 1343/3588/156 1455/3590/158 1446/3412/112
f 1446/3412/112 1455/3590/158 1567/3592/160 1558/3413/113
f 1558/3413/113 1567/3592/160 1679/3594/162 1670/3414/114
f 1670/3414/114 1679/3594/162 1791/3596/164 1782/3415/115
f 1782/3415/115 1791/3596/164 1903/3598/166 1894/3416/116
f 1894/3416/116 1903/3598/166 2015/3600/168 2006/3417/117
f 2006/3417/117 2015/3600/168 2127/3602/170 2118/3418/118
f 2118/3418/118 2127/3602/170 2239/3604/172 2230/3419/119
f 2230/3419/119 2239/3604/172 2351/3606/174 2342/3420/120
f 2342/3420/120 2351/3606/174 2463/3608/176 2454/3421/121
f 2454/3421/121 2463/3608/176 2575/3610/178 2566/3422/122
f 2566/3422/122 2575/3610/178 2687/3612/180 2678/3423/123
f 2678/3423/123 2687/3612/180 2799/3614/182 2790/3424/124
f 2790/3424/124 2799/3614/182 2911/3616/184 2902/3425/125
f 2902/3425/125 2911/3616/184 3023/3618/186 3014/3426/126
f 3014/3426/126 3023/3618/186 3135/3620/188 3126/3427/127
f 3126/3427/127 3135/3620/188 3247/3622/190 3238/3428/128
f 3238/3428/128 3247/3622/190 3359/3624/192 3350/3429/129
f 3350/3429/129 3359/3624/192 3471/3626/194 3462/3430/130
f 3462/3430/130 3471/3626/194 3583/3628/196 3574/3431/131
f 3574/3431/131 3583/3628/196 3695/3630/198 3686/3432/132
f 14/496/100 27/826/299 139/829/136 126/497/101
f 126/497/101 139/829/136 251/831/138 238/498/102
f 238/498/102 251/831/138 363/833/140 350/499/103
f 350/499/103 363/833/140 475/835/142 462/500/104
f 462/500/104 475/835/142 587/837/144 574/501/105
f 574/501/105 587/837/144 699/839/146 686/502/106
f 686/502/106 699/839/146 811/841/148 798/503/107
f 798/503/107 811/841/148 923/843/150 910/504/108
f 910/504/108 923/843/150 1035/845/152 1022/505/109
f 1022/505/109 1035/845/152 1147/847/154 1134/506/110
f 1134/506/110 1147/847/154 1259/849/156 1246/507/111
f 1246/507/111 1259/849/156 1371/851/158 1358/508/112
f 1358/508/112 1371/851/158 1483/853/160 1470/509/113
f 1470/509/113 1483/853/160 1595/855/162 1582/510/114
f 1582/510/114 1595/855/162 1707/857/164 1694/511/115
f 1694/511/115 1707/857/164 1819/859/166 1806/512/116
f 1806/512/116 1819/859/166 1931/861/168 1918/513/117
f 1918/513/117 1931/861/168 2043/863/170 2030/514/118
f 2030/514/118 2043/863/170 2155/865/172 2142/515/119
f 2142/515/119 2155/865/172 2267/867/174 2254/516/120
f 2254/516/120 2267/867/174 2379/869/176 2366/517/121
f 2366/517/121 2379/869/176 2491/871/178 2478/518/122
f 2478/518/122 2491/871/178 2603/873/180 2590/519/123
f 2590/519/123 2603/873/180 2715/875/182 2702/520/124
f 2702/520/124 2715/875/182 2827/877/184 2814/521/125
f 2814/521/125 2827/877/184 2939/879/186 2926/522/126
f 2926/522/126 2939/879/186 3051/881/188 3038/523/127
f 3038/523/127 3051/881/188 3163/883/190 3150/524/128
f 3150/524/128 3163/883/190 3275/885/192 3262/525/129
f 3262/525/129 3275/885/192 3387/887/194 3374/526/130
f 3374/526/130 3387/887/194 3499/889/196 3486/527/131
f 3486/527/131 3499/889/196 3611/891/198 3598/528/132
f 30/1024/100 43/1354/299 155/1357/136 142/1025/101
f 142/1025/101 155/1357/136 267/1359/138 254/1026/102
f 254/1026/102 267/1359/138 379/1361/140 366/1027/103
f 366/1027/103 379/1361/140 491/1363/142 478/1028/104
f 478/1028/104 491/1363/142 603/1365/144 590/1029/105
f 590/1029/105 603/1365/144 715/1367/146 702/1030/106
f 702/1030/106 715/1367/146 827/1369/148 814/1031/107
f 814/1031/107 827/1369/148 939/1371/150 926/1032/108
f 926/1032/108 939/1371/150 1051/1373/152 1038/1033/109
f 1038/1033/109 1051/1373/152 1163/1375/154 1150/1034/110
f 1150/1034/110 1163/1375/154 1275/1377/156 1262/1035/111
f 1262/1035/111 1275/1377/156 1387/1379/158 1374/1036/112
f 1374/1036/112 1387/1379/158 1499/1381/160 1486/1037/113
f 1486/1037/113 1499/1381/160 1611/1383/162 1598/1038/114
f 1598/1038/114 1611/1383/162 1723/1385/164 1710/1039/115
f 1710/1039/115 1723/1385/164 1835/1387/166 1822/1040/116
f 1822/1040/116 1835/1387/166 1947/1389/168 1934/1041/117
f 1934/1041/117 1947/1389/168 2059/1391/170 2046/1042/118
f 2046/1042/118 2059/1391/170 2171/1393/172 2158/1043/119
f 2158/1043/119 2171/1393/172 2283/1395/174 2270/1044/120
f 2270/1044/120 2283/1395/174 2395/1397/176 2382/1045/121
f 2382/1045/121 2395/1397/176 2507/1399/178 2494/1046/122
f 2494/1046/122 2507/1399/178 2619/1401/180 2606/1047/123
f 2606/1047/123 2619/1401/180 2731/1403/182 2718/1048/124
f 2718/1048/124 2731/1403/182 2843/1405/184 2830/1049/125
f 2830/1049/125 2843/1405/184 2955/1407/186 2942/1050/126
f 2942/1050/126 2955/1407/186 3067/1409/188 3054/1051/127
f 3054/1051/127 3067/1409/188 3179/1411/190 3166/1052/128
f 3166/1052/128 3179/1411/190 3291/1413/192 3278/1053/129
f 3278/1053/129 3291/1413/192 3403/1415/194 3390/1054/130
f 3390/1054/130 3403/1415/194 3515/1417/196 3502/1055/131
f 3502/1055/131 3515/1417/196 3627/1419/198 3614/1056/132
f 62/2080/100 75/2410/299 187/2413/136 174/2081/101
f 174/2081/101 187/2413/136 299/2415/138 286/2082/102
f 286/2082/102 299/2415/138 411/2417/140 398/2083/103
f 398/2083/103 411/2417/140 523/2419/142 510/2084/104
f 510/2084/104 523/2419/142 635/2421/144 622/2085/105
f 622/2085/105 635/2421/144 747/2423/146 734/2086/106
f 734/2086/106 747/2423/146 859/2425/148 846/2087/107
f 846/2087/107 859/2425/148 971/2427/150 958/2088/108
f 958/2088/108 971/2427/150 1083/2429/152 1070/2089/109
f 1070/2089/109 1083/2429/152 1195/2431/154 1182/2090/110
f 1182/2090/110 1195/2431/154 1307/2433/156 1294/2091/111
f 1294/2091/111 1307/2433/156 1419/2435/158 1406/2092/112
f 1406/2092/112 1419/2435/158 1531/2437/160 1518/2093/113
f 1518/2093/113 1531/2437/160 1643/2439/162 1630/2094/114
f 1630/2094/114 1643/2439/162 1755/2441/164 1742/2095/115
f 1742/2095/115 1755/2441/164 1867/2443/166 1854/2096/116
f 1854/2096/116 1867/2443/166 1979/2445/168 1966/2097/117
f 1966/2097/117 1979/2445/168 2091/2447/170 2078/2098/118
f 2078/2098/118 2091/2447/170 2203/2449/172 2190/2099/119
f 2190/2099/119 2203/2449/172 2315/2451/174 2302/2100/120
f 2302/2100/120 2315/2451/174 2427/2453/176 2414/2101/121
f 2414/2101/121 2427/2453/176 2539/2455/178 2526/2102/122
f 2526/2102/122 2539/2455/178 2651/2457/180 2638/2103/123
f 2638/2103/123 2651/2457/180 2763/2459/182 2750/2104/124
f 2750/2104/124 2763/2459/182 2875/2461/184 2862/2105/125
f 2862/2105/125 2875/2461/184 2987/2463/186 2974/2106/126
f 2974/2106/126 2987/2463/186 3099/2465/188 3086/2107/127
f 3086/2107/127 3099/2465/188 3211/2467/190 3198/2108/128
f 3198/2108/128 3211/2467/190 3323/2469/192 3310/2109/129
f 3310/2109/129 3323/2469/192 3435/2471/194 3422/2110/130
f 3422/2110/130 3435/2471/194 3547/2473/196 3534/2111/131
f 3534/2111/131 3547/2473/196 3659/2475/198 3646/2112/132
f 94/3136/100 107/3466/299 219/3469/136 206/3137/101
f 206/3137/101 219/3469/136 331/3471/138 318/3138/102
f 318/3138/102 331/3471/138 443/3473/140 430/3139/103
f 430/3139/103 443/3473/140 555/3475/142 542/3140/104
f 542/3140/104 555/3475/142 667/3477/144 654/3141/105
f 654/3141/105 667/3477/144 779/3479/146 766/3142/106
f 766/3142/106 779/3479/146 891/3481/148 878/3143/107
f 878/3143/107 891/3481/148 1003/3483/150 990/3144/108
f 990/3144/108 1003/3483/150 1115/3485/152 1102/3145/109
f 1102/3145/109 1115/3485/152 1227/3487/154 1214/3146/110
f 1214/3146/110 1227/3487/154 1339/3489/156 1326/3147/111
f 1326/3147/111 1339/3489/156 1451/3491/158 1438/3148/112
f 1438/3148/112 1451/3491/158 1563/3493/160 1550/3149/113
f 1550/3149/113 1563/3493/160 1675/3495/162 1662/3150/114
f 1662/3150/114 1675/3495/162 1787/3497/164 1774/3151/115
f 1774/3151/115 1787/3497/164 1899/3499/166 1886/3152/116
f 1886/3152/116 1899/3499/166 2011/3501/168 1998/3153/117
f 1998/3153/117 2011/3501/168 2123/3503/170 2110/3154/118
f 2110/3154/118 2123/3503/170 2235/3505/172 2222/3155/119
f 2222/3155/119 2235/3505/172 2347/3507/174 2334/3156/120
f 2334/3156/120 2347/3507/174 2459/3509/176 2446/3157/121
f 2446/3157/121 2459/3509/176 2571/3511/178 2558/3158/122
f 2558/3158/122 2571/3511/178 2683/3513/180 2670/3159/123
f 2670/3159/123 2683/3513/180 2795/3515/182 2782/3160/124
f 2782/3160/124 2795/3515/182 2907/3517/184 2894/3161/125
f 2894/3161/125 2907/3517/184 3019/3519/186 3006/3162/126
f 3006/3162/126 3019/3519/186 3131/3521/188 3118/3163/127
f 3118/3163/127 3131/3521/188 3243/3523/190 3230/3164/128
f 3230/3164/128 3243/3523/190 3355/3525/192 3342/3165/129
f 3342/3165/129 3355/3525/192 3467/3527/194 3454/3166/130
f 3454/3166/130 3467/3527/194 3579/3529/196 3566/3167/131
f 3566/3167/131 3579/3529/196 3691/3531/300 3678/3168/132
f 3701/3697/334 3813/3698/335 3812/3699/336 3700/3700/337
f 3813/3698/335 3925/3701/338 3924/3702/339 3812/3699/336
f 3925/3701/338 4037/3703/340 4036/3704/341 3924/3702/339
f 4037/3703/340 4149/3705/342 4148/3706/343 4036/3704/341
f 4149/3705/342 4261/3707/344 4260/3708/345 4148/3706/343
f 4261/3707/344 4373/3709/346 4372/3710/347 4260/3708/345
f 4373/3709/346 4485/3711/348 4484/3712/349 4372/3710/347
f 4485/3711/348 4597/3713/350 4596/3714/351 4484/3712/349
f 4597/3713/350 4709/3715/352 4708/3716/353 4596/3714/351
f 4709/3715/352 4821/3717/354 4820/3718/355 4708/3716/353
f 4821/3717/354 4933/3719/356 4932/3720/357 4820/3718/355
f 4933/3719/356 5045/3721/358 5044/3722/359 4932/3720/357
f 5045/3721/358 5157/3723/360 5156/3724/361 5044/3722/359
f 5157/3723/360 5269/3725/362 5268/3726/363 5156/3724/361
f 5269/3725/362 5381/3727/364 5380/3728/365 5268/3726/363
f 5381/3727/364 5493/3729/366 5492/3730/367 5380/3728/365
f 5493/3729/366 5605/3731/368 5604/3732/369 5492/3730/367
f 5605/3731/368 5717/3733/370 5716/3734/371 5604/3732/369
f 5717/3733/370 5829/3735/372 5828/3736/373 5716/3734/371
f 5829/3735/372 5941/3737/374 5940/3738/375 5828/3736/373
f 5941/3737/374 6053/3739/376 6052/3740/377 5940/3738/375
f 6053/3739/376 6165/3741/378 6164/3742/379 6052/3740/377
f 6165/3741/378 6277/3743/380 6276/3744/381 6164/3742/379
f 6277/3743/380 6389/3745/382 6388/3746/383 6276/3744/381
f 6389/3745/382 6501/3747/384 6500/3748/385 6388/3746/383
f 6501/3747/384 6613/3749/386 6612/3750/387 6500/3748/385
f 6613/3749/386 6725/3751/388 6724/3752/389 6612/3750/387
f 6725/3751/388 6837/3753/390 6836/3754/391 6724/3752/389
f 6837/3753/390 6949/3755/392 6948/3756/393 6836/3754/391
f 6949/3755/392 7061/3757/394 7060/3758/395 6948/3756/393
f 7061/3757/394 7173/3759/396 7172/3760/397 7060/3758/395
f 7173/3759/396 7285/3761/398 7284/3762/399 7172/3760/397
f 3699/3763/400 3811/3764/401 3813/3698/335 3701/3697/334
f 3811/3764/401 3923/3765/402 3925/3701/338 3813/3698/335
f 3923/3765/402 4035/3766/403 4037/3703/340 3925/3701/338
f 4035/3766/403 4147/3767/404 4149/3705/342 4037/3703/340
f 4147/3767/404 4259/3768/405 4261/3707/344 4149/3705/342
f 4259/3768/405 4371/3769/406 4373/3709/346 4261/3707/344
f 4371/3769/406 4483/3770/407 4485/3711/348 4373/3709/346
f 4483/3770/407 4595/3771/408 4597/3713/350 4485/3711/348
f 4595/3771/408 4707/3772/409 4709/3715/352 4597/3713/350
f 4707/3772/409 4819/3773/410 4821/3717/354 4709/3715/352
f 4819/3773/410 4931/3774/411 4933/3719/356 4821/3717/354
f 4931/3774/411 5043/3775/412 5045/3721/358 4933/3719/356
f 5043/3775/412 5155/3776/413 5157/3723/360 5045/3721/358
f 5155/3776/413 5267/3777/414 5269/3725/362 5157/3723/360
f 5267/3777/414 5379/3778/415 5381/3727/364 5269/3725/362
f 5379/3778/415 5491/3779/416 5493/3729/366 5381/3727/364
f 5491/3779/416 5603/3780/417 5605/3731/368 5493/3729/366
f 5603/3780/417 5715/3781/418 5717/3733/370 5605/3731/368
f 5715/3781/418 5827/3782/419 5829/3735/372 5717/3733/370
f 5827/3782/419 5939/3783/420 5941/3737/374 5829/3735/372
f 5939/3783/420 6051/3784/421 6053/3739/376 5941/3737/374
f 6051/3784/421 6163/3785/422 6165/3741/378 6053/3739/376
f 6163/3785/422 6275/3786/423 6277/3743/380 6165/3741/378
f 6275/3786/423 6387/3787/424 6389/3745/382 6277/3743/380
f 6387/3787/424 6499/3788/425 6501/3747/384 6389/3745/382
f 6499/3788/425 6611/3789/426 6613/3749/386 6501/3747/384
f 6611/3789/426 6723/3790/427 6725/3751/388 6613/3749/386
f 6723/3790/427 6835/3791/428 6837/3753/390 6725/3751/388
f 6835/3791/428 6947/3792/429 6949/3755/392 6837/3753/390
f 6947/3792/429 7059/3793/430 7061/3757/394 6949/3755/392
f 7059/3793/430 7171/3794/431 7173/3759/396 7061/3757/394
f 7171/3794/431 7283/3795/432 7285/3761/398 7173/3759/396
f 3700/3700/337 3812/3699/336 3810/3796/433 3698/3797/434
f 3812/3699/336 3924/3702/339 3922/3798/435 3810/3796/433
f 3924/3702/339 4036/3704/341 4034/3799/436 3922/3798/435
f 4036/3704/341 4148/3706/343 4146/3800/437 4034/3799/436
f 4148/3706/343 4260/3708/345 4258/3801/438 4146/3800/437
f 4260/3708/345 4372/3710/347 4370/3802/439 4258/3801/438
f 4372/3710/347 4484/3712/349 4482/3803/440 4370/3802/439
f 4484/3712/349 4596/3714/351 4594/3804/441 4482/3803/440
f 4596/3714/351 4708/3716/353 4706/3805/442 4594/3804/441
f 4708/3716/353 4820/3718/355 4818/3806/443 4706/3805/442
f 4820/3718/355 4932/3720/357 4930/3807/444 4818/3806/443
f 4932/3720/357 5044/3722/359 5042/3808/445 4930/3807/444
f 5044/3722/359 5156/3724/361 5154/3809/446 5042/3808/445
f 5156/3724/361 5268/3726/363 5266/3810/447 5154/3809/446
f 5268/3726/363 5380/3728/365 5378/3811/448 5266/3810/447
f 5380/3728/365 5492/3730/367 5490/3812/449 5378/3811/448
f 5492/3730/367 5604/3732/369 5602/3813/450 5490/3812/449
f 5604/3732/369 5716/3734/371 5714/3814/451 5602/3813/450
f 5716/3734/371 5828/3736/373 5826/3815/452 5714/3814/451
f 5828/3736/373 5940/3738/375 5938/3816/453 5826/3815/452
f 5940/3738/375 6052/3740/377 6050/3817/454 5938/3816/453
f 6052/3740/377 6164/3742/379 6162/3818/455 6050/3817/454
f 6164/3742/379 6276/3744/381 6274/3819/456 6162/3818/455
f 6276/3744/381 6388/3746/383 6386/3820/457 6274/3819/456
f 6388/3746/383 6500/3748/385 6498/3821/458 6386/3820/457
f 6500/3748/385 6612/3750/387 6610/3822/459 6498/3821/458
f 6612/3750/387 6724/3752/389 6722/3823/460 6610/3822/459
f 6724/3752/389 6836/3754/391 6834/3824/461 6722/3823/460
f 6836/3754/391 6948/3756/393 6946/3825/462 6834/3824/461
f 6948/3756/393 7060/3758/395 7058/3826/463 6946/3825/462
f 7060/3758/395 7172/3760/397 7170/3827/464 7058/3826/463
f 7172/3760/397 7284/3762/399 7282/3828/465 7170/3827/464
f 3697/3829/434 3809/3830/433 3811/3764/401 3699/3763/400
f 3809/3830/433 3921/3831/435 3923/3765/402 3811/3764/401
f 3921/3831/435 4033/3832/436 4035/3766/403 3923/3765/402
f 4033/3832/436 4145/3833/437 4147/3767/404 4035/3766/403
f 4145/3833/437 4257/3834/438 4259/3768/405 4147/3767/404
f 4257/3834/438 4369/3835/439 4371/3769/406 4259/3768/405
f 4369/3835/439 4481/3836/440 4483/3770/407 4371/3769/406
f 4481/3836/440 4593/3837/441 4595/3771/408 4483/3770/407
f 4593/3837/441 4705/3838/442 4707/3772/409 4595/3771/408
f 4705/3838/442 4817/3839/443 4819/3773/410 4707/3772/409
f 4817/3839/443 4929/3840/444 4931/3774/411 4819/3773/410
f 4929/3840/444 5041/3841/445 5043/3775/412 4931/3774/411
f 5041/3841/445 5153/3842/446 5155/3776/413 5043/3775/412
f 5153/3842/446 5265/3843/447 5267/3777/414 5155/3776/413
f 5265/3843/447 5377/3844/448 5379/3778/415 5267/3777/414
f 5377/3844/448 5489/3845/449 5491/3779/416 5379/3778/415
f 5489/3845/449 5601/3846/450 5603/3780/417 5491/3779/416
f 5601/3846/450 5713/3847/451 5715/3781/418 5603/3780/417
f 5713/3847/451 5825/3848/452 5827/3782/419 5715/3781/418
f 5825/3848/452 5937/3849/453 5939/3783/420 5827/3782/419
f 5937/3849/453 6049/3850/454 6051/3784/421 5939/3783/420
f 6049/3850/454 6161/3851/455 6163/3785/422 6051/3784/421
f 6161/3851/455 6273/3852/456 6275/3786/423 6163/3785/422
f 6273/3852/456 6385/3853/457 6387/3787/424 6275/3786/423
f 6385/3853/457 6497/3854/458 6499/3788/425 6387/3787/424
f 6497/3854/458 6609/3855/459 6611/3789/426 6499/3788/425
f 6609/3855/459 6721/3856/460 6723/3790/427 6611/3789/426
f 6721/3856/460 6833/3857/461 6835/3791/428 6723/3790/427
f 6833/3857/461 6945/3858/462 6947/3792/429 6835/3791/428
f 6945/3858/462 7057/3859/463 7059/3793/430 6947/3792/429
f 7057/3859/463 7169/3860/464 7171/3794/431 7059/3793/430
f 7169/3860/464 7281/3861/465 7283/3795/432 7171/3794/431
f 3704/3862/466 3816/3863/467 3817/3864/468 3705/3865/469
f 3816/3863/467 3928/3866/470 3929/3867/471 3817/3864/468
f 3928/3866/470 4040/3868/472 4041/3869/473 3929/3867/471
f 4040/3868/472 4152/3870/474 4153/3871/475 4041/3869/473
f 4152/3870/474 4264/3872/476 4265/3873/477 4153/3871/475
f 4264/3872/476 4376/3874/478 4377/3875/479 4265/3873/477
f 4376/3874/478 4488/3876/480 4489/3877/481 4377/3875/479
f 4488/3876/480 4600/3878/482 4601/3879/483 4489/3877/481
f 4600/3878/482 4712/3880/484 4713/3881/485 4601/3879/483
f 4712/3880/484 4824/3882/486 4825/3883/487 4713/3881/485
f 4824/3882/486 4936/3884/488 4937/3885/489 4825/3883/487
f 4936/3884/488 5048/3886/490 5049/3887/491 4937/3885/489
f 5048/3886/490 5160/3888/492 5161/3889/493 5049/3887/491
f 5160/3888/492 5272/3890/494 5273/3891/495 5161/3889/493
f 5272/3890/494 5384/3892/496 5385/3893/497 5273/3891/495
f 5384/3892/496 5496/3894/498 5497/3895/499 5385/3893/497
f 5496/3894/498 5608/3896/500 5609/3897/501 5497/3895/499
f 5608/3896/500 5720/3898/502 5721/3899/503 5609/3897/501
f 5720/3898/502 5832/3900/504 5833/3901/505 5721/3899/503
f 5832/3900/504 5944/3902/506 5945/3903/507 5833/3901/505
f 5944/3902/506 6056/3904/508 6057/3905/509 5945/3903/507
f 6056/3904/508 6168/3906/510 6169/3907/511 6057/3905/509
f 6168/3906/510 6280/3908/512 6281/3909/513 6169/3907/511
f 6280/3908/512 6392/3910/514 6393/3911/515 6281/3909/513
f 6392/3910/514 6504/3912/516 6505/3913/517 6393/3911/515
f 6504/3912/516 6616/3914/518 6617/3915/519 6505/3913/517
f 6616/3914/518 6728/3916/520 6729/3917/521 6617/3915/519
f 6728/3916/520 6840/3918/522 6841/3919/523 6729/3917/521
f 6840/3918/522 6952/3920/524 6953/3921/525 6841/3919/523
f 6952/3920/524 7064/3922/526 7065/3923/527 6953/3921/525
f 7064/3922/526 7176/3924/528 7177/3925/529 7065/3923/527
f 7176/3924/528 7288/3926/530 7289/3927/531 7177/3925/529
f 3703/3928/434 3815/3929/433 3816/3863/467 3704/3862/466
f 3815/3929/433 3927/3930/435 3928/3866/470 3816/3863/467
f 3927/3930/435 4039/3931/436 4040/3868/472 3928/3866/470
f 4039/3931/436 4151/3932/437 4152/3870/474 4040/3868/472
f 4151/3932/437 4263/3933/438 4264/3872/476 4152/3870/474
f 4263/3933/438 4375/3934/439 4376/3874/478 4264/3872/476
f 4375/3934/439 4487/3935/440 4488/3876/480 4376/3874/478
f 4487/3935/440 4599/3936/441 4600/3878/482 4488/3876/480
f 4599/3936/441 4711/3937/442 4712/3880/484 4600/3878/482
f 4711/3937/442 4823/3938/443 4824/3882/486 4712/3880/484
f 4823/3938/443 4935/3939/444 4936/3884/488 4824/3882/486
f 4935/3939/444 5047/3940/445 5048/3886/490 4936/3884/488
f 5047/3940/445 5159/3941/446 5160/3888/492 5048/3886/490
f 5159/3941/446 5271/3942/447 5272/3890/494 5160/3888/492
f 5271/3942/447 5383/3943/448 5384/3892/496 5272/3890/494
f 5383/3943/448 5495/3944/449 5496/3894/498 5384/3892/496
f 5495/3944/449 5607/3945/450 5608/3896/500 5496/3894/498
f 5607/3945/450 5719/3946/451 5720/3898/502 5608/3896/500
f 5719/3946/451 5831/3947/452 5832/3900/504 5720/3898/502
f 5831/3947/452 5943/3948/453 5944/3902/506 5832/3900/504
f 5943/3948/453 6055/3949/454 6056/3904/508 5944/3902/506
f 6055/3949/454 6167/3950/455 6168/3906/510 6056/3904/508
f 6167/3950/455 6279/3951/456 6280/3908/512 6168/3906/510
f 6279/3951/456 6391/3952/457 6392/3910/514 6280/3908/512
f 6391/3952/457 6503/3953/458 6504/3912/516 6392/3910/514
f 6503/3953/458 6615/3954/459 6616/3914/518 6504/3912/516
f 6615/3954/459 6727/3955/460 6728/3916/520 6616/3914/518
f 6727/3955/460 6839/3956/461 6840/3918/522 6728/3916/520
f 6839/3956/461 6951/3957/462 6952/3920/524 6840/3918/522
f 6951/3957/462 7063/3958/463 7064/3922/526 6952/3920/524
f 7063/3958/463 7175/3959/464 7176/3924/528 7064/3922/526
f 7175/3959/464 7287/3960/465 7288/3926/530 7176/3924/528
f 3705/3865/469 3817/3864/468 3814/3961/532 3702/3962/533
f 3817/3864/468 3929/3867/471 3926/3963/534 3814/3961/532
f 3929/3867/471 4041/3869/473 4038/3964/535 3926/3963/534
f 4041/3869/473 4153/3871/475 4150/3965/536 4038/3964/535
f 4153/3871/475 4265/3873/477 4262/3966/537 4150/3965/536
f 4265/3873/477 4377/3875/479 4374/3967/538 4262/3966/537
f 4377/3875/479 4489/3877/481 4486/3968/539 4374/3967/538
f 4489/3877/481 4601/3879/483 4598/3969/540 4486/3968/539
f 4601/3879/483 4713/3881/485 4710/3970/541 4598/3969/540
f 4713/3881/485 4825/3883/487 4822/3971/542 4710/3970/541
f 4825/3883/487 4937/3885/489 4934/3972/543 4822/3971/542
f 4937/3885/489 5049/3887/491 5046/3973/544 4934/3972/543
f 5049/3887/491 5161/3889/493 5158/3974/545 5046/3973/544
f 5161/3889/493 5273/3891/495 5270/3975/546 5158/3974/545
f 5273/3891/495 5385/3893/497 5382/3976/547 5270/3975/546
f 5385/3893/497 5497/3895/499 5494/3977/548 5382/3976/547
f 5497/3895/499 5609/3897/501 5606/3978/549 5494/3977/548
f 5609/3897/501 5721/3899/503 5718/3979/550 5606/3978/549
f 5721/3899/503 5833/3901/505 5830/3980/551 5718/3979/550
f 5833/3901/505 5945/3903/507 5942/3981/552 5830/3980/551
f 5945/3903/507 6057/3905/509 6054/3982/553 5942/3981/552
f 6057/3905/509 6169/3907/511 6166/3983/554 6054/3982/553
f 6169/3907/511 6281/3909/513 6278/3984/555 6166/3983/554
f 6281/3909/513 6393/3911/515 6390/3985/556 6278/3984/555
f 6393/3911/515 6505/3913/517 6502/3986/557 6390/3985/556
f 6505/3913/517 6617/3915/519 6614/3987/558 6502/3986/557
f 6617/3915/519 6729/3917/521 6726/3988/559 6614/3987/558
f 6729/3917/521 6841/3919/523 6838/3989/560 6726/3988/559
f 6841/3919/523 6953/3921/525 6950/3990/561 6838/3989/560
f 6953/3921/525 7065/3923/527 7062/3991/562 6950/3990/561
f 7065/3923/527 7177/3925/529 7174/3992/563 7062/3991/562
f 7177/3925/529 7289/3927/531 7286/3993/564 7174/3992/563
f 3708/3994/565 3820/3995/566 3819/3996/336 3707/3997/337
f 3820/3995/566 3932/3998/567 3931/3999/339 3819/3996/336
f 3932/3998/567 4044/4000/568 4043/4001/341 3931/3999/339
f 4044/4000/568 4156/4002/569 4155/4003/343 4043/4001/341
f 4156/4002/569 4268/4004/570 4267/4005/345 4155/4003/343
f 4268/4004/570 4380/4006/571 4379/4007/347 4267/4005/345
f 4380/4006/571 4492/4008/572 4491/4009/349 4379/4007/347
f 4492/4008/572 4604/4010/573 4603/4011/351 4491/4009/349
f 4604/4010/573 4716/4012/574 4715/4013/353 4603/4011/351
f 4716/4012/574 4828/4014/575 4827/4015/576 4715/4013/353
f 4828/4014/575 4940/4016/577 4939/4017/357 4827/4015/576
f 4940/4016/577 5052/4018/578 5051/4019/359 4939/4017/357
f 5052/4018/578 5164/4020/579 5163/4021/361 5051/4019/359
f 5164/4020/579 5276/4022/580 5275/4023/363 5163/4021/361
f 5276/4022/580 5388/4024/581 5387/4025/365 5275/4023/363
f 5388/4024/581 5500/4026/582 5499/4027/367 5387/4025/365
f 5500/4026/582 5612/4028/583 5611/4029/369 5499/4027/367
f 5612/4028/583 5724/4030/584 5723/4031/371 5611/4029/369
f 5724/4030/584 5836/4032/585 5835/4033/373 5723/4031/371
f 5836/4032/585 5948/4034/586 5947/4035/375 5835/4033/373
f 5948/4034/586 6060/4036/587 6059/4037/377 5947/4035/375
f 6060/4036/587 6172/4038/588 6171/4039/379 6059/4037/377
f 6172/4038/588 6284/4040/589 6283/4041/381 6171/4039/379
f 6284/4040/589 6396/4042/590 6395/4043/383 6283/4041/381
f 6396/4042/590 6508/4044/591 6507/4045/385 6395/4043/383
f 6508/4044/591 6620/4046/592 6619/4047/593 6507/4045/385
f 6620/4046/592 6732/4048/594 6731/4049/389 6619/4047/593
f 6732/4048/594 6844/4050/595 6843/4051/391 6731/4049/389
f 6844/4050/595 6956/4052/596 6955/4053/393 6843/4051/391
f 6956/4052/596 7068/4054/597 7067/4055/395 6955/4053/393
f 7068/4054/597 7180/4056/598 7179/4057/397 7067/4055/395
f 7180/4056/598 7292/4058/599 7291/4059/399 7179/4057/397
f 3706/4060/600 3818/4061/601 3820/3995/566 3708/3994/565
f 3818/4061/601 3930/4062/602 3932/3998/567 3820/3995/566
f 3930/4062/602 4042/4063/603 4044/4000/568 3932/3998/567
f 4042/4063/603 4154/4064/604 4156/4002/569 4044/4000/568
f 4154/4064/604 4266/4065/605 4268/4004/570 4156/4002/569
f 4266/4065/605 4378/4066/606 4380/4006/571 4268/4004/570
f 4378/4066/606 4490/4067/607 4492/4008/572 4380/4006/571
f 4490/4067/607 4602/4068/608 4604/4010/573 4492/4008/572
f 4602/4068/608 4714/4069/609 4716/4012/574 4604/4010/573
f 4714/4069/609 4826/4070/610 4828/4014/575 4716/4012/574
f 4826/4070/610 4938/4071/611 4940/4016/577 4828/4014/575
f 4938/4071/611 5050/4072/612 5052/4018/578 4940/4016/577
f 5050/4072/612 5162/4073/613 5164/4020/579 5052/4018/578
f 5162/4073/613 5274/4074/614 5276/4022/580 5164/4020/579
f 5274/4074/614 5386/4075/615 5388/4024/581 5276/4022/580
f 5386/4075/615 5498/4076/616 5500/4026/582 5388/4024/581
f 5498/4076/616 5610/4077/617 5612/4028/583 5500/4026/582
f 5610/4077/617 5722/4078/618 5724/4030/584 5612/4028/583
f 5722/4078/618 5834/4079/619 5836/4032/585 5724/4030/584
f 5834/4079/619 5946/4080/620 5948/4034/586 5836/4032/585
f 5946/4080/620 6058/4081/621 6060/4036/587 5948/4034/586
f 6058/4081/621 6170/4082/622 6172/4038/588 6060/4036/587
f 6170/4082/622 6282/4083/623 6284/4040/589 6172/4038/588
f 6282/4083/623 6394/4084/624 6396/4042/590 6284/4040/589
f 6394/4084/624 6506/4085/625 6508/4044/591 6396/4042/590
f 6506/4085/625 6618/4086/626 6620/4046/592 6508/4044/591
f 6618/4086/626 6730/4087/627 6732/4048/594 6620/4046/592
f 6730/4087/627 6842/4088/628 6844/4050/595 6732/4048/594
f 6842/4088/628 6954/4089/629 6956/4052/596 6844/4050/595
f 6954/4089/629 7066/4090/630 7068/4054/597 6956/4052/596
f 7066/4090/630 7178/4091/631 7180/4056/598 7068/4054/597
f 7178/4091/631 7290/4092/632 7292/4058/599 7180/4056/598
f 3707/3997/337 3819/3996/336 3815/3929/433 3703/3928/434
f 3819/3996/336 3931/3999/339 3927/3930/435 3815/3929/433
f 3931/3999/339 4043/4001/341 4039/3931/436 3927/3930/435
f 4043/4001/341 4155/4003/343 4151/3932/437 4039/3931/436
f 4155/4003/343 4267/4005/345 4263/3933/438 4151/3932/437
f 4267/4005/345 4379/4007/347 4375/3934/439 4263/3933/438
f 4379/4007/347 4491/4009/349 4487/3935/440 4375/3934/439
f 4491/4009/349 4603/4011/351 4599/3936/441 4487/3935/440
f 4603/4011/351 4715/4013/353 4711/3937/442 4599/3936/441
f 4715/4013/353 4827/4015/576 4823/3938/443 4711/3937/442
f 4827/4015/576 4939/4017/357 4935/3939/444 4823/3938/443
f 4939/4017/357 5051/4019/359 5047/3940/445 4935/3939/444
f 5051/4019/359 5163/4021/361 5159/3941/446 5047/3940/445
f 5163/4021/361 5275/4023/363 5271/3942/447 5159/3941/446
f 5275/4023/363 5387/4025/365 5383/3943/448 5271/3942/447
f 5387/4025/365 5499/4027/367 5495/3944/449 5383/3943/448
f 5499/4027/367 5611/4029/369 5607/3945/450 5495/3944/449
f 5611/4029/369 5723/4031/371 5719/3946/451 5607/3945/450
f 5723/4031/371 5835/4033/373 5831/3947/452 5719/3946/451
f 5835/4033/373 5947/4035/375 5943/3948/453 5831/3947/452
f 5947/4035/375 6059/4037/377 6055/3949/454 5943/3948/453
f 6059/4037/377 6171/4039/379 6167/3950/455 6055/3949/454
f 6171/4039/379 6283/4041/381 6279/3951/456 6167/3950/455
f 6283/4041/381 6395/4043/383 6391/3952/457 6279/3951/456
f 6395/4043/383 6507/4045/385 6503/3953/458 6391/3952/457
f 6507/4045/385 6619/4047/593 6615/3954/459 6503/3953/458
f 6619/4047/593 6731/4049/389 6727/3955/460 6615/3954/459
f 6731/4049/389 6843/4051/391 6839/3956/461 6727/3955/460
f 6843/4051/391 6955/4053/393 6951/3957/462 6839/3956/461
f 6955/4053/393 7067/4055/395 7063/3958/463 6951/3957/462
f 7067/4055/395 7179/4057/397 7175/3959/464 7063/3958/463
f 7179/4057/397 7291/4059/399 7287/3960/465 7175/3959/464
f 3702/3962/533 3814/3961/532 3809/3830/433 3697/3829/434
f 3814/3961/532 3926/3963/534 3921/3831/435 3809/3830/433
f 3926/3963/534 4038/3964/535 4033/3832/436 3921/3831/435
f 4038/3964/535 4150/3965/536 4145/3833/437 4033/3832/436
f 4150/3965/536 4262/3966/537 4257/3834/438 4145/3833/437
f 4262/3966/537 4374/3967/538 4369/3835/439 4257/3834/438
f 4374/3967/538 4486/3968/539 4481/3836/440 4369/3835/439
f 4486/3968/539 4598/3969/540 4593/3837/441 4481/3836/440
f 4598/3969/540 4710/3970/541 4705/3838/442 4593/3837/441
f 4710/3970/541 4822/3971/542 4817/3839/443 4705/3838/442
f 4822/3971/542 4934/3972/543 4929/3840/444 4817/3839/443
f 4934/3972/543 5046/3973/544 5041/3841/445 4929/3840/444
f 5046/3973/544 5158/3974/545 5153/3842/446 5041/3841/445
f 5158/3974/545 5270/3975/546 5265/3843/447 5153/3842/446
f 5270/3975/546 5382/3976/547 5377/3844/448 5265/3843/447
f 5382/3976/547 5494/3977/548 5489/3845/449 5377/3844/448
f 5494/3977/548 5606/3978/549 5601/3846/450 5489/3845/449
f 5606/3978/549 5718/3979/550 5713/3847/451 5601/3846/450
f 5718/3979/550 5830/3980/551 5825/3848/452 5713/3847/451
f 5830/3980/551 5942/3981/552 5937/3849/453 5825/3848/452
f 5942/3981/552 6054/3982/553 6049/3850/454 5937/3849/453
f 6054/3982/553 6166/3983/554 6161/3851/455 6049/3850/454
f 6166/3983/554 6278/3984/555 6273/3852/456 6161/3851/455
f 6278/3984/555 6390/3985/556 6385/3853/457 6273/3852/456
f 6390/3985/556 6502/3986/557 6497/3854/458 6385/3853/457
f 6502/3986/557 6614/3987/558 6609/3855/459 6497/3854/458
f 6614/3987/558 6726/3988/559 6721/3856/460 6609/3855/459
f 6726/3988/559 6838/3989/560 6833/3857/461 6721/3856/460
f 6838/3989/560 6950/3990/561 6945/3858/462 6833/3857/461
f 6950/3990/561 7062/3991/562 7057/3859/463 6945/3858/462
f 7062/3991/562 7174/3992/563 7169/3860/464 7057/3859/463
f 7174/3992/563 7286/3993/564 7281/3861/465 7169/3860/464
f 3713/4093/334 3825/4094/335 3824/4095/336 3712/4096/337
f 3825/4094/335 3937/4097/338 3936/4098/339 3824/4095/336
f 3937/4097/338 4049/4099/340 4048/4100/341 3936/4098/339
f 4049/4099/340 4161/4101/342 4160/4102/343 4048/4100/341
f 4161/4101/342 4273/4103/344 4272/4104/345 4160/4102/343
f 4273/4103/344 4385/4105/346 4384/4106/347 4272/4104/345
f 4385/4105/346 4497/4107/348 4496/4108/349 4384/4106/347
f 4497/4107/348 4609/4109/350 4608/4110/351 4496/4108/349
f 4609/4109/350 4721/4111/352 4720/4112/353 4608/4110/351
f 4721/4111/352 4833/4113/354 4832/4114/576 4720/4112/353
f 4833/4113/354 4945/4115/356 4944/4116/357 4832/4114/576
f 4945/4115/356 5057/4117/358 5056/4118/359 4944/4116/357
f 5057/4117/358 5169/4119/360 5168/4120/361 5056/4118/359
f 5169/4119/360 5281/4121/362 5280/4122/363 5168/4120/361
f 5281/4121/362 5393/4123/364 5392/4124/365 5280/4122/363
f 5393/4123/364 5505/4125/366 5504/4126/367 5392/4124/365
f 5505/4125/366 5617/4127/368 5616/4128/369 5504/4126/367
f 5617/4127/368 5729/4129/370 5728/4130/371 5616/4128/369
f 5729/4129/370 5841/4131/372 5840/4132/373 5728/4130/371
f 5841/4131/372 5953/4133/374 5952/4134/375 5840/4132/373
f 5953/4133/374 6065/4135/376 6064/4136/377 5952/4134/375
f 6065/4135/376 6177/4137/378 6176/4138/379 6064/4136/377
f 6177/4137/378 6289/4139/380 6288/4140/381 6176/4138/379
f 6289/4139/380 6401/4141/382 6400/4142/383 6288/4140/381
f 6401/4141/382 6513/4143/384 6512/4144/385 6400/4142/383
f 6513/4143/384 6625/4145/386 6624/4146/387 6512/4144/385
f 6625/4145/386 6737/4147/388 6736/4148/389 6624/4146/387
f 6737/4147/388 6849/4149/390 6848/4150/391 6736/4148/389
f 6849/4149/390 6961/4151/392 6960/4152/393 6848/4150/391
f 6961/4151/392 7073/4153/394 7072/4154/395 6960/4152/393
f 7073/4153/394 7185/4155/396 7184/4156/397 7072/4154/395
f 7185/4155/396 7297/4157/398 7296/4158/399 7184/4156/397
f 3711/4159/400 3823/4160/401 3825/4094/335 3713/4093/334
f 3823/4160/401 3935/4161/402 3937/4097/338 3825/4094/335
f 3935/4161/402 4047/4162/403 4049/4099/340 3937/4097/338
f 4047/4162/403 4159/4163/404 4161/4101/342 4049/4099/340
f 4159/4163/404 4271/4164/405 4273/4103/344 4161/4101/342
f 4271/4164/405 4383/4165/406 4385/4105/346 4273/4103/344
f 4383/4165/406 4495/4166/407 4497/4107/348 4385/4105/346
f 4495/4166/407 4607/4167/408 4609/4109/350 4497/4107/348
f 4607/4167/408 4719/4168/409 4721/4111/352 4609/4109/350
f 4719/4168/409 4831/4169/410 4833/4113/354 4721/4111/352
f 4831/4169/410 4943/4170/411 4945/4115/356 4833/4113/354
f 4943/4170/411 5055/4171/412 5057/4117/358 4945/4115/356
f 5055/4171/412 5167/4172/413 5169/4119/360 5057/4117/358
f 5167/4172/413 5279/4173/414 5281/4121/362 5169/4119/360
f 5279/4173/414 5391/4174/415 5393/4123/364 5281/4121/362
f 5391/4174/415 5503/4175/416 5505/4125/366 5393/4123/364
f 5503/4175/416 5615/4176/417 5617/4127/368 5505/4125/366
f 5615/4176/417 5727/4177/418 5729/4129/370 5617/4127/368
f 5727/4177/418 5839/4178/419 5841/4131/372 5729/4129/370
f 5839/4178/419 5951/4179/420 5953/4133/374 5841/4131/372
f 5951/4179/420 6063/4180/421 6065/4135/376 5953/4133/374
f 6063/4180/421 6175/4181/422 6177/4137/378 6065/4135/376
f 6175/4181/422 6287/4182/423 6289/4139/380 6177/4137/378
f 6287/4182/423 6399/4183/424 6401/4141/382 6289/4139/380
f 6399/4183/424 6511/4184/425 6513/4143/384 6401/4141/382
f 6511/4184/425 6623/4185/426 6625/4145/386 6513/4143/384
f 6623/4185/426 6735/4186/427 6737/4147/388 6625/4145/386
f 6735/4186/427 6847/4187/428 6849/4149/390 6737/4147/388
f 6847/4187/428 6959/4188/429 6961/4151/392 6849/4149/390
f 6959/4188/429 7071/4189/430 7073/4153/394 6961/4151/392
f 7071/4189/430 7183/4190/431 7185/4155/396 7073/4153/394
f 7183/4190/431 7295/4191/432 7297/4157/398 7185/4155/396
f 3712/4096/337 3824/4095/336 3822/4192/433 3710/4193/434
f 3824/4095/336 3936/4098/339 3934/4194/435 3822/4192/433
f 3936/4098/339 4048/4100/341 4046/4195/436 3934/4194/435
f 4048/4100/341 4160/4102/343 4158/4196/437 4046/4195/436
f 4160/4102/343 4272/4104/345 4270/4197/438 4158/4196/437
f 4272/4104/345 4384/4106/347 4382/4198/439 4270/4197/438
f 4384/4106/347 4496/4108/349 4494/4199/440 4382/4198/439
f 4496/4108/349 4608/4110/351 4606/4200/441 4494/4199/440
f 4608/4110/351 4720/4112/353 4718/4201/442 4606/4200/441
f 4720/4112/353 4832/4114/576 4830/4202/443 4718/4201/442
f 4832/4114/576 4944/4116/357 4942/4203/444 4830/4202/443
f 4944/4116/357 5056/4118/359 5054/4204/445 4942/4203/444
f 5056/4118/359 5168/4120/361 5166/4205/446 5054/4204/445
f 5168/4120/361 5280/4122/363 5278/4206/447 5166/4205/446
f 5280/4122/363 5392/4124/365 5390/4207/448 5278/4206/447
f 5392/4124/365 5504/4126/367 5502/4208/449 5390/4207/448
f 5504/4126/367 5616/4128/369 5614/4209/450 5502/4208/449
f 5616/4128/369 5728/4130/371 5726/4210/451 5614/4209/450
f 5728/4130/371 5840/4132/373 5838/4211/452 5726/4210/451
f 5840/4132/373 5952/4134/375 5950/4212/453 5838/4211/452
f 5952/4134/375 6064/4136/377 6062/4213/454 5950/4212/453
f 6064/4136/377 6176/4138/379 6174/4214/455 6062/4213/454
f 6176/4138/379 6288/4140/381 6286/4215/456 6174/4214/455
f 6288/4140/381 6400/4142/383 6398/4216/457 6286/4215/456
f 6400/4142/383 6512/4144/385 6510/4217/458 6398/4216/457
f 6512/4144/385 6624/4146/387 6622/4218/459 6510/4217/458
f 6624/4146/387 6736/4148/389 6734/4219/460 6622/4218/459
f 6736/4148/389 6848/4150/391 6846/4220/461 6734/4219/460
f 6848/4150/391 6960/4152/393 6958/4221/462 6846/4220/461
f 6960/4152/393 7072/4154/395 7070/4222/463 6958/4221/462
f 7072/4154/395 7184/4156/397 7182/4223/464 7070/4222/463
f 7184/4156/397 7296/4158/399 7294/4224/465 7182/4223/464
f 3709/4225/434 3821/4226/433 3823/4160/401 3711/4159/400
f 3821/4226/433 3933/4227/435 3935/4161/402 3823/4160/401
f 3933/4227/435 4045/4228/436 4047/4162/403 3935/4161/402
f 4045/4228/436 4157/4229/437 4159/4163/404 4047/4162/403
f 4157/4229/437 4269/4230/438 4271/4164/405 4159/4163/404
f 4269/4230/438 4381/4231/439 4383/4165/406 4271/4164/405
f 4381/4231/439 4493/4232/440 4495/4166/407 4383/4165/406
f 4493/4232/440 4605/4233/441 4607/4167/408 4495/4166/407
f 4605/4233/441 4717/4234/442 4719/4168/409 4607/4167/408
f 4717/4234/442 4829/4235/443 4831/4169/410 4719/4168/409
f 4829/4235/443 4941/4236/444 4943/4170/411 4831/4169/410
f 4941/4236/444 5053/4237/445 5055/4171/412 4943/4170/411
f 5053/4237/445 5165/4238/446 5167/4172/413 5055/4171/412
f 5165/4238/446 5277/4239/447 5279/4173/414 5167/4172/413
f 5277/4239/447 5389/4240/448 5391/4174/415 5279/4173/414
f 5389/4240/448 5501/4241/449 5503/4175/416 5391/4174/415
f 5501/4241/449 5613/4242/450 5615/4176/417 5503/4175/416
f 5613/4242/450 5725/4243/451 5727/4177/418 5615/4176/417
f 5725/4243/451 5837/4244/452 5839/4178/419 5727/4177/418
f 5837/4244/452 5949/4245/453 5951/4179/420 5839/4178/419
f 5949/4245/453 6061/4246/454 6063/4180/421 5951/4179/420
f 6061/4246/454 6173/4247/455 6175/4181/422 6063/4180/421
f 6173/4247/455 6285/4248/456 6287/4182/423 6175/4181/422
f 6285/4248/456 6397/4249/457 6399/4183/424 6287/4182/423
f 6397/4249/457 6509/4250/458 6511/4184/425 6399/4183/424
f 6509/4250/458 6621/4251/459 6623/4185/426 6511/4184/425
f 6621/4251/459 6733/4252/460 6735/4186/427 6623/4185/426
f 6733/4252/460 6845/4253/461 6847/4187/428 6735/4186/427
f 6845/4253/461 6957/4254/462 6959/4188/429 6847/4187/428
f 6957/4254/462 7069/4255/463 7071/4189/430 6959/4188/429
f 7069/4255/463 7181/4256/464 7183/4190/431 7071/4189/430
f 7181/4256/464 7293/4257/465 7295/4191/432 7183/4190/431
f 3715/4258/466 3827/4259/467 3828/4260/468 3716/4261/469
f 3827/4259/467 3939/4262/470 3940/4263/471 3828/4260/468
f 3939/4262/470 4051/4264/472 4052/4265/473 3940/4263/471
f 4051/4264/472 4163/4266/474 4164/4267/475 4052/4265/473
f 4163/4266/474 4275/4268/476 4276/4269/477 4164/4267/475
f 4275/4268/476 4387/4270/478 4388/4271/479 4276/4269/477
f 4387/4270/478 4499/4272/480 4500/4273/481 4388/4271/479
f 4499/4272/480 4611/4274/482 4612/4275/483 4500/4273/481
f 4611/4274/482 4723/4276/484 4724/4277/485 4612/4275/483
f 4723/4276/484 4835/4278/486 4836/4279/487 4724/4277/485
f 4835/4278/486 4947/4280/488 4948/4281/489 4836/4279/487
f 4947/4280/488 5059/4282/490 5060/4283/491 4948/4281/489
f 5059/4282/490 5171/4284/492 5172/4285/493 5060/4283/491
f 5171/4284/492 5283/4286/494 5284/4287/495 5172/4285/493
f 5283/4286/494 5395/4288/496 5396/4289/497 5284/4287/495
f 5395/4288/496 5507/4290/498 5508/4291/499 5396/4289/497
f 5507/4290/498 5619/4292/500 5620/4293/501 5508/4291/499
f 5619/4292/500 5731/4294/502 5732/4295/503 5620/4293/501
f 5731/4294/502 5843/4296/504 5844/4297/505 5732/4295/503
f 5843/4296/504 5955/4298/506 5956/4299/507 5844/4297/505
f 5955/4298/506 6067/4300/508 6068/4301/509 5956/4299/507
f 6067/4300/508 6179/4302/633 6180/4303/511 6068/4301/509
f 6179/4302/633 6291/4304/512 6292/4305/513 6180/4303/511
f 6291/4304/512 6403/4306/514 6404/4307/515 6292/4305/513
f 6403/4306/514 6515/4308/516 6516/4309/517 6404/4307/515
f 6515/4308/516 6627/4310/634 6628/4311/519 6516/4309/517
f 6627/4310/634 6739/4312/520 6740/4313/521 6628/4311/519
f 6739/4312/520 6851/4314/522 6852/4315/523 6740/4313/521
f 6851/4314/522 6963/4316/524 6964/4317/525 6852/4315/523
f 6963/4316/524 7075/4318/526 7076/4319/527 6964/4317/525
f 7075/4318/526 7187/4320/528 7188/4321/529 7076/4319/527
f 7187/4320/528 7299/4322/530 7300/4323/531 7188/4321/529
f 3716/4261/469 3828/4260/468 3826/4324/532 3714/4325/533
f 3828/4260/468 3940/4263/471 3938/4326/534 3826/4324/532
f 3940/4263/471 4052/4265/473 4050/4327/535 3938/4326/534
f 4052/4265/473 4164/4267/475 4162/4328/536 4050/4327/535
f 4164/4267/475 4276/4269/477 4274/4329/537 4162/4328/536
f 4276/4269/477 4388/4271/479 4386/4330/538 4274/4329/537
f 4388/4271/479 4500/4273/481 4498/4331/539 4386/4330/538
f 4500/4273/481 4612/4275/483 4610/4332/540 4498/4331/539
f 4612/4275/483 4724/4277/485 4722/4333/541 4610/4332/540
f 4724/4277/485 4836/4279/487 4834/4334/542 4722/4333/541
f 4836/4279/487 4948/4281/489 4946/4335/543 4834/4334/542
f 4948/4281/489 5060/4283/491 5058/4336/544 4946/4335/543
f 5060/4283/491 5172/4285/493 5170/4337/545 5058/4336/544
f 5172/4285/493 5284/4287/495 5282/4338/546 5170/4337/545
f 5284/4287/495 5396/4289/497 5394/4339/547 5282/4338/546
f 5396/4289/497 5508/4291/499 5506/4340/548 5394/4339/547
f 5508/4291/499 5620/4293/501 5618/4341/549 5506/4340/548
f 5620/4293/501 5732/4295/503 5730/4342/550 5618/4341/549
f 5732/4295/503 5844/4297/505 5842/4343/551 5730/4342/550
f 5844/4297/505 5956/4299/507 5954/4344/552 5842/4343/551
f 5956/4299/507 6068/4301/509 6066/4345/553 5954/4344/552
f 6068/4301/509 6180/4303/511 6178/4346/554 6066/4345/553
f 6180/4303/511 6292/4305/513 6290/4347/555 6178/4346/554
f 6292/4305/513 6404/4307/515 6402/4348/556 6290/4347/555
f 6404/4307/515 6516/4309/517 6514/4349/557 6402/4348/556
f 6516/4309/517 6628/4311/519 6626/4350/558 6514/4349/557
f 6628/4311/519 6740/4313/521 6738/4351/559 6626/4350/558
f 6740/4313/521 6852/4315/523 6850/4352/560 6738/4351/559
f 6852/4315/523 6964/4317/525 6962/4353/561 6850/4352/560
f 6964/4317/525 7076/4319/527 7074/4354/562 6962/4353/561
f 7076/4319/527 7188/4321/529 7186/4355/563 7074/4354/562
f 7188/4321/529 7300/4323/531 7298/4356/564 7186/4355/563
f 3714/4325/533 3826/4324/532 3821/4226/433 3709/4225/434
f 3826/4324/532 3938/4326/534 3933/4227/435 3821/4226/433
f 3938/4326/534 4050/4327/535 4045/4228/436 3933/4227/435
f 4050/4327/535 4162/4328/536 4157/4229/437 4045/4228/436
f 4162/4328/536 4274/4329/537 4269/4230/438 4157/4229/437
f 4274/4329/537 4386/4330/538 4381/4231/439 4269/4230/438
f 4386/4330/538 4498/4331/539 4493/4232/440 4381/4231/439
f 4498/4331/539 4610/4332/540 4605/4233/441 4493/4232/440
f 4610/4332/540 4722/4333/541 4717/4234/442 4605/4233/441
f 4722/4333/541 4834/4334/542 4829/4235/443 4717/4234/442
f 4834/4334/542 4946/4335/543 4941/4236/444 4829/4235/443
f 4946/4335/543 5058/4336/544 5053/4237/445 4941/4236/444
f 5058/4336/544 5170/4337/545 5165/4238/446 5053/4237/445
f 5170/4337/545 5282/4338/546 5277/4239/447 5165/4238/446
f 5282/4338/546 5394/4339/547 5389/4240/448 5277/4239/447
f 5394/4339/547 5506/4340/548 5501/4241/449 5389/4240/448
f 5506/4340/548 5618/4341/549 5613/4242/450 5501/4241/449
f 5618/4341/549 5730/4342/550 5725/4243/451 5613/4242/450
f 5730/4342/550 5842/4343/551 5837/4244/452 5725/4243/451
f 5842/4343/551 5954/4344/552 5949/4245/453 5837/4244/452
f 5954/4344/552 6066/4345/553 6061/4246/454 5949/4245/453
f 6066/4345/553 6178/4346/554 6173/4247/455 6061/4246/454
f 6178/4346/554 6290/4347/555 6285/4248/456 6173/4247/455
f 6290/4347/555 6402/4348/556 6397/4249/457 6285/4248/456
f 6402/4348/556 6514/4349/557 6509/4250/458 6397/4249/457
f 6514/4349/557 6626/4350/558 6621/4251/459 6509/4250/458
f 6626/4350/558 6738/4351/559 6733/4252/460 6621/4251/459
f 6738/4351/559 6850/4352/560 6845/4253/461 6733/4252/460
f 6850/4352/560 6962/4353/561 6957/4254/462 6845/4253/461
f 6962/4353/561 7074/4354/562 7069/4255/463 6957/4254/462
f 7074/4354/562 7186/4355/563 7181/4256/464 7069/4255/463
f 7186/4355/563 7298/4356/564 7293/4257/465 7181/4256/464
f 3698/3797/434 3810/3796/433 3827/4259/467 3715/4258/466
f 3810/3796/433 3922/3798/435 3939/4262/470 3827/4259/467
f 3922/3798/435 4034/3799/436 4051/4264/472 3939/4262/470
f 4034/3799/436 4146/3800/437 4163/4266/474 4051/4264/472
f 4146/3800/437 4258/3801/438 4275/4268/476 4163/4266/474
f 4258/3801/438 4370/3802/439 4387/4270/478 4275/4268/476
f 4370/3802/439 4482/3803/440 4499/4272/480 4387/4270/478
f 4482/3803/440 4594/3804/441 4611/4274/482 4499/4272/480
f 4594/3804/441 4706/3805/442 4723/4276/484 4611/4274/482
f 4706/3805/442 4818/3806/443 4835/4278/486 4723/4276/484
f 4818/3806/443 4930/3807/444 4947/4280/488 4835/4278/486
f 4930/3807/444 5042/3808/445 5059/4282/490 4947/4280/488
f 5042/3808/445 5154/3809/446 5171/4284/492 5059/4282/490
f 5154/3809/446 5266/3810/447 5283/4286/494 5171/4284/492
f 5266/3810/447 5378/3811/448 5395/4288/496 5283/4286/494
f 5378/3811/448 5490/3812/449 5507/4290/498 5395/4288/496
f 5490/3812/449 5602/3813/450 5619/4292/500 5507/4290/498
f 5602/3813/450 5714/3814/451 5731/4294/502 5619/4292/500
f 5714/3814/451 5826/3815/452 5843/4296/504 5731/4294/502
f 5826/3815/452 5938/3816/453 5955/4298/506 5843/4296/504
f 5938/3816/453 6050/3817/454 6067/4300/508 5955/4298/506
f 6050/3817/454 6162/3818/455 6179/4302/633 6067/4300/508
f 6162/3818/455 6274/3819/456 6291/4304/512 6179/4302/633
f 6274/3819/456 6386/3820/457 6403/4306/514 6291/4304/512
f 6386/3820/457 6498/3821/458 6515/4308/516 6403/4306/514
f 6498/3821/458 6610/3822/459 6627/4310/634 6515/4308/516
f 6610/3822/459 6722/3823/460 6739/4312/520 6627/4310/634
f 6722/3823/460 6834/3824/461 6851/4314/522 6739/4312/520
f 6834/3824/461 6946/3825/462 6963/4316/524 6851/4314/522
f 6946/3825/462 7058/3826/463 7075/4318/526 6963/4316/524
f 7058/3826/463 7170/3827/464 7187/4320/528 7075/4318/526
f 7170/3827/464 7282/3828/465 7299/4322/530 7187/4320/528
f 3721/4357/334 3833/4358/335 3832/4359/336 3720/4360/337
f 3833/4358/335 3945/4361/338 3944/4362/339 3832/4359/336
f 3945/4361/338 4057/4363/340 4056/4364/341 3944/4362/339
f 4057/4363/340 4169/4365/342 4168/4366/343 4056/4364/341
f 4169/4365/342 4281/4367/344 4280/4368/345 4168/4366/343
f 4281/4367/344 4393/4369/346 4392/4370/347 4280/4368/345
f 4393/4369/346 4505/4371/348 4504/4372/349 4392/4370/347
f 4505/4371/348 4617/4373/350 4616/4374/351 4504/4372/349
f 4617/4373/350 4729/4375/352 4728/4376/353 4616/4374/351
f 4729/4375/352 4841/4377/354 4840/4378/576 4728/4376/353
f 4841/4377/354 4953/4379/356 4952/4380/357 4840/4378/576
f 4953/4379/356 5065/4381/358 5064/4382/359 4952/4380/357
f 5065/4381/358 5177/4383/360 5176/4384/361 5064/4382/359
f 5177/4383/360 5289/4385/362 5288/4386/363 5176/4384/361
f 5289/4385/362 5401/4387/364 5400/4388/365 5288/4386/363
f 5401/4387/364 5513/4389/366 5512/4390/367 5400/4388/365
f 5513/4389/366 5625/4391/368 5624/4392/369 5512/4390/367
f 5625/4391/368 5737/4393/370 5736/4394/371 5624/4392/369
f 5737/4393/370 5849/4395/372 5848/4396/373 5736/4394/371
f 5849/4395/372 5961/4397/374 5960/4398/375 5848/4396/373
f 5961/4397/374 6073/4399/376 6072/4400/377 5960/4398/375
f 6073/4399/376 6185/4401/378 6184/4402/635 6072/4400/377
f 6185/4401/378 6297/4403/380 6296/4404/381 6184/4402/635
f 6297/4403/380 6409/4405/382 6408/4406/383 6296/4404/381
f 6409/4405/382 6521/4407/384 6520/4408/385 6408/4406/383
f 6521/4407/384 6633/4409/386 6632/4410/593 6520/4408/385
f 6633/4409/386 6745/4411/388 6744/4412/389 6632/4410/593
f 6745/4411/388 6857/4413/390 6856/4414/391 6744/4412/389
f 6857/4413/390 6969/4415/392 6968/4416/393 6856/4414/391
f 6969/4415/392 7081/4417/394 7080/4418/395 6968/4416/393
f 7081/4417/394 7193/4419/396 7192/4420/397 7080/4418/395
f 7193/4419/396 7305/4421/398 7304/4422/399 7192/4420/397
f 3719/4423/400 3831/4424/401 3833/4358/335 3721/4357/334
f 3831/4424/401 3943/4425/402 3945/4361/338 3833/4358/335
f 3943/4425/402 4055/4426/403 4057/4363/340 3945/4361/338
f 4055/4426/403 4167/4427/404 4169/4365/342 4057/4363/340
f 4167/4427/404 4279/4428/405 4281/4367/344 4169/4365/342
f 4279/4428/405 4391/4429/406 4393/4369/346 4281/4367/344
f 4391/4429/406 4503/4430/407 4505/4371/348 4393/4369/346
f 4503/4430/407 4615/4431/408 4617/4373/350 4505/4371/348
f 4615/4431/408 4727/4432/409 4729/4375/352 4617/4373/350
f 4727/4432/409 4839/4433/410 4841/4377/354 4729/4375/352
f 4839/4433/410 4951/4434/411 4953/4379/356 4841/4377/354
f 4951/4434/411 5063/4435/412 5065/4381/358 4953/4379/356
f 5063/4435/412 5175/4436/413 5177/4383/360 5065/4381/358
f 5175/4436/413 5287/4437/414 5289/4385/362 5177/4383/360
f 5287/4437/414 5399/4438/415 5401/4387/364 5289/4385/362
f 5399/4438/415 5511/4439/416 5513/4389/366 5401/4387/364
f 5511/4439/416 5623/4440/417 5625/4391/368 5513/4389/366
f 5623/4440/417 5735/4441/418 5737/4393/370 5625/4391/368
f 5735/4441/418 5847/4442/419 5849/4395/372 5737/4393/370
f 5847/4442/419 5959/4443/420 5961/4397/374 5849/4395/372
f 5959/4443/420 6071/4444/421 6073/4399/376 5961/4397/374
f 6071/4444/421 6183/4445/422 6185/4401/378 6073/4399/376
f 6183/4445/422 6295/4446/423 6297/4403/380 6185/4401/378
f 6295/4446/423 6407/4447/424 6409/4405/382 6297/4403/380
f 6407/4447/424 6519/4448/425 6521/4407/384 6409/4405/382
f 6519/4448/425 6631/4449/426 6633/4409/386 6521/4407/384
f 6631/4449/426 6743/4450/427 6745/4411/388 6633/4409/386
f 6743/4450/427 6855/4451/428 6857/4413/390 6745/4411/388
f 6855/4451/428 6967/4452/429 6969/4415/392 6857/4413/390
f 6967/4452/429 7079/4453/430 7081/4417/394 6969/4415/392
f 7079/4453/430 7191/4454/431 7193/4419/396 7081/4417/394
f 7191/4454/431 7303/4455/432 7305/4421/398 7193/4419/396
f 3720/4360/337 3832/4359/336 3830/4456/433 3718/4457/434
f 3832/4359/336 3944/4362/339 3942/4458/435 3830/4456/433
f 3944/4362/339 4056/4364/341 4054/4459/436 3942/4458/435
f 4056/4364/341 4168/4366/343 4166/4460/437 4054/4459/436
f 4168/4366/343 4280/4368/345 4278/4461/438 4166/4460/437
f 4280/4368/345 4392/4370/347 4390/4462/439 4278/4461/438
f 4392/4370/347 4504/4372/349 4502/4463/440 4390/4462/439
f 4504/4372/349 4616/4374/351 4614/4464/441 4502/4463/440
f 4616/4374/351 4728/4376/353 4726/4465/442 4614/4464/441
f 4728/4376/353 4840/4378/576 4838/4466/443 4726/4465/442
f 4840/4378/576 4952/4380/357 4950/4467/444 4838/4466/443
f 4952/4380/357 5064/4382/359 5062/4468/445 4950/4467/444
f 5064/4382/359 5176/4384/361 5174/4469/446 5062/4468/445
f 5176/4384/361 5288/4386/363 5286/4470/447 5174/4469/446
f 5288/4386/363 5400/4388/365 5398/4471/448 5286/4470/447
f 5400/4388/365 5512/4390/367 5510/4472/449 5398/4471/448
f 5512/4390/367 5624/4392/369 5622/4473/450 5510/4472/449
f 5624/4392/369 5736/4394/371 5734/4474/451 5622/4473/450
f 5736/4394/371 5848/4396/373 5846/4475/452 5734/4474/451
f 5848/4396/373 5960/4398/375 5958/4476/453 5846/4475/452
f 5960/4398/375 6072/4400/377 6070/4477/454 5958/4476/453
f 6072/4400/377 6184/4402/635 6182/4478/455 6070/4477/454
f 6184/4402/635 6296/4404/381 6294/4479/456 6182/4478/455
f 6296/4404/381 6408/4406/383 6406/4480/457 6294/4479/456
f 6408/4406/383 6520/4408/385 6518/4481/458 6406/4480/457
f 6520/4408/385 6632/4410/593 6630/4482/459 6518/4481/458
f 6632/4410/593 6744/4412/389 6742/4483/460 6630/4482/459
f 6744/4412/389 6856/4414/391 6854/4484/461 6742/4483/460
f 6856/4414/391 6968/4416/393 6966/4485/462 6854/4484/461
f 6968/4416/393 7080/4418/395 7078/4486/463 6966/4485/462
f 7080/4418/395 7192/4420/397 7190/4487/464 7078/4486/463
f 7192/4420/397 7304/4422/399 7302/4488/465 7190/4487/464
f 3717/4489/434 3829/4490/433 3831/4424/401 3719/4423/400
f 3829/4490/433 3941/4491/435 3943/4425/402 3831/4424/401
f 3941/4491/435 4053/4492/436 4055/4426/403 3943/4425/402
f 4053/4492/436 4165/4493/437 4167/4427/404 4055/4426/403
f 4165/4493/437 4277/4494/438 4279/4428/405 4167/4427/404
f 4277/4494/438 4389/4495/439 4391/4429/406 4279/4428/405
f 4389/4495/439 4501/4496/440 4503/4430/407 4391/4429/406
f 4501/4496/440 4613/4497/441 4615/4431/408 4503/4430/407
f 4613/4497/441 4725/4498/442 4727/4432/409 4615/4431/408
f 4725/4498/442 4837/4499/443 4839/4433/410 4727/4432/409
f 4837/4499/443 4949/4500/444 4951/4434/411 4839/4433/410
f 4949/4500/444 5061/4501/445 5063/4435/412 4951/4434/411
f 5061/4501/445 5173/4502/446 5175/4436/413 5063/4435/412
f 5173/4502/446 5285/4503/447 5287/4437/414 5175/4436/413
f 5285/4503/447 5397/4504/448 5399/4438/415 5287/4437/414
f 5397/4504/448 5509/4505/449 5511/4439/416 5399/4438/415
f 5509/4505/449 5621/4506/450 5623/4440/417 5511/4439/416
f 5621/4506/450 5733/4507/451 5735/4441/418 5623/4440/417
f 5733/4507/451 5845/4508/452 5847/4442/419 5735/4441/418
f 5845/4508/452 5957/4509/453 5959/4443/420 5847/4442/419
f 5957/4509/453 6069/4510/454 6071/4444/421 5959/4443/420
f 6069/4510/454 6181/4511/455 6183/4445/422 6071/4444/421
f 6181/4511/455 6293/4512/456 6295/4446/423 6183/4445/422
f 6293/4512/456 6405/4513/457 6407/4447/424 6295/4446/423
f 6405/4513/457 6517/4514/458 6519/4448/425 6407/4447/424
f 6517/4514/458 6629/4515/459 6631/4449/426 6519/4448/425
f 6629/4515/459 6741/4516/460 6743/4450/427 6631/4449/426
f 6741/4516/460 6853/4517/461 6855/4451/428 6743/4450/427
f 6853/4517/461 6965/4518/462 6967/4452/429 6855/4451/428
f 6965/4518/462 7077/4519/463 7079/4453/430 6967/4452/429
f 7077/4519/463 7189/4520/464 7191/4454/431 7079/4453/430
f 7189/4520/464 7301/4521/465 7303/4455/432 7191/4454/431
f 3723/4522/466 3835/4523/467 3836/4524/468 3724/4525/469
f 3835/4523/467 3947/4526/470 3948/4527/471 3836/4524/468
f 3947/4526/470 4059/4528/472 4060/4529/473 3948/4527/471
f 4059/4528/472 4171/4530/474 4172/4531/475 4060/4529/473
f 4171/4530/474 4283/4532/476 4284/4533/477 4172/4531/475
f 4283/4532/476 4395/4534/478 4396/4535/479 4284/4533/477
f 4395/4534/478 4507/4536/480 4508/4537/481 4396/4535/479
f 4507/4536/480 4619/4538/482 4620/4539/483 4508/4537/481
f 4619/4538/482 4731/4540/484 4732/4541/485 4620/4539/483
f 4731/4540/484 4843/4542/486 4844/4543/487 4732/4541/485
f 4843/4542/486 4955/4544/488 4956/4545/489 4844/4543/487
f 4955/4544/488 5067/4546/490 5068/4547/491 4956/4545/489
f 5067/4546/490 5179/4548/492 5180/4549/493 5068/4547/491
f 5179/4548/492 5291/4550/494 5292/4551/495 5180/4549/493
f 5291/4550/494 5403/4552/496 5404/4553/497 5292/4551/495
f 5403/4552/496 5515/4554/498 5516/4555/499 5404/4553/497
f 5515/4554/498 5627/4556/500 5628/4557/501 5516/4555/499
f 5627/4556/500 5739/4558/502 5740/4559/503 5628/4557/501
f 5739/4558/502 5851/4560/504 5852/4561/505 5740/4559/503
f 5851/4560/504 5963/4562/506 5964/4563/507 5852/4561/505
f 5963/4562/506 6075/4564/508 6076/4565/509 5964/4563/507
f 6075/4564/508 6187/4566/633 6188/4567/511 6076/4565/509
f 6187/4566/633 6299/4568/512 6300/4569/513 6188/4567/511
f 6299/4568/512 6411/4570/514 6412/4571/515 6300/4569/513
f 6411/4570/514 6523/4572/516 6524/4573/517 6412/4571/515
f 6523/4572/516 6635/4574/634 6636/4575/519 6524/4573/517
f 6635/4574/634 6747/4576/520 6748/4577/521 6636/4575/519
f 6747/4576/520 6859/4578/522 6860/4579/523 6748/4577/521
f 6859/4578/522 6971/4580/524 6972/4581/525 6860/4579/523
f 6971/4580/524 7083/4582/526 7084/4583/527 6972/4581/525
f 7083/4582/526 7195/4584/528 7196/4585/529 7084/4583/527
f 7195/4584/528 7307/4586/530 7308/4587/531 7196/4585/529
f 3724/4525/469 3836/4524/468 3834/4588/532 3722/4589/533
f 3836/4524/468 3948/4527/471 3946/4590/534 3834/4588/532
f 3948/4527/471 4060/4529/473 4058/4591/535 3946/4590/534
f 4060/4529/473 4172/4531/475 4170/4592/536 4058/4591/535
f 4172/4531/475 4284/4533/477 4282/4593/537 4170/4592/536
f 4284/4533/477 4396/4535/479 4394/4594/538 4282/4593/537
f 4396/4535/479 4508/4537/481 4506/4595/539 4394/4594/538
f 4508/4537/481 4620/4539/483 4618/4596/540 4506/4595/539
f 4620/4539/483 4732/4541/485 4730/4597/541 4618/4596/540
f 4732/4541/485 4844/4543/487 4842/4598/542 4730/4597/541
f 4844/4543/487 4956/4545/489 4954/4599/543 4842/4598/542
f 4956/4545/489 5068/4547/491 5066/4600/544 4954/4599/543
f 5068/4547/491 5180/4549/493 5178/4601/545 5066/4600/544
f 5180/4549/493 5292/4551/495 5290/4602/546 5178/4601/545
f 5292/4551/495 5404/4553/497 5402/4603/547 5290/4602/546
f 5404/4553/497 5516/4555/499 5514/4604/548 5402/4603/547
f 5516/4555/499 5628/4557/501 5626/4605/549 5514/4604/548
f 5628/4557/501 5740/4559/503 5738/4606/550 5626/4605/549
f 5740/4559/503 5852/4561/505 5850/4607/551 5738/4606/550
f 5852/4561/505 5964/4563/507 5962/4608/552 5850/4607/551
f 5964/4563/507 6076/4565/509 6074/4609/553 5962/4608/552
f 6076/4565/509 6188/4567/511 6186/4610/554 6074/4609/553
f 6188/4567/511 6300/4569/513 6298/4611/555 6186/4610/554
f 6300/4569/513 6412/4571/515 6410/4612/556 6298/4611/555
f 6412/4571/515 6524/4573/517 6522/4613/557 6410/4612/556
f 6524/4573/517 6636/4575/519 6634/4614/558 6522/4613/557
f 6636/4575/519 6748/4577/521 6746/4615/559 6634/4614/558
f 6748/4577/521 6860/4579/523 6858/4616/560 6746/4615/559
f 6860/4579/523 6972/4581/525 6970/4617/561 6858/4616/560
f 6972/4581/525 7084/4583/527 7082/4618/562 6970/4617/561
f 7084/4583/527 7196/4585/529 7194/4619/563 7082/4618/562
f 7196/4585/529 7308/4587/531 7306/4620/564 7194/4619/563
f 3722/4589/533 3834/4588/532 3829/4490/433 3717/4489/434
f 3834/4588/532 3946/4590/534 3941/4491/435 3829/4490/433
f 3946/4590/534 4058/4591/535 4053/4492/436 3941/4491/435
f 4058/4591/535 4170/4592/536 4165/4493/437 4053/4492/436
f 4170/4592/536 4282/4593/537 4277/4494/438 4165/4493/437
f 4282/4593/537 4394/4594/538 4389/4495/439 4277/4494/438
f 4394/4594/538 4506/4595/539 4501/4496/440 4389/4495/439
f 4506/4595/539 4618/4596/540 4613/4497/441 4501/4496/440
f 4618/4596/540 4730/4597/541 4725/4498/442 4613/4497/441
f 4730/4597/541 4842/4598/542 4837/4499/443 4725/4498/442
f 4842/4598/542 4954/4599/543 4949/4500/444 4837/4499/443
f 4954/4599/543 5066/4600/544 5061/4501/445 4949/4500/444
f 5066/4600/544 5178/4601/545 5173/4502/446 5061/4501/445
f 5178/4601/545 5290/4602/546 5285/4503/447 5173/4502/446
f 5290/4602/546 5402/4603/547 5397/4504/448 5285/4503/447
f 5402/4603/547 5514/4604/548 5509/4505/449 5397/4504/448
f 5514/4604/548 5626/4605/549 5621/4506/450 5509/4505/449
f 5626/4605/549 5738/4606/550 5733/4507/451 5621/4506/450
f 5738/4606/550 5850/4607/551 5845/4508/452 5733/4507/451
f 5850/4607/551 5962/4608/552 5957/4509/453 5845/4508/452
f 5962/4608/552 6074/4609/553 6069/4510/454 5957/4509/453
f 6074/4609/553 6186/4610/554 6181/4511/455 6069/4510/454
f 6186/4610/554 6298/4611/555 6293/4512/456 6181/4511/455
f 6298/4611/555 6410/4612/556 6405/4513/457 6293/4512/456
f 6410/4612/556 6522/4613/557 6517/4514/458 6405/4513/457
f 6522/4613/557 6634/4614/558 6629/4515/459 6517/4514/458
f 6634/4614/558 6746/4615/559 6741/4516/460 6629/4515/459
f 6746/4615/559 6858/4616/560 6853/4517/461 6741/4516/460
f 6858/4616/560 6970/4617/561 6965/4518/462 6853/4517/461
f 6970/4617/561 7082/4618/562 7077/4519/463 6965/4518/462
f 7082/4618/562 7194/4619/563 7189/4520/464 7077/4519/463
f 7194/4619/563 7306/4620/564 7301/4521/465 7189/4520/464
f 3729/4621/334 3841/4622/335 3840/4623/336 3728/4624/337
f 3841/4622/335 3953/4625/338 3952/4626/339 3840/4623/336
f 3953/4625/338 4065/4627/340 4064/4628/341 3952/4626/339
f 4065/4627/340 4177/4629/342 4176/4630/343 4064/4628/341
f 4177/4629/342 4289/4631/344 4288/4632/345 4176/4630/343
f 4289/4631/344 4401/4633/346 4400/4634/347 4288/4632/345
f 4401/4633/346 4513/4635/348 4512/4636/349 4400/4634/347
f 4513/4635/348 4625/4637/350 4624/4638/351 4512/4636/349
f 4625/4637/350 4737/4639/352 4736/4640/353 4624/4638/351
f 4737/4639/352 4849/4641/354 4848/4642/576 4736/4640/353
f 4849/4641/354 4961/4643/356 4960/4644/357 4848/4642/576
f 4961/4643/356 5073/4645/358 5072/4646/359 4960/4644/357
f 5073/4645/358 5185/4647/360 5184/4648/361 5072/4646/359
f 5185/4647/360 5297/4649/362 5296/4650/363 5184/4648/361
f 5297/4649/362 5409/4651/364 5408/4652/365 5296/4650/363
f 5409/4651/364 5521/4653/366 5520/4654/367 5408/4652/365
f 5521/4653/366 5633/4655/368 5632/4656/369 5520/4654/367
f 5633/4655/368 5745/4657/370 5744/4658/371 5632/4656/369
f 5745/4657/370 5857/4659/372 5856/4660/373 5744/4658/371
f 5857/4659/372 5969/4661/374 5968/4662/375 5856/4660/373
f 5969/4661/374 6081/4663/376 6080/4664/377 5968/4662/375
f 6081/4663/376 6193/4665/378 6192/4666/635 6080/4664/377
f 6193/4665/378 6305/4667/380 6304/4668/381 6192/4666/635
f 6305/4667/380 6417/4669/382 6416/4670/383 6304/4668/381
f 6417/4669/382 6529/4671/384 6528/4672/385 6416/4670/383
f 6529/4671/384 6641/4673/386 6640/4674/593 6528/4672/385
f 6641/4673/386 6753/4675/388 6752/4676/389 6640/4674/593
f 6753/4675/388 6865/4677/390 6864/4678/391 6752/4676/389
f 6865/4677/390 6977/4679/392 6976/4680/393 6864/4678/391
f 6977/4679/392 7089/4681/394 7088/4682/395 6976/4680/393
f 7089/4681/394 7201/4683/396 7200/4684/397 7088/4682/395
f 7201/4683/396 7313/4685/398 7312/4686/399 7200/4684/397
f 3727/4687/400 3839/4688/401 3841/4622/335 3729/4621/334
f 3839/4688/401 3951/4689/402 3953/4625/338 3841/4622/335
f 3951/4689/402 4063/4690/403 4065/4627/340 3953/4625/338
f 4063/4690/403 4175/4691/404 4177/4629/342 4065/4627/340
f 4175/4691/404 4287/4692/405 4289/4631/344 4177/4629/342
f 4287/4692/405 4399/4693/406 4401/4633/346 4289/4631/344
f 4399/4693/406 4511/4694/407 4513/4635/348 4401/4633/346
f 4511/4694/407 4623/4695/408 4625/4637/350 4513/4635/348
f 4623/4695/408 4735/4696/409 4737/4639/352 4625/4637/350
f 4735/4696/409 4847/4697/410 4849/4641/354 4737/4639/352
f 4847/4697/410 4959/4698/411 4961/4643/356 4849/4641/354
f 4959/4698/411 5071/4699/412 5073/4645/358 4961/4643/356
f 5071/4699/412 5183/4700/413 5185/4647/360 5073/4645/358
f 5183/4700/413 5295/4701/414 5297/4649/362 5185/4647/360
f 5295/4701/414 5407/4702/415 5409/4651/364 5297/4649/362
f 5407/4702/415 5519/4703/416 5521/4653/366 5409/4651/364
f 5519/4703/416 5631/4704/417 5633/4655/368 5521/4653/366
f 5631/4704/417 5743/4705/418 5745/4657/370 5633/4655/368
f 5743/4705/418 5855/4706/419 5857/4659/372 5745/4657/370
f 5855/4706/419 5967/4707/420 5969/4661/374 5857/4659/372
f 5967/4707/420 6079/4708/421 6081/4663/376 5969/4661/374
f 6079/4708/421 6191/4709/422 6193/4665/378 6081/4663/376
f 6191/4709/422 6303/4710/423 6305/4667/380 6193/4665/378
f 6303/4710/423 6415/4711/424 6417/4669/382 6305/4667/380
f 6415/4711/424 6527/4712/425 6529/4671/384 6417/4669/382
f 6527/4712/425 6639/4713/426 6641/4673/386 6529/4671/384
f 6639/4713/426 6751/4714/427 6753/4675/388 6641/4673/386
f 6751/4714/427 6863/4715/428 6865/4677/390 6753/4675/388
f 6863/4715/428 6975/4716/429 6977/4679/392 6865/4677/390
f 6975/4716/429 7087/4717/430 7089/4681/394 6977/4679/392
f 7087/4717/430 7199/4718/431 7201/4683/396 7089/4681/394
f 7199/4718/431 7311/4719/432 7313/4685/398 7201/4683/396
f 3728/4624/337 3840/4623/336 3838/4720/433 3726/4721/434
f 3840/4623/336 3952/4626/339 3950/4722/435 3838/4720/433
f 3952/4626/339 4064/4628/341 4062/4723/436 3950/4722/435
f 4064/4628/341 4176/4630/343 4174/4724/437 4062/4723/436
f 4176/4630/343 4288/4632/345 4286/4725/438 4174/4724/437
f 4288/4632/345 4400/4634/347 4398/4726/439 4286/4725/438
f 4400/4634/347 4512/4636/349 4510/4727/440 4398/4726/439
f 4512/4636/349 4624/4638/351 4622/4728/441 4510/4727/440
f 4624/4638/351 4736/4640/353 4734/4729/442 4622/4728/441
f 4736/4640/353 4848/4642/576 4846/4730/443 4734/4729/442
f 4848/4642/576 4960/4644/357 4958/4731/444 4846/4730/443
f 4960/4644/357 5072/4646/359 5070/4732/445 4958/4731/444
f 5072/4646/359 5184/4648/361 5182/4733/446 5070/4732/445
f 5184/4648/361 5296/4650/363 5294/4734/447 5182/4733/446
f 5296/4650/363 5408/4652/365 5406/4735/448 5294/4734/447
f 5408/4652/365 5520/4654/367 5518/4736/449 5406/4735/448
f 5520/4654/367 5632/4656/369 5630/4737/450 5518/4736/449
f 5632/4656/369 5744/4658/371 5742/4738/451 5630/4737/450
f 5744/4658/371 5856/4660/373 5854/4739/452 5742/4738/451
f 5856/4660/373 5968/4662/375 5966/4740/453 5854/4739/452
f 5968/4662/375 6080/4664/377 6078/4741/454 5966/4740/453
f 6080/4664/377 6192/4666/635 6190/4742/455 6078/4741/454
f 6192/4666/635 6304/4668/381 6302/4743/456 6190/4742/455
f 6304/4668/381 6416/4670/383 6414/4744/457 6302/4743/456
f 6416/4670/383 6528/4672/385 6526/4745/458 6414/4744/457
f 6528/4672/385 6640/4674/593 6638/4746/459 6526/4745/458
f 6640/4674/593 6752/4676/389 6750/4747/460 6638/4746/459
f 6752/4676/389 6864/4678/391 6862/4748/461 6750/4747/460
f 6864/4678/391 6976/4680/393 6974/4749/462 6862/4748/461
f 6976/4680/393 7088/4682/395 7086/4750/463 6974/4749/462
f 7088/4682/395 7200/4684/397 7198/4751/464 7086/4750/463
f 7200/4684/397 7312/4686/399 7310/4752/465 7198/4751/464
f 3725/4753/434 3837/4754/433 3839/4688/401 3727/4687/400
f 3837/4754/433 3949/4755/435 3951/4689/402 3839/4688/401
f 3949/4755/435 4061/4756/436 4063/4690/403 3951/4689/402
f 4061/4756/436 4173/4757/437 4175/4691/404 4063/4690/403
f 4173/4757/437 4285/4758/438 4287/4692/405 4175/4691/404
f 4285/4758/438 4397/4759/439 4399/4693/406 4287/4692/405
f 4397/4759/439 4509/4760/440 4511/4694/407 4399/4693/406
f 4509/4760/440 4621/4761/441 4623/4695/408 4511/4694/407
f 4621/4761/441 4733/4762/442 4735/4696/409 4623/4695/408
f 4733/4762/442 4845/4763/443 4847/4697/410 4735/4696/409
f 4845/4763/443 4957/4764/444 4959/4698/411 4847/4697/410
f 4957/4764/444 5069/4765/445 5071/4699/412 4959/4698/411
f 5069/4765/445 5181/4766/446 5183/4700/413 5071/4699/412
f 5181/4766/446 5293/4767/447 5295/4701/414 5183/4700/413
f 5293/4767/447 5405/4768/448 5407/4702/415 5295/4701/414
f 5405/4768/448 5517/4769/449 5519/4703/416 5407/4702/415
f 5517/4769/449 5629/4770/450 5631/4704/417 5519/4703/416
f 5629/4770/450 5741/4771/451 5743/4705/418 5631/4704/417
f 5741/4771/451 5853/4772/452 5855/4706/419 5743/4705/418
f 5853/4772/452 5965/4773/453 5967/4707/420 5855/4706/419
f 5965/4773/453 6077/4774/454 6079/4708/421 5967/4707/420
f 6077/4774/454 6189/4775/455 6191/4709/422 6079/4708/421
f 6189/4775/455 6301/4776/456 6303/4710/423 6191/4709/422
f 6301/4776/456 6413/4777/457 6415/4711/424 6303/4710/423
f 6413/4777/457 6525/4778/458 6527/4712/425 6415/4711/424
f 6525/4778/458 6637/4779/459 6639/4713/426 6527/4712/425
f 6637/4779/459 6749/4780/460 6751/4714/427 6639/4713/426
f 6749/4780/460 6861/4781/461 6863/4715/428 6751/4714/427
f 6861/4781/461 6973/4782/462 6975/4716/429 6863/4715/428
f 6973/4782/462 7085/4783/463 7087/4717/430 6975/4716/429
f 7085/4783/463 7197/4784/464 7199/4718/431 7087/4717/430
f 7197/4784/464 7309/4785/465 7311/4719/432 7199/4718/431
f 3731/4786/466 3843/4787/467 3844/4788/468 3732/4789/469
f 3843/4787/467 3955/4790/470 3956/4791/471 3844/4788/468
f 3955/4790/470 4067/4792/472 4068/4793/473 3956/4791/471
f 4067/4792/472 4179/4794/474 4180/4795/475 4068/4793/473
f 4179/4794/474 4291/4796/476 4292/4797/477 4180/4795/475
f 4291/4796/476 4403/4798/478 4404/4799/479 4292/4797/477
f 4403/4798/478 4515/4800/480 4516/4801/481 4404/4799/479
f 4515/4800/480 4627/4802/482 4628/4803/483 4516/4801/481
f 4627/4802/482 4739/4804/484 4740/4805/485 4628/4803/483
f 4739/4804/484 4851/4806/486 4852/4807/487 4740/4805/485
f 4851/4806/486 4963/4808/488 4964/4809/489 4852/4807/487
f 4963/4808/488 5075/4810/490 5076/4811/491 4964/4809/489
f 5075/4810/490 5187/4812/492 5188/4813/493 5076/4811/491
f 5187/4812/492 5299/4814/494 5300/4815/495 5188/4813/493
f 5299/4814/494 5411/4816/496 5412/4817/497 5300/4815/495
f 5411/4816/496 5523/4818/498 5524/4819/499 5412/4817/497
f 5523/4818/498 5635/4820/500 5636/4821/501 5524/4819/499
f 5635/4820/500 5747/4822/502 5748/4823/503 5636/4821/501
f 5747/4822/502 5859/4824/504 5860/4825/505 5748/4823/503
f 5859/4824/504 5971/4826/506 5972/4827/507 5860/4825/505
f 5971/4826/506 6083/4828/508 6084/4829/509 5972/4827/507
f 6083/4828/508 6195/4830/510 6196/4831/511 6084/4829/509
f 6195/4830/510 6307/4832/512 6308/4833/513 6196/4831/511
f 6307/4832/512 6419/4834/514 6420/4835/515 6308/4833/513
f 6419/4834/514 6531/4836/516 6532/4837/517 6420/4835/515
f 6531/4836/516 6643/4838/634 6644/4839/519 6532/4837/517
f 6643/4838/634 6755/4840/520 6756/4841/521 6644/4839/519
f 6755/4840/520 6867/4842/522 6868/4843/523 6756/4841/521
f 6867/4842/522 6979/4844/524 6980/4845/525 6868/4843/523
f 6979/4844/524 7091/4846/526 7092/4847/527 6980/4845/525
f 7091/4846/526 7203/4848/528 7204/4849/529 7092/4847/527
f 7203/4848/528 7315/4850/530 7316/4851/531 7204/4849/529
f 3732/4789/469 3844/4788/468 3842/4852/532 3730/4853/533
f 3844/4788/468 3956/4791/471 3954/4854/534 3842/4852/532
f 3956/4791/471 4068/4793/473 4066/4855/535 3954/4854/534
f 4068/4793/473 4180/4795/475 4178/4856/536 4066/4855/535
f 4180/4795/475 4292/4797/477 4290/4857/537 4178/4856/536
f 4292/4797/477 4404/4799/479 4402/4858/538 4290/4857/537
f 4404/4799/479 4516/4801/481 4514/4859/539 4402/4858/538
f 4516/4801/481 4628/4803/483 4626/4860/540 4514/4859/539
f 4628/4803/483 4740/4805/485 4738/4861/541 4626/4860/540
f 4740/4805/485 4852/4807/487 4850/4862/542 4738/4861/541
f 4852/4807/487 4964/4809/489 4962/4863/543 4850/4862/542
f 4964/4809/489 5076/4811/491 5074/4864/544 4962/4863/543
f 5076/4811/491 5188/4813/493 5186/4865/545 5074/4864/544
f 5188/4813/493 5300/4815/495 5298/4866/546 5186/4865/545
f 5300/4815/495 5412/4817/497 5410/4867/547 5298/4866/546
f 5412/4817/497 5524/4819/499 5522/4868/548 5410/4867/547
f 5524/4819/499 5636/4821/501 5634/4869/549 5522/4868/548
f 5636/4821/501 5748/4823/503 5746/4870/550 5634/4869/549
f 5748/4823/503 5860/4825/505 5858/4871/551 5746/4870/550
f 5860/4825/505 5972/4827/507 5970/4872/552 5858/4871/551
f 5972/4827/507 6084/4829/509 6082/4873/553 5970/4872/552
f 6084/4829/509 6196/4831/511 6194/4874/554 6082/4873/553
f 6196/4831/511 6308/4833/513 6306/4875/555 6194/4874/554
f 6308/4833/513 6420/4835/515 6418/4876/556 6306/4875/555
f 6420/4835/515 6532/4837/517 6530/4877/557 6418/4876/556
f 6532/4837/517 6644/4839/519 6642/4878/558 6530/4877/557
f 6644/4839/519 6756/4841/521 6754/4879/559 6642/4878/558
f 6756/4841/521 6868/4843/523 6866/4880/560 6754/4879/559
f 6868/4843/523 6980/4845/525 6978/4881/561 6866/4880/560
f 6980/4845/525 7092/4847/527 7090/4882/562 6978/4881/561
f 7092/4847/527 7204/4849/529 7202/4883/563 7090/4882/562
f 7204/4849/529 7316/4851/531 7314/4884/564 7202/4883/563
f 3730/4853/533 3842/4852/532 3837/4754/433 3725/4753/434
f 3842/4852/532 3954/4854/534 3949/4755/435 3837/4754/433
f 3954/4854/534 4066/4855/535 4061/4756/436 3949/4755/435
f 4066/4855/535 4178/4856/536 4173/4757/437 4061/4756/436
f 4178/4856/536 4290/4857/537 4285/4758/438 4173/4757/437
f 4290/4857/537 4402/4858/538 4397/4759/439 4285/4758/438
f 4402/4858/538 4514/4859/539 4509/4760/440 4397/4759/439
f 4514/4859/539 4626/4860/540 4621/4761/441 4509/4760/440
f 4626/4860/540 4738/4861/541 4733/4762/442 4621/4761/441
f 4738/4861/541 4850/4862/542 4845/4763/443 4733/4762/442
f 4850/4862/542 4962/4863/543 4957/4764/444 4845/4763/443
f 4962/4863/543 5074/4864/544 5069/4765/445 4957/4764/444
f 5074/4864/544 5186/4865/545 5181/4766/446 5069/4765/445
f 5186/4865/545 5298/4866/546 5293/4767/447 5181/4766/446
f 5298/4866/546 5410/4867/547 5405/4768/448 5293/4767/447
f 5410/4867/547 5522/4868/548 5517/4769/449 5405/4768/448
f 5522/4868/548 5634/4869/549 5629/4770/450 5517/4769/449
f 5634/4869/549 5746/4870/550 5741/4771/451 5629/4770/450
f 5746/4870/550 5858/4871/551 5853/4772/452 5741/4771/451
f 5858/4871/551 5970/4872/552 5965/4773/453 5853/4772/452
f 5970/4872/552 6082/4873/553 6077/4774/454 5965/4773/453
f 6082/4873/553 6194/4874/554 6189/4775/455 6077/4774/454
f 6194/4874/554 6306/4875/555 6301/4776/456 6189/4775/455
f 6306/4875/555 6418/4876/556 6413/4777/457 6301/4776/456
f 6418/4876/556 6530/4877/557 6525/4778/458 6413/4777/457
f 6530/4877/557 6642/4878/558 6637/4779/459 6525/4778/458
f 6642/4878/558 6754/4879/559 6749/4780/460 6637/4779/459
f 6754/4879/559 6866/4880/560 6861/4781/461 6749/4780/460
f 6866/4880/560 6978/4881/561 6973/4782/462 6861/4781/461
f 6978/4881/561 7090/4882/562 7085/4783/463 6973/4782/462
f 7090/4882/562 7202/4883/563 7197/4784/464 7085/4783/463
f 7202/4883/563 7314/4884/564 7309/4785/465 7197/4784/464
f 3718/4457/434 3830/4456/433 3843/4787/467 3731/4786/466
f 3830/4456/433 3942/4458/435 3955/4790/470 3843/4787/467
f 3942/4458/435 4054/4459/436 4067/4792/472 3955/4790/470
f 4054/4459/436 4166/4460/437 4179/4794/474 4067/4792/472
f 4166/4460/437 4278/4461/438 4291/4796/476 4179/4794/474
f 4278/4461/438 4390/4462/439 4403/4798/478 4291/4796/476
f 4390/4462/439 4502/4463/440 4515/4800/480 4403/4798/478
f 4502/4463/440 4614/4464/441 4627/4802/482 4515/4800/480
f 4614/4464/441 4726/4465/442 4739/4804/484 4627/4802/482
f 4726/4465/442 4838/4466/443 4851/4806/486 4739/4804/484
f 4838/4466/443 4950/4467/444 4963/4808/488 4851/4806/486
f 4950/4467/444 5062/4468/445 5075/4810/490 4963/4808/488
f 5062/4468/445 5174/4469/446 5187/4812/492 5075/4810/490
f 5174/4469/446 5286/4470/447 5299/4814/494 5187/4812/492
f 5286/4470/447 5398/4471/448 5411/4816/496 5299/4814/494
f 5398/4471/448 5510/4472/449 5523/4818/498 5411/4816/496
f 5510/4472/449 5622/4473/450 5635/4820/500 5523/4818/498
f 5622/4473/450 5734/4474/451 5747/4822/502 5635/4820/500
f 5734/4474/451 5846/4475/452 5859/4824/504 5747/4822/502
f 5846/4475/452 5958/4476/453 5971/4826/506 5859/4824/504
f 5958/4476/453 6070/4477/454 6083/4828/508 5971/4826/506
f 6070/4477/454 6182/4478/455 6195/4830/510 6083/4828/508
f 6182/4478/455 6294/4479/456 6307/4832/512 6195/4830/510
f 6294/4479/456 6406/4480/457 6419/4834/514 6307/4832/512
f 6406/4480/457 6518/4481/458 6531/4836/516 6419/4834/514
f 6518/4481/458 6630/4482/459 6643/4838/634 6531/4836/516
f 6630/4482/459 6742/4483/460 6755/4840/520 6643/4838/634
f 6742/4483/460 6854/4484/461 6867/4842/522 6755/4840/520
f 6854/4484/461 6966/4485/462 6979/4844/524 6867/4842/522
f 6966/4485/462 7078/4486/463 7091/4846/526 6979/4844/524
f 7078/4486/463 7190/4487/464 7203/4848/528 7091/4846/526
f 7190/4487/464 7302/4488/465 7315/4850/530 7203/4848/528
f 3737/4885/334 3849/4886/335 3848/4887/336 3736/4888/337
f 3849/4886/335 3961/4889/338 3960/4890/339 3848/4887/336
f 3961/4889/338 4073/4891/340 4072/4892/341 3960/4890/339
f 4073/4891/340 4185/4893/342 4184/4894/343 4072/4892/341
f 4185/4893/342 4297/4895/344 4296/4896/345 4184/4894/343
f 4297/4895/344 4409/4897/346 4408/4898/636 4296/4896/345
f 4409/4897/346 4521/4899/348 4520/4900/349 4408/4898/636
f 4521/4899/348 4633/4901/350 4632/4902/351 4520/4900/349
f 4633/4901/350 4745/4903/352 4744/4904/353 4632/4902/351
f 4745/4903/352 4857/4905/354 4856/4906/355 4744/4904/353
f 4857/4905/354 4969/4907/356 4968/4908/357 4856/4906/355
f 4969/4907/356 5081/4909/358 5080/4910/359 4968/4908/357
f 5081/4909/358 5193/4911/360 5192/4912/361 5080/4910/359
f 5193/4911/360 5305/4913/362 5304/4914/363 5192/4912/361
f 5305/4913/362 5417/4915/364 5416/4916/365 5304/4914/363
f 5417/4915/364 5529/4917/366 5528/4918/367 5416/4916/365
f 5529/4917/366 5641/4919/368 5640/4920/369 5528/4918/367
f 5641/4919/368 5753/4921/370 5752/4922/371 5640/4920/369
f 5753/4921/370 5865/4923/372 5864/4924/373 5752/4922/371
f 5865/4923/372 5977/4925/374 5976/4926/375 5864/4924/373
f 5977/4925/374 6089/4927/376 6088/4928/377 5976/4926/375
f 6089/4927/376 6201/4929/378 6200/4930/635 6088/4928/377
f 6201/4929/378 6313/4931/380 6312/4932/381 6200/4930/635
f 6313/4931/380 6425/4933/382 6424/4934/383 6312/4932/381
f 6425/4933/382 6537/4935/384 6536/4936/385 6424/4934/383
f 6537/4935/384 6649/4937/386 6648/4938/593 6536/4936/385
f 6649/4937/386 6761/4939/388 6760/4940/389 6648/4938/593
f 6761/4939/388 6873/4941/390 6872/4942/391 6760/4940/389
f 6873/4941/390 6985/4943/392 6984/4944/393 6872/4942/391
f 6985/4943/392 7097/4945/394 7096/4946/395 6984/4944/393
f 7097/4945/394 7209/4947/396 7208/4948/397 7096/4946/395
f 7209/4947/396 7321/4949/398 7320/4950/399 7208/4948/397
f 3735/4951/400 3847/4952/401 3849/4886/335 3737/4885/334
f 3847/4952/401 3959/4953/402 3961/4889/338 3849/4886/335
f 3959/4953/402 4071/4954/403 4073/4891/340 3961/4889/338
f 4071/4954/403 4183/4955/404 4185/4893/342 4073/4891/340
f 4183/4955/404 4295/4956/405 4297/4895/344 4185/4893/342
f 4295/4956/405 4407/4957/406 4409/4897/346 4297/4895/344
f 4407/4957/406 4519/4958/407 4521/4899/348 4409/4897/346
f 4519/4958/407 4631/4959/408 4633/4901/350 4521/4899/348
f 4631/4959/408 4743/4960/409 4745/4903/352 4633/4901/350
f 4743/4960/409 4855/4961/410 4857/4905/354 4745/4903/352
f 4855/4961/410 4967/4962/411 4969/4907/356 4857/4905/354
f 4967/4962/411 5079/4963/412 5081/4909/358 4969/4907/356
f 5079/4963/412 5191/4964/413 5193/4911/360 5081/4909/358
f 5191/4964/413 5303/4965/414 5305/4913/362 5193/4911/360
f 5303/4965/414 5415/4966/415 5417/4915/364 5305/4913/362
f 5415/4966/415 5527/4967/416 5529/4917/366 5417/4915/364
f 5527/4967/416 5639/4968/417 5641/4919/368 5529/4917/366
f 5639/4968/417 5751/4969/418 5753/4921/370 5641/4919/368
f 5751/4969/418 5863/4970/419 5865/4923/372 5753/4921/370
f 5863/4970/419 5975/4971/420 5977/4925/374 5865/4923/372
f 5975/4971/420 6087/4972/421 6089/4927/376 5977/4925/374
f 6087/4972/421 6199/4973/422 6201/4929/378 6089/4927/376
f 6199/4973/422 6311/4974/423 6313/4931/380 6201/4929/378
f 6311/4974/423 6423/4975/424 6425/4933/382 6313/4931/380
f 6423/4975/424 6535/4976/425 6537/4935/384 6425/4933/382
f 6535/4976/425 6647/4977/426 6649/4937/386 6537/4935/384
f 6647/4977/426 6759/4978/427 6761/4939/388 6649/4937/386
f 6759/4978/427 6871/4979/428 6873/4941/390 6761/4939/388
f 6871/4979/428 6983/4980/429 6985/4943/392 6873/4941/390
f 6983/4980/429 7095/4981/430 7097/4945/394 6985/4943/392
f 7095/4981/430 7207/4982/431 7209/4947/396 7097/4945/394
f 7207/4982/431 7319/4983/432 7321/4949/398 7209/4947/396
f 3736/4888/337 3848/4887/336 3846/4984/433 3734/4985/434
f 3848/4887/336 3960/4890/339 3958/4986/435 3846/4984/433
f 3960/4890/339 4072/4892/341 4070/4987/436 3958/4986/435
f 4072/4892/341 4184/4894/343 4182/4988/437 4070/4987/436
f 4184/4894/343 4296/4896/345 4294/4989/438 4182/4988/437
f 4296/4896/345 4408/4898/636 4406/4990/439 4294/4989/438
f 4408/4898/636 4520/4900/349 4518/4991/440 4406/4990/439
f 4520/4900/349 4632/4902/351 4630/4992/441 4518/4991/440
f 4632/4902/351 4744/4904/353 4742/4993/442 4630/4992/441
f 4744/4904/353 4856/4906/355 4854/4994/443 4742/4993/442
f 4856/4906/355 4968/4908/357 4966/4995/444 4854/4994/443
f 4968/4908/357 5080/4910/359 5078/4996/445 4966/4995/444
f 5080/4910/359 5192/4912/361 5190/4997/446 5078/4996/445
f 5192/4912/361 5304/4914/363 5302/4998/447 5190/4997/446
f 5304/4914/363 5416/4916/365 5414/4999/448 5302/4998/447
f 5416/4916/365 5528/4918/367 5526/5000/449 5414/4999/448
f 5528/4918/367 5640/4920/369 5638/5001/450 5526/5000/449
f 5640/4920/369 5752/4922/371 5750/5002/451 5638/5001/450
f 5752/4922/371 5864/4924/373 5862/5003/452 5750/5002/451
f 5864/4924/373 5976/4926/375 5974/5004/453 5862/5003/452
f 5976/4926/375 6088/4928/377 6086/5005/454 5974/5004/453
f 6088/4928/377 6200/4930/635 6198/5006/455 6086/5005/454
f 6200/4930/635 6312/4932/381 6310/5007/456 6198/5006/455
f 6312/4932/381 6424/4934/383 6422/5008/457 6310/5007/456
f 6424/4934/383 6536/4936/385 6534/5009/458 6422/5008/457
f 6536/4936/385 6648/4938/593 6646/5010/459 6534/5009/458
f 6648/4938/593 6760/4940/389 6758/5011/460 6646/5010/459
f 6760/4940/389 6872/4942/391 6870/5012/461 6758/5011/460
f 6872/4942/391 6984/4944/393 6982/5013/462 6870/5012/461
f 6984/4944/393 7096/4946/395 7094/5014/463 6982/5013/462
f 7096/4946/395 7208/4948/397 7206/5015/464 7094/5014/463
f 7208/4948/397 7320/4950/399 7318/5016/465 7206/5015/464
f 3733/5017/434 3845/5018/433 3847/4952/401 3735/4951/400
f 3845/5018/433 3957/5019/435 3959/4953/402 3847/4952/401
f 3957/5019/435 4069/5020/436 4071/4954/403 3959/4953/402
f 4069/5020/436 4181/5021/437 4183/4955/404 4071/4954/403
f 4181/5021/437 4293/5022/438 4295/4956/405 4183/4955/404
f 4293/5022/438 4405/5023/439 4407/4957/406 4295/4956/405
f 4405/5023/439 4517/5024/440 4519/4958/407 4407/4957/406
f 4517/5024/440 4629/5025/441 4631/4959/408 4519/4958/407
f 4629/5025/441 4741/5026/442 4743/4960/409 4631/4959/408
f 4741/5026/442 4853/5027/443 4855/4961/410 4743/4960/409
f 4853/5027/443 4965/5028/444 4967/4962/411 4855/4961/410
f 4965/5028/444 5077/5029/445 5079/4963/412 4967/4962/411
f 5077/5029/445 5189/5030/446 5191/4964/413 5079/4963/412
f 5189/5030/446 5301/5031/447 5303/4965/414 5191/4964/413
f 5301/5031/447 5413/5032/448 5415/4966/415 5303/4965/414
f 5413/5032/448 5525/5033/449 5527/4967/416 5415/4966/415
f 5525/5033/449 5637/5034/450 5639/4968/417 5527/4967/416
f 5637/5034/450 5749/5035/451 5751/4969/418 5639/4968/417
f 5749/5035/451 5861/5036/452 5863/4970/419 5751/4969/418
f 5861/5036/452 5973/5037/453 5975/4971/420 5863/4970/419
f 5973/5037/453 6085/5038/454 6087/4972/421 5975/4971/420
f 6085/5038/454 6197/5039/455 6199/4973/422 6087/4972/421
f 6197/5039/455 6309/5040/456 6311/4974/423 6199/4973/422
f 6309/5040/456 6421/5041/457 6423/4975/424 6311/4974/423
f 6421/5041/457 6533/5042/458 6535/4976/425 6423/4975/424
f 6533/5042/458 6645/5043/459 6647/4977/426 6535/4976/425
f 6645/5043/459 6757/5044/460 6759/4978/427 6647/4977/426
f 6757/5044/460 6869/5045/461 6871/4979/428 6759/4978/427
f 6869/5045/461 6981/5046/462 6983/4980/429 6871/4979/428
f 6981/5046/462 7093/5047/463 7095/4981/430 6983/4980/429
f 7093/5047/463 7205/5048/464 7207/4982/431 7095/4981/430
f 7205/5048/464 7317/5049/465 7319/4983/432 7207/4982/431
f 3739/5050/466 3851/5051/467 3852/5052/468 3740/5053/469
f 3851/5051/467 3963/5054/470 3964/5055/471 3852/5052/468
f 3963/5054/470 4075/5056/472 4076/5057/473 3964/5055/471
f 4075/5056/472 4187/5058/474 4188/5059/475 4076/5057/473
f 4187/5058/474 4299/5060/476 4300/5061/477 4188/5059/475
f 4299/5060/476 4411/5062/637 4412/5063/479 4300/5061/477
f 4411/5062/637 4523/5064/480 4524/5065/481 4412/5063/479
f 4523/5064/480 4635/5066/482 4636/5067/483 4524/5065/481
f 4635/5066/482 4747/5068/484 4748/5069/485 4636/5067/483
f 4747/5068/484 4859/5070/638 4860/5071/487 4748/5069/485
f 4859/5070/638 4971/5072/488 4972/5073/489 4860/5071/487
f 4971/5072/488 5083/5074/490 5084/5075/491 4972/5073/489
f 5083/5074/490 5195/5076/492 5196/5077/493 5084/5075/491
f 5195/5076/492 5307/5078/494 5308/5079/495 5196/5077/493
f 5307/5078/494 5419/5080/496 5420/5081/497 5308/5079/495
f 5419/5080/496 5531/5082/498 5532/5083/499 5420/5081/497
f 5531/5082/498 5643/5084/500 5644/5085/501 5532/5083/499
f 5643/5084/500 5755/5086/502 5756/5087/503 5644/5085/501
f 5755/5086/502 5867/5088/504 5868/5089/505 5756/5087/503
f 5867/5088/504 5979/5090/506 5980/5091/507 5868/5089/505
f 5979/5090/506 6091/5092/508 6092/5093/509 5980/5091/507
f 6091/5092/508 6203/5094/510 6204/5095/511 6092/5093/509
f 6203/5094/510 6315/5096/512 6316/5097/513 6204/5095/511
f 6315/5096/512 6427/5098/514 6428/5099/515 6316/5097/513
f 6427/5098/514 6539/5100/516 6540/5101/517 6428/5099/515
f 6539/5100/516 6651/5102/634 6652/5103/519 6540/5101/517
f 6651/5102/634 6763/5104/520 6764/5105/521 6652/5103/519
f 6763/5104/520 6875/5106/522 6876/5107/523 6764/5105/521
f 6875/5106/522 6987/5108/524 6988/5109/525 6876/5107/523
f 6987/5108/524 7099/5110/526 7100/5111/527 6988/5109/525
f 7099/5110/526 7211/5112/528 7212/5113/529 7100/5111/527
f 7211/5112/528 7323/5114/530 7324/5115/531 7212/5113/529
f 3740/5053/469 3852/5052/468 3850/5116/532 3738/5117/533
f 3852/5052/468 3964/5055/471 3962/5118/534 3850/5116/532
f 3964/5055/471 4076/5057/473 4074/5119/535 3962/5118/534
f 4076/5057/473 4188/5059/475 4186/5120/536 4074/5119/535
f 4188/5059/475 4300/5061/477 4298/5121/537 4186/5120/536
f 4300/5061/477 4412/5063/479 4410/5122/538 4298/5121/537
f 4412/5063/479 4524/5065/481 4522/5123/539 4410/5122/538
f 4524/5065/481 4636/5067/483 4634/5124/540 4522/5123/539
f 4636/5067/483 4748/5069/485 4746/5125/541 4634/5124/540
f 4748/5069/485 4860/5071/487 4858/5126/542 4746/5125/541
f 4860/5071/487 4972/5073/489 4970/5127/543 4858/5126/542
f 4972/5073/489 5084/5075/491 5082/5128/544 4970/5127/543
f 5084/5075/491 5196/5077/493 5194/5129/545 5082/5128/544
f 5196/5077/493 5308/5079/495 5306/5130/546 5194/5129/545
f 5308/5079/495 5420/5081/497 5418/5131/547 5306/5130/546
f 5420/5081/497 5532/5083/499 5530/5132/548 5418/5131/547
f 5532/5083/499 5644/5085/501 5642/5133/549 5530/5132/548
f 5644/5085/501 5756/5087/503 5754/5134/550 5642/5133/549
f 5756/5087/503 5868/5089/505 5866/5135/551 5754/5134/550
f 5868/5089/505 5980/5091/507 5978/5136/552 5866/5135/551
f 5980/5091/507 6092/5093/509 6090/5137/553 5978/5136/552
f 6092/5093/509 6204/5095/511 6202/5138/554 6090/5137/553
f 6204/5095/511 6316/5097/513 6314/5139/555 6202/5138/554
f 6316/5097/513 6428/5099/515 6426/5140/556 6314/5139/555
f 6428/5099/515 6540/5101/517 6538/5141/557 6426/5140/556
f 6540/5101/517 6652/5103/519 6650/5142/558 6538/5141/557
f 6652/5103/519 6764/5105/521 6762/5143/559 6650/5142/558
f 6764/5105/521 6876/5107/523 6874/5144/560 6762/5143/559
f 6876/5107/523 6988/5109/525 6986/5145/561 6874/5144/560
f 6988/5109/525 7100/5111/527 7098/5146/562 6986/5145/561
f 7100/5111/527 7212/5113/529 7210/5147/563 7098/5146/562
f 7212/5113/529 7324/5115/531 7322/5148/564 7210/5147/563
f 3738/5117/533 3850/5116/532 3845/5018/433 3733/5017/434
f 3850/5116/532 3962/5118/534 3957/5019/435 3845/5018/433
f 3962/5118/534 4074/5119/535 4069/5020/436 3957/5019/435
f 4074/5119/535 4186/5120/536 4181/5021/437 4069/5020/436
f 4186/5120/536 4298/5121/537 4293/5022/438 4181/5021/437
f 4298/5121/537 4410/5122/538 4405/5023/439 4293/5022/438
f 4410/5122/538 4522/5123/539 4517/5024/440 4405/5023/439
f 4522/5123/539 4634/5124/540 4629/5025/441 4517/5024/440
f 4634/5124/540 4746/5125/541 4741/5026/442 4629/5025/441
f 4746/5125/541 4858/5126/542 4853/5027/443 4741/5026/442
f 4858/5126/542 4970/5127/543 4965/5028/444 4853/5027/443
f 4970/5127/543 5082/5128/544 5077/5029/445 4965/5028/444
f 5082/5128/544 5194/5129/545 5189/5030/446 5077/5029/445
f 5194/5129/545 5306/5130/546 5301/5031/447 5189/5030/446
f 5306/5130/546 5418/5131/547 5413/5032/448 5301/5031/447
f 5418/5131/547 5530/5132/548 5525/5033/449 5413/5032/448
f 5530/5132/548 5642/5133/549 5637/5034/450 5525/5033/449
f 5642/5133/549 5754/5134/550 5749/5035/451 5637/5034/450
f 5754/5134/550 5866/5135/551 5861/5036/452 5749/5035/451
f 5866/5135/551 5978/5136/552 5973/5037/453 5861/5036/452
f 5978/5136/552 6090/5137/553 6085/5038/454 5973/5037/453
f 6090/5137/553 6202/5138/554 6197/5039/455 6085/5038/454
f 6202/5138/554 6314/5139/555 6309/5040/456 6197/5039/455
f 6314/5139/555 6426/5140/556 6421/5041/457 6309/5040/456
f 6426/5140/556 6538/5141/557 6533/5042/458 6421/5041/457
f 6538/5141/557 6650/5142/558 6645/5043/459 6533/5042/458
f 6650/5142/558 6762/5143/559 6757/5044/460 6645/5043/459
f 6762/5143/559 6874/5144/560 6869/5045/461 6757/5044/460
f 6874/5144/560 6986/5145/561 6981/5046/462 6869/5045/461
f 6986/5145/561 7098/5146/562 7093/5047/463 6981/5046/462
f 7098/5146/562 7210/5147/563 7205/5048/464 7093/5047/463
f 7210/5147/563 7322/5148/564 7317/5049/465 7205/5048/464
f 3745/5149/334 3856/5150/335 3855/5151/336 3744/5152/337
f 3856/5150/335 3969/5153/338 3968/5154/339 3855/5151/336
f 3969/5153/338 4080/5155/340 4079/5156/341 3968/5154/339
f 4080/5155/340 4192/5157/342 4191/5158/343 4079/5156/341
f 4192/5157/342 4305/5159/344 4304/5160/345 4191/5158/343
f 4305/5159/344 4417/5161/346 4416/5162/636 4304/5160/345
f 4417/5161/346 4528/5163/348 4527/5164/349 4416/5162/636
f 4528/5163/348 4641/5165/350 4640/5166/351 4527/5164/349
f 4641/5165/350 4752/5167/352 4751/5168/353 4640/5166/351
f 4752/5167/352 4865/5169/354 4864/5170/576 4751/5168/353
f 4865/5169/354 4977/5171/356 4976/5172/357 4864/5170/576
f 4977/5171/356 5088/5173/358 5087/5174/359 4976/5172/357
f 5088/5173/358 5200/5175/360 5199/5176/361 5087/5174/359
f 5200/5175/360 5312/5177/362 5311/5178/363 5199/5176/361
f 5312/5177/362 5424/5179/364 5423/5180/365 5311/5178/363
f 5424/5179/364 5536/5181/366 5535/5182/367 5423/5180/365
f 5536/5181/366 5649/5183/368 5648/5184/369 5535/5182/367
f 5649/5183/368 5761/5185/370 5760/5186/371 5648/5184/369
f 5761/5185/370 5873/5187/372 5872/5188/373 5760/5186/371
f 5873/5187/372 5984/5189/374 5983/5190/375 5872/5188/373
f 5984/5189/374 6097/5191/376 6096/5192/377 5983/5190/375
f 6097/5191/376 6209/5193/378 6208/5194/635 6096/5192/377
f 6209/5193/378 6321/5195/380 6320/5196/381 6208/5194/635
f 6321/5195/380 6432/5197/382 6431/5198/383 6320/5196/381
f 6432/5197/382 6544/5199/384 6543/5200/385 6431/5198/383
f 6544/5199/384 6656/5201/386 6655/5202/593 6543/5200/385
f 6656/5201/386 6769/5203/388 6768/5204/389 6655/5202/593
f 6769/5203/388 6881/5205/390 6880/5206/391 6768/5204/389
f 6881/5205/390 6993/5207/392 6992/5208/393 6880/5206/391
f 6993/5207/392 7105/5209/394 7104/5210/395 6992/5208/393
f 7105/5209/394 7217/5211/396 7216/5212/397 7104/5210/395
f 7217/5211/396 7328/5213/398 7327/5214/399 7216/5212/397
f 3743/5215/400 3854/5216/401 3856/5150/335 3745/5149/334
f 3854/5216/401 3967/5217/402 3969/5153/338 3856/5150/335
f 3967/5217/402 4078/5218/403 4080/5155/340 3969/5153/338
f 4078/5218/403 4190/5219/404 4192/5157/342 4080/5155/340
f 4190/5219/404 4303/5220/405 4305/5159/344 4192/5157/342
f 4303/5220/405 4415/5221/406 4417/5161/346 4305/5159/344
f 4415/5221/406 4526/5222/407 4528/5163/348 4417/5161/346
f 4526/5222/407 4639/5223/408 4641/5165/350 4528/5163/348
f 4639/5223/408 4750/5224/409 4752/5167/352 4641/5165/350
f 4750/5224/409 4863/5225/410 4865/5169/354 4752/5167/352
f 4863/5225/410 4975/5226/411 4977/5171/356 4865/5169/354
f 4975/5226/411 5086/5227/412 5088/5173/358 4977/5171/356
f 5086/5227/412 5198/5228/413 5200/5175/360 5088/5173/358
f 5198/5228/413 5310/5229/414 5312/5177/362 5200/5175/360
f 5310/5229/414 5422/5230/415 5424/5179/364 5312/5177/362
f 5422/5230/415 5534/5231/416 5536/5181/366 5424/5179/364
f 5534/5231/416 5647/5232/417 5649/5183/368 5536/5181/366
f 5647/5232/417 5759/5233/418 5761/5185/370 5649/5183/368
f 5759/5233/418 5871/5234/419 5873/5187/372 5761/5185/370
f 5871/5234/419 5982/5235/420 5984/5189/374 5873/5187/372
f 5982/5235/420 6095/5236/421 6097/5191/376 5984/5189/374
f 6095/5236/421 6207/5237/422 6209/5193/378 6097/5191/376
f 6207/5237/422 6319/5238/423 6321/5195/380 6209/5193/378
f 6319/5238/423 6430/5239/424 6432/5197/382 6321/5195/380
f 6430/5239/424 6542/5240/425 6544/5199/384 6432/5197/382
f 6542/5240/425 6654/5241/426 6656/5201/386 6544/5199/384
f 6654/5241/426 6767/5242/427 6769/5203/388 6656/5201/386
f 6767/5242/427 6879/5243/428 6881/5205/390 6769/5203/388
f 6879/5243/428 6991/5244/429 6993/5207/392 6881/5205/390
f 6991/5244/429 7103/5245/430 7105/5209/394 6993/5207/392
f 7103/5245/430 7215/5246/431 7217/5211/396 7105/5209/394
f 7215/5246/431 7326/5247/432 7328/5213/398 7217/5211/396
f 3744/5152/337 3855/5151/336 3866/5248/433 3742/5249/434
f 3855/5151/336 3968/5154/339 3966/5250/435 3866/5248/433
f 3968/5154/339 4079/5156/341 4090/5251/436 3966/5250/435
f 4079/5156/341 4191/5158/343 4202/5252/437 4090/5251/436
f 4191/5158/343 4304/5160/345 4302/5253/438 4202/5252/437
f 4304/5160/345 4416/5162/636 4414/5254/439 4302/5253/438
f 4416/5162/636 4527/5164/349 4538/5255/440 4414/5254/439
f 4527/5164/349 4640/5166/351 4638/5256/441 4538/5255/440
f 4640/5166/351 4751/5168/353 4762/5257/442 4638/5256/441
f 4751/5168/353 4864/5170/576 4862/5258/443 4762/5257/442
f 4864/5170/576 4976/5172/357 4974/5259/444 4862/5258/443
f 4976/5172/357 5087/5174/359 5098/5260/445 4974/5259/444
f 5087/5174/359 5199/5176/361 5210/5261/446 5098/5260/445
f 5199/5176/361 5311/5178/363 5322/5262/447 5210/5261/446
f 5311/5178/363 5423/5180/365 5434/5263/448 5322/5262/447
f 5423/5180/365 5535/5182/367 5546/5264/449 5434/5263/448
f 5535/5182/367 5648/5184/369 5646/5265/450 5546/5264/449
f 5648/5184/369 5760/5186/371 5758/5266/451 5646/5265/450
f 5760/5186/371 5872/5188/373 5870/5267/452 5758/5266/451
f 5872/5188/373 5983/5190/375 5994/5268/453 5870/5267/452
f 5983/5190/375 6096/5192/377 6094/5269/454 5994/5268/453
f 6096/5192/377 6208/5194/635 6206/5270/455 6094/5269/454
f 6208/5194/635 6320/5196/381 6318/5271/456 6206/5270/455
f 6320/5196/381 6431/5198/383 6442/5272/457 6318/5271/456
f 6431/5198/383 6543/5200/385 6554/5273/458 6442/5272/457
f 6543/5200/385 6655/5202/593 6666/5274/459 6554/5273/458
f 6655/5202/593 6768/5204/389 6766/5275/460 6666/5274/459
f 6768/5204/389 6880/5206/391 6878/5276/461 6766/5275/460
f 6880/5206/391 6992/5208/393 6990/5277/462 6878/5276/461
f 6992/5208/393 7104/5210/395 7102/5278/463 6990/5277/462
f 7104/5210/395 7216/5212/397 7214/5279/464 7102/5278/463
f 7216/5212/397 7327/5214/399 7338/5280/465 7214/5279/464
f 3741/5281/434 3853/5282/433 3854/5216/401 3743/5215/400
f 3853/5282/433 3965/5283/435 3967/5217/402 3854/5216/401
f 3965/5283/435 4077/5284/436 4078/5218/403 3967/5217/402
f 4077/5284/436 4189/5285/437 4190/5219/404 4078/5218/403
f 4189/5285/437 4301/5286/438 4303/5220/405 4190/5219/404
f 4301/5286/438 4413/5287/439 4415/5221/406 4303/5220/405
f 4413/5287/439 4525/5288/440 4526/5222/407 4415/5221/406
f 4525/5288/440 4637/5289/441 4639/5223/408 4526/5222/407
f 4637/5289/441 4749/5290/442 4750/5224/409 4639/5223/408
f 4749/5290/442 4861/5291/443 4863/5225/410 4750/5224/409
f 4861/5291/443 4973/5292/444 4975/5226/411 4863/5225/410
f 4973/5292/444 5085/5293/445 5086/5227/412 4975/5226/411
f 5085/5293/445 5197/5294/446 5198/5228/413 5086/5227/412
f 5197/5294/446 5309/5295/447 5310/5229/414 5198/5228/413
f 5309/5295/447 5421/5296/448 5422/5230/415 5310/5229/414
f 5421/5296/448 5533/5297/449 5534/5231/416 5422/5230/415
f 5533/5297/449 5645/5298/450 5647/5232/417 5534/5231/416
f 5645/5298/450 5757/5299/451 5759/5233/418 5647/5232/417
f 5757/5299/451 5869/5300/452 5871/5234/419 5759/5233/418
f 5869/5300/452 5981/5301/453 5982/5235/420 5871/5234/419
f 5981/5301/453 6093/5302/454 6095/5236/421 5982/5235/420
f 6093/5302/454 6205/5303/455 6207/5237/422 6095/5236/421
f 6205/5303/455 6317/5304/456 6319/5238/423 6207/5237/422
f 6317/5304/456 6429/5305/457 6430/5239/424 6319/5238/423
f 6429/5305/457 6541/5306/458 6542/5240/425 6430/5239/424
f 6541/5306/458 6653/5307/459 6654/5241/426 6542/5240/425
f 6653/5307/459 6765/5308/460 6767/5242/427 6654/5241/426
f 6765/5308/460 6877/5309/461 6879/5243/428 6767/5242/427
f 6877/5309/461 6989/5310/462 6991/5244/429 6879/5243/428
f 6989/5310/462 7101/5311/463 7103/5245/430 6991/5244/429
f 7101/5311/463 7213/5312/464 7215/5246/431 7103/5245/430
f 7213/5312/464 7325/5313/465 7326/5247/432 7215/5246/431
f 3747/5314/466 3858/5315/467 3859/5316/468 3748/5317/469
f 3858/5315/467 3971/5318/470 3972/5319/471 3859/5316/468
f 3971/5318/470 4082/5320/472 4083/5321/473 3972/5319/471
f 4082/5320/472 4194/5322/474 4195/5323/475 4083/5321/473
f 4194/5322/474 4307/5324/476 4308/5325/477 4195/5323/475
f 4307/5324/476 4419/5326/637 4420/5327/479 4308/5325/477
f 4419/5326/637 4530/5328/480 4531/5329/481 4420/5327/479
f 4530/5328/480 4643/5330/482 4644/5331/483 4531/5329/481
f 4643/5330/482 4754/5332/484 4755/5333/485 4644/5331/483
f 4754/5332/484 4867/5334/486 4868/5335/487 4755/5333/485
f 4867/5334/486 4979/5336/488 4980/5337/489 4868/5335/487
f 4979/5336/488 5090/5338/490 5091/5339/491 4980/5337/489
f 5090/5338/490 5202/5340/492 5203/5341/493 5091/5339/491
f 5202/5340/492 5314/5342/494 5315/5343/495 5203/5341/493
f 5314/5342/494 5426/5344/496 5427/5345/497 5315/5343/495
f 5426/5344/496 5538/5346/498 5539/5347/499 5427/5345/497
f 5538/5346/498 5651/5348/500 5652/5349/501 5539/5347/499
f 5651/5348/500 5763/5350/502 5764/5351/503 5652/5349/501
f 5763/5350/502 5875/5352/504 5876/5353/505 5764/5351/503
f 5875/5352/504 5986/5354/506 5987/5355/507 5876/5353/505
f 5986/5354/506 6099/5356/508 6100/5357/509 5987/5355/507
f 6099/5356/508 6211/5358/510 6212/5359/511 6100/5357/509
f 6211/5358/510 6323/5360/512 6324/5361/513 6212/5359/511
f 6323/5360/512 6434/5362/514 6435/5363/515 6324/5361/513
f 6434/5362/514 6546/5364/516 6547/5365/517 6435/5363/515
f 6546/5364/516 6658/5366/634 6659/5367/519 6547/5365/517
f 6658/5366/634 6771/5368/520 6772/5369/521 6659/5367/519
f 6771/5368/520 6883/5370/522 6884/5371/523 6772/5369/521
f 6883/5370/522 6995/5372/524 6996/5373/525 6884/5371/523
f 6995/5372/524 7107/5374/526 7108/5375/527 6996/5373/525
f 7107/5374/526 7219/5376/528 7220/5377/529 7108/5375/527
f 7219/5376/528 7330/5378/530 7331/5379/531 7220/5377/529
f 3748/5317/469 3859/5316/468 3857/5380/532 3746/5381/533
f 3859/5316/468 3972/5319/471 3970/5382/534 3857/5380/532
f 3972/5319/471 4083/5321/473 4081/5383/535 3970/5382/534
f 4083/5321/473 4195/5323/475 4193/5384/536 4081/5383/535
f 4195/5323/475 4308/5325/477 4306/5385/537 4193/5384/536
f 4308/5325/477 4420/5327/479 4418/5386/538 4306/5385/537
f 4420/5327/479 4531/5329/481 4529/5387/539 4418/5386/538
f 4531/5329/481 4644/5331/483 4642/5388/540 4529/5387/539
f 4644/5331/483 4755/5333/485 4753/5389/541 4642/5388/540
f 4755/5333/485 4868/5335/487 4866/5390/542 4753/5389/541
f 4868/5335/487 4980/5337/489 4978/5391/543 4866/5390/542
f 4980/5337/489 5091/5339/491 5089/5392/544 4978/5391/543
f 5091/5339/491 5203/5341/493 5201/5393/545 5089/5392/544
f 5203/5341/493 5315/5343/495 5313/5394/546 5201/5393/545
f 5315/5343/495 5427/5345/497 5425/5395/547 5313/5394/546
f 5427/5345/497 5539/5347/499 5537/5396/548 5425/5395/547
f 5539/5347/499 5652/5349/501 5650/5397/549 5537/5396/548
f 5652/5349/501 5764/5351/503 5762/5398/550 5650/5397/549
f 5764/5351/503 5876/5353/505 5874/5399/551 5762/5398/550
f 5876/5353/505 5987/5355/507 5985/5400/552 5874/5399/551
f 5987/5355/507 6100/5357/509 6098/5401/553 5985/5400/552
f 6100/5357/509 6212/5359/511 6210/5402/554 6098/5401/553
f 6212/5359/511 6324/5361/513 6322/5403/555 6210/5402/554
f 6324/5361/513 6435/5363/515 6433/5404/556 6322/5403/555
f 6435/5363/515 6547/5365/517 6545/5405/557 6433/5404/556
f 6547/5365/517 6659/5367/519 6657/5406/558 6545/5405/557
f 6659/5367/519 6772/5369/521 6770/5407/559 6657/5406/558
f 6772/5369/521 6884/5371/523 6882/5408/560 6770/5407/559
f 6884/5371/523 6996/5373/525 6994/5409/561 6882/5408/560
f 6996/5373/525 7108/5375/527 7106/5410/562 6994/5409/561
f 7108/5375/527 7220/5377/529 7218/5411/563 7106/5410/562
f 7220/5377/529 7331/5379/531 7329/5412/564 7218/5411/563
f 3746/5381/533 3857/5380/532 3853/5282/433 3741/5281/434
f 3857/5380/532 3970/5382/534 3965/5283/435 3853/5282/433
f 3970/5382/534 4081/5383/535 4077/5284/436 3965/5283/435
f 4081/5383/535 4193/5384/536 4189/5285/437 4077/5284/436
f 4193/5384/536 4306/5385/537 4301/5286/438 4189/5285/437
f 4306/5385/537 4418/5386/538 4413/5287/439 4301/5286/438
f 4418/5386/538 4529/5387/539 4525/5288/440 4413/5287/439
f 4529/5387/539 4642/5388/540 4637/5289/441 4525/5288/440
f 4642/5388/540 4753/5389/541 4749/5290/442 4637/5289/441
f 4753/5389/541 4866/5390/542 4861/5291/443 4749/5290/442
f 4866/5390/542 4978/5391/543 4973/5292/444 4861/5291/443
f 4978/5391/543 5089/5392/544 5085/5293/445 4973/5292/444
f 5089/5392/544 5201/5393/545 5197/5294/446 5085/5293/445
f 5201/5393/545 5313/5394/546 5309/5295/447 5197/5294/446
f 5313/5394/546 5425/5395/547 5421/5296/448 5309/5295/447
f 5425/5395/547 5537/5396/548 5533/5297/449 5421/5296/448
f 5537/5396/548 5650/5397/549 5645/5298/450 5533/5297/449
f 5650/5397/549 5762/5398/550 5757/5299/451 5645/5298/450
f 5762/5398/550 5874/5399/551 5869/5300/452 5757/5299/451
f 5874/5399/551 5985/5400/552 5981/5301/453 5869/5300/452
f 5985/5400/552 6098/5401/553 6093/5302/454 5981/5301/453
f 6098/5401/553 6210/5402/554 6205/5303/455 6093/5302/454
f 6210/5402/554 6322/5403/555 6317/5304/456 6205/5303/455
f 6322/5403/555 6433/5404/556 6429/5305/457 6317/5304/456
f 6433/5404/556 6545/5405/557 6541/5306/458 6429/5305/457
f 6545/5405/557 6657/5406/558 6653/5307/459 6541/5306/458
f 6657/5406/558 6770/5407/559 6765/5308/460 6653/5307/459
f 6770/5407/559 6882/5408/560 6877/5309/461 6765/5308/460
f 6882/5408/560 6994/5409/561 6989/5310/462 6877/5309/461
f 6994/5409/561 7106/5410/562 7101/5311/463 6989/5310/462
f 7106/5410/562 7218/5411/563 7213/5312/464 7101/5311/463
f 7218/5411/563 7329/5412/564 7325/5313/465 7213/5312/464
f 3734/4985/434 3846/4984/433 3858/5315/467 3747/5314/466
f 3846/4984/433 3958/4986/435 3971/5318/470 3858/5315/467
f 3958/4986/435 4070/4987/436 4082/5320/472 3971/5318/470
f 4070/4987/436 4182/4988/437 4194/5322/474 4082/5320/472
f 4182/4988/437 4294/4989/438 4307/5324/476 4194/5322/474
f 4294/4989/438 4406/4990/439 4419/5326/637 4307/5324/476
f 4406/4990/439 4518/4991/440 4530/5328/480 4419/5326/637
f 4518/4991/440 4630/4992/441 4643/5330/482 4530/5328/480
f 4630/4992/441 4742/4993/442 4754/5332/484 4643/5330/482
f 4742/4993/442 4854/4994/443 4867/5334/486 4754/5332/484
f 4854/4994/443 4966/4995/444 4979/5336/488 4867/5334/486
f 4966/4995/444 5078/4996/445 5090/5338/490 4979/5336/488
f 5078/4996/445 5190/4997/446 5202/5340/492 5090/5338/490
f 5190/4997/446 5302/4998/447 5314/5342/494 5202/5340/492
f 5302/4998/447 5414/4999/448 5426/5344/496 5314/5342/494
f 5414/4999/448 5526/5000/449 5538/5346/498 5426/5344/496
f 5526/5000/449 5638/5001/450 5651/5348/500 5538/5346/498
f 5638/5001/450 5750/5002/451 5763/5350/502 5651/5348/500
f 5750/5002/451 5862/5003/452 5875/5352/504 5763/5350/502
f 5862/5003/452 5974/5004/453 5986/5354/506 5875/5352/504
f 5974/5004/453 6086/5005/454 6099/5356/508 5986/5354/506
f 6086/5005/454 6198/5006/455 6211/5358/510 6099/5356/508
f 6198/5006/455 6310/5007/456 6323/5360/512 6211/5358/510
f 6310/5007/456 6422/5008/457 6434/5362/514 6323/5360/512
f 6422/5008/457 6534/5009/458 6546/5364/516 6434/5362/514
f 6534/5009/458 6646/5010/459 6658/5366/634 6546/5364/516
f 6646/5010/459 6758/5011/460 6771/5368/520 6658/5366/634
f 6758/5011/460 6870/5012/461 6883/5370/522 6771/5368/520
f 6870/5012/461 6982/5013/462 6995/5372/524 6883/5370/522
f 6982/5013/462 7094/5014/463 7107/5374/526 6995/5372/524
f 7094/5014/463 7206/5015/464 7219/5376/528 7107/5374/526
f 7206/5015/464 7318/5016/465 7330/5378/530 7219/5376/528
f 3753/5413/334 3864/5414/335 3863/5415/336 3752/5416/337
f 3864/5414/335 3977/5417/338 3976/5418/339 3863/5415/336
f 3977/5417/338 4088/5419/340 4087/5420/341 3976/5418/339
f 4088/5419/340 4200/5421/342 4199/5422/343 4087/5420/341
f 4200/5421/342 4313/5423/344 4312/5424/345 4199/5422/343
f 4313/5423/344 4425/5425/346 4424/5426/347 4312/5424/345
f 4425/5425/346 4536/5427/348 4535/5428/349 4424/5426/347
f 4536/5427/348 4649/5429/350 4648/5430/351 4535/5428/349
f 4649/5429/350 4760/5431/352 4759/5432/353 4648/5430/351
f 4760/5431/352 4873/5433/354 4872/5434/355 4759/5432/353
f 4873/5433/354 4985/5435/356 4984/5436/357 4872/5434/355
f 4985/5435/356 5096/5437/358 5095/5438/359 4984/5436/357
f 5096/5437/358 5208/5439/360 5207/5440/361 5095/5438/359
f 5208/5439/360 5320/5441/362 5319/5442/363 5207/5440/361
f 5320/5441/362 5432/5443/364 5431/5444/365 5319/5442/363
f 5432/5443/364 5544/5445/366 5543/5446/367 5431/5444/365
f 5544/5445/366 5657/5447/368 5656/5448/369 5543/5446/367
f 5657/5447/368 5769/5449/370 5768/5450/371 5656/5448/369
f 5769/5449/370 5881/5451/372 5880/5452/373 5768/5450/371
f 5881/5451/372 5992/5453/374 5991/5454/375 5880/5452/373
f 5992/5453/374 6105/5455/376 6104/5456/377 5991/5454/375
f 6105/5455/376 6217/5457/378 6216/5458/379 6104/5456/377
f 6217/5457/378 6329/5459/380 6328/5460/381 6216/5458/379
f 6329/5459/380 6440/5461/382 6439/5462/383 6328/5460/381
f 6440/5461/382 6552/5463/384 6551/5464/385 6439/5462/383
f 6552/5463/384 6664/5465/386 6663/5466/593 6551/5464/385
f 6664/5465/386 6777/5467/388 6776/5468/389 6663/5466/593
f 6777/5467/388 6889/5469/390 6888/5470/391 6776/5468/389
f 6889/5469/390 7001/5471/392 7000/5472/393 6888/5470/391
f 7001/5471/392 7113/5473/394 7112/5474/395 7000/5472/393
f 7113/5473/394 7225/5475/396 7224/5476/397 7112/5474/395
f 7225/5475/396 7336/5477/398 7335/5478/399 7224/5476/397
f 3751/5479/400 3862/5480/401 3864/5414/335 3753/5413/334
f 3862/5480/401 3975/5481/402 3977/5417/338 3864/5414/335
f 3975/5481/402 4086/5482/403 4088/5419/340 3977/5417/338
f 4086/5482/403 4198/5483/404 4200/5421/342 4088/5419/340
f 4198/5483/404 4311/5484/405 4313/5423/344 4200/5421/342
f 4311/5484/405 4423/5485/406 4425/5425/346 4313/5423/344
f 4423/5485/406 4534/5486/407 4536/5427/348 4425/5425/346
f 4534/5486/407 4647/5487/408 4649/5429/350 4536/5427/348
f 4647/5487/408 4758/5488/409 4760/5431/352 4649/5429/350
f 4758/5488/409 4871/5489/410 4873/5433/354 4760/5431/352
f 4871/5489/410 4983/5490/411 4985/5435/356 4873/5433/354
f 4983/5490/411 5094/5491/412 5096/5437/358 4985/5435/356
f 5094/5491/412 5206/5492/413 5208/5439/360 5096/5437/358
f 5206/5492/413 5318/5493/414 5320/5441/362 5208/5439/360
f 5318/5493/414 5430/5494/415 5432/5443/364 5320/5441/362
f 5430/5494/415 5542/5495/416 5544/5445/366 5432/5443/364
f 5542/5495/416 5655/5496/417 5657/5447/368 5544/5445/366
f 5655/5496/417 5767/5497/418 5769/5449/370 5657/5447/368
f 5767/5497/418 5879/5498/419 5881/5451/372 5769/5449/370
f 5879/5498/419 5990/5499/420 5992/5453/374 5881/5451/372
f 5990/5499/420 6103/5500/421 6105/5455/376 5992/5453/374
f 6103/5500/421 6215/5501/422 6217/5457/378 6105/5455/376
f 6215/5501/422 6327/5502/423 6329/5459/380 6217/5457/378
f 6327/5502/423 6438/5503/424 6440/5461/382 6329/5459/380
f 6438/5503/424 6550/5504/425 6552/5463/384 6440/5461/382
f 6550/5504/425 6662/5505/426 6664/5465/386 6552/5463/384
f 6662/5505/426 6775/5506/427 6777/5467/388 6664/5465/386
f 6775/5506/427 6887/5507/428 6889/5469/390 6777/5467/388
f 6887/5507/428 6999/5508/429 7001/5471/392 6889/5469/390
f 6999/5508/429 7111/5509/430 7113/5473/394 7001/5471/392
f 7111/5509/430 7223/5510/431 7225/5475/396 7113/5473/394
f 7223/5510/431 7334/5511/432 7336/5477/398 7225/5475/396
f 3752/5416/337 3863/5415/336 3861/5512/433 3750/5513/434
f 3863/5415/336 3976/5418/339 3974/5514/435 3861/5512/433
f 3976/5418/339 4087/5420/341 4085/5515/436 3974/5514/435
f 4087/5420/341 4199/5422/343 4197/5516/437 4085/5515/436
f 4199/5422/343 4312/5424/345 4310/5517/438 4197/5516/437
f 4312/5424/345 4424/5426/347 4422/5518/439 4310/5517/438
f 4424/5426/347 4535/5428/349 4533/5519/440 4422/5518/439
f 4535/5428/349 4648/5430/351 4646/5520/441 4533/5519/440
f 4648/5430/351 4759/5432/353 4757/5521/442 4646/5520/441
f 4759/5432/353 4872/5434/355 4870/5522/443 4757/5521/442
f 4872/5434/355 4984/5436/357 4982/5523/444 4870/5522/443
f 4984/5436/357 5095/5438/359 5093/5524/445 4982/5523/444
f 5095/5438/359 5207/5440/361 5205/5525/446 5093/5524/445
f 5207/5440/361 5319/5442/363 5317/5526/447 5205/5525/446
f 5319/5442/363 5431/5444/365 5429/5527/448 5317/5526/447
f 5431/5444/365 5543/5446/367 5541/5528/449 5429/5527/448
f 5543/5446/367 5656/5448/369 5654/5529/450 5541/5528/449
f 5656/5448/369 5768/5450/371 5766/5530/451 5654/5529/450
f 5768/5450/371 5880/5452/373 5878/5531/452 5766/5530/451
f 5880/5452/373 5991/5454/375 5989/5532/453 5878/5531/452
f 5991/5454/375 6104/5456/377 6102/5533/454 5989/5532/453
f 6104/5456/377 6216/5458/379 6214/5534/455 6102/5533/454
f 6216/5458/379 6328/5460/381 6326/5535/456 6214/5534/455
f 6328/5460/381 6439/5462/383 6437/5536/457 6326/5535/456
f 6439/5462/383 6551/5464/385 6549/5537/458 6437/5536/457
f 6551/5464/385 6663/5466/593 6661/5538/459 6549/5537/458
f 6663/5466/593 6776/5468/389 6774/5539/460 6661/5538/459
f 6776/5468/389 6888/5470/391 6886/5540/461 6774/5539/460
f 6888/5470/391 7000/5472/393 6998/5541/462 6886/5540/461
f 7000/5472/393 7112/5474/395 7110/5542/463 6998/5541/462
f 7112/5474/395 7224/5476/397 7222/5543/464 7110/5542/463
f 7224/5476/397 7335/5478/399 7333/5544/465 7222/5543/464
f 3749/5545/434 3860/5546/433 3862/5480/401 3751/5479/400
f 3860/5546/433 3973/5547/435 3975/5481/402 3862/5480/401
f 3973/5547/435 4084/5548/436 4086/5482/403 3975/5481/402
f 4084/5548/436 4196/5549/437 4198/5483/404 4086/5482/403
f 4196/5549/437 4309/5550/438 4311/5484/405 4198/5483/404
f 4309/5550/438 4421/5551/439 4423/5485/406 4311/5484/405
f 4421/5551/439 4532/5552/440 4534/5486/407 4423/5485/406
f 4532/5552/440 4645/5553/441 4647/5487/408 4534/5486/407
f 4645/5553/441 4756/5554/442 4758/5488/409 4647/5487/408
f 4756/5554/442 4869/5555/443 4871/5489/410 4758/5488/409
f 4869/5555/443 4981/5556/444 4983/5490/411 4871/5489/410
f 4981/5556/444 5092/5557/445 5094/5491/412 4983/5490/411
f 5092/5557/445 5204/5558/446 5206/5492/413 5094/5491/412
f 5204/5558/446 5316/5559/447 5318/5493/414 5206/5492/413
f 5316/5559/447 5428/5560/448 5430/5494/415 5318/5493/414
f 5428/5560/448 5540/5561/449 5542/5495/416 5430/5494/415
f 5540/5561/449 5653/5562/450 5655/5496/417 5542/5495/416
f 5653/5562/450 5765/5563/451 5767/5497/418 5655/5496/417
f 5765/5563/451 5877/5564/452 5879/5498/419 5767/5497/418
f 5877/5564/452 5988/5565/453 5990/5499/420 5879/5498/419
f 5988/5565/453 6101/5566/454 6103/5500/421 5990/5499/420
f 6101/5566/454 6213/5567/455 6215/5501/422 6103/5500/421
f 6213/5567/455 6325/5568/456 6327/5502/423 6215/5501/422
f 6325/5568/456 6436/5569/457 6438/5503/424 6327/5502/423
f 6436/5569/457 6548/5570/458 6550/5504/425 6438/5503/424
f 6548/5570/458 6660/5571/459 6662/5505/426 6550/5504/425
f 6660/5571/459 6773/5572/460 6775/5506/427 6662/5505/426
f 6773/5572/460 6885/5573/461 6887/5507/428 6775/5506/427
f 6885/5573/461 6997/5574/462 6999/5508/429 6887/5507/428
f 6997/5574/462 7109/5575/463 7111/5509/430 6999/5508/429
f 7109/5575/463 7221/5576/464 7223/5510/431 7111/5509/430
f 7221/5576/464 7332/5577/465 7334/5511/432 7223/5510/431
f 3755/5578/466 3867/5579/467 3868/5580/468 3756/5581/469
f 3867/5579/467 3979/5582/470 3980/5583/471 3868/5580/468
f 3979/5582/470 4091/5584/472 4092/5585/473 3980/5583/471
f 4091/5584/472 4203/5586/474 4204/5587/475 4092/5585/473
f 4203/5586/474 4315/5588/476 4316/5589/477 4204/5587/475
f 4315/5588/476 4427/5590/478 4428/5591/479 4316/5589/477
f 4427/5590/478 4539/5592/480 4540/5593/481 4428/5591/479
f 4539/5592/480 4651/5594/482 4652/5595/483 4540/5593/481
f 4651/5594/482 4763/5596/484 4764/5597/485 4652/5595/483
f 4763/5596/484 4875/5598/638 4876/5599/487 4764/5597/485
f 4875/5598/638 4987/5600/488 4988/5601/489 4876/5599/487
f 4987/5600/488 5099/5602/490 5100/5603/491 4988/5601/489
f 5099/5602/490 5211/5604/492 5212/5605/493 5100/5603/491
f 5211/5604/492 5323/5606/494 5324/5607/495 5212/5605/493
f 5323/5606/494 5435/5608/496 5436/5609/497 5324/5607/495
f 5435/5608/496 5547/5610/498 5548/5611/499 5436/5609/497
f 5547/5610/498 5659/5612/500 5660/5613/501 5548/5611/499
f 5659/5612/500 5771/5614/502 5772/5615/503 5660/5613/501
f 5771/5614/502 5883/5616/504 5884/5617/505 5772/5615/503
f 5883/5616/504 5995/5618/506 5996/5619/507 5884/5617/505
f 5995/5618/506 6107/5620/508 6108/5621/509 5996/5619/507
f 6107/5620/508 6219/5622/510 6220/5623/511 6108/5621/509
f 6219/5622/510 6331/5624/512 6332/5625/513 6220/5623/511
f 6331/5624/512 6443/5626/514 6444/5627/515 6332/5625/513
f 6443/5626/514 6555/5628/516 6556/5629/517 6444/5627/515
f 6555/5628/516 6667/5630/634 6668/5631/519 6556/5629/517
f 6667/5630/634 6779/5632/520 6780/5633/521 6668/5631/519
f 6779/5632/520 6891/5634/522 6892/5635/523 6780/5633/521
f 6891/5634/522 7003/5636/524 7004/5637/525 6892/5635/523
f 7003/5636/524 7115/5638/526 7116/5639/527 7004/5637/525
f 7115/5638/526 7227/5640/528 7228/5641/529 7116/5639/527
f 7227/5640/528 7339/5642/530 7340/5643/531 7228/5641/529
f 3742/5249/434 3866/5248/433 3867/5579/467 3755/5578/466
f 3866/5248/433 3966/5250/435 3979/5582/470 3867/5579/467
f 3966/5250/435 4090/5251/436 4091/5584/472 3979/5582/470
f 4090/5251/436 4202/5252/437 4203/5586/474 4091/5584/472
f 4202/5252/437 4302/5253/438 4315/5588/476 4203/5586/474
f 4302/5253/438 4414/5254/439 4427/5590/478 4315/5588/476
f 4414/5254/439 4538/5255/440 4539/5592/480 4427/5590/478
f 4538/5255/440 4638/5256/441 4651/5594/482 4539/5592/480
f 4638/5256/441 4762/5257/442 4763/5596/484 4651/5594/482
f 4762/5257/442 4862/5258/443 4875/5598/638 4763/5596/484
f 4862/5258/443 4974/5259/444 4987/5600/488 4875/5598/638
f 4974/5259/444 5098/5260/445 5099/5602/490 4987/5600/488
f 5098/5260/445 5210/5261/446 5211/5604/492 5099/5602/490
f 5210/5261/446 5322/5262/447 5323/5606/494 5211/5604/492
f 5322/5262/447 5434/5263/448 5435/5608/496 5323/5606/494
f 5434/5263/448 5546/5264/449 5547/5610/498 5435/5608/496
f 5546/5264/449 5646/5265/450 5659/5612/500 5547/5610/498
f 5646/5265/450 5758/5266/451 5771/5614/502 5659/5612/500
f 5758/5266/451 5870/5267/452 5883/5616/504 5771/5614/502
f 5870/5267/452 5994/5268/453 5995/5618/506 5883/5616/504
f 5994/5268/453 6094/5269/454 6107/5620/508 5995/5618/506
f 6094/5269/454 6206/5270/455 6219/5622/510 6107/5620/508
f 6206/5270/455 6318/5271/456 6331/5624/512 6219/5622/510
f 6318/5271/456 6442/5272/457 6443/5626/514 6331/5624/512
f 6442/5272/457 6554/5273/458 6555/5628/516 6443/5626/514
f 6554/5273/458 6666/5274/459 6667/5630/634 6555/5628/516
f 6666/5274/459 6766/5275/460 6779/5632/520 6667/5630/634
f 6766/5275/460 6878/5276/461 6891/5634/522 6779/5632/520
f 6878/5276/461 6990/5277/462 7003/5636/524 6891/5634/522
f 6990/5277/462 7102/5278/463 7115/5638/526 7003/5636/524
f 7102/5278/463 7214/5279/464 7227/5640/528 7115/5638/526
f 7214/5279/464 7338/5280/465 7339/5642/530 7227/5640/528
f 3756/5581/469 3868/5580/468 3865/5644/532 3754/5645/533
f 3868/5580/468 3980/5583/471 3978/5646/534 3865/5644/532
f 3980/5583/471 4092/5585/473 4089/5647/535 3978/5646/534
f 4092/5585/473 4204/5587/475 4201/5648/536 4089/5647/535
f 4204/5587/475 4316/5589/477 4314/5649/537 4201/5648/536
f 4316/5589/477 4428/5591/479 4426/5650/538 4314/5649/537
f 4428/5591/479 4540/5593/481 4537/5651/539 4426/5650/538
f 4540/5593/481 4652/5595/483 4650/5652/540 4537/5651/539
f 4652/5595/483 4764/5597/485 4761/5653/541 4650/5652/540
f 4764/5597/485 4876/5599/487 4874/5654/542 4761/5653/541
f 4876/5599/487 4988/5601/489 4986/5655/543 4874/5654/542
f 4988/5601/489 5100/5603/491 5097/5656/544 4986/5655/543
f 5100/5603/491 5212/5605/493 5209/5657/545 5097/5656/544
f 5212/5605/493 5324/5607/495 5321/5658/546 5209/5657/545
f 5324/5607/495 5436/5609/497 5433/5659/547 5321/5658/546
f 5436/5609/497 5548/5611/499 5545/5660/548 5433/5659/547
f 5548/5611/499 5660/5613/501 5658/5661/549 5545/5660/548
f 5660/5613/501 5772/5615/503 5770/5662/550 5658/5661/549
f 5772/5615/503 5884/5617/505 5882/5663/551 5770/5662/550
f 5884/5617/505 5996/5619/507 5993/5664/552 5882/5663/551
f 5996/5619/507 6108/5621/509 6106/5665/553 5993/5664/552
f 6108/5621/509 6220/5623/511 6218/5666/554 6106/5665/553
f 6220/5623/511 6332/5625/513 6330/5667/555 6218/5666/554
f 6332/5625/513 6444/5627/515 6441/5668/556 6330/5667/555
f 6444/5627/515 6556/5629/517 6553/5669/557 6441/5668/556
f 6556/5629/517 6668/5631/519 6665/5670/558 6553/5669/557
f 6668/5631/519 6780/5633/521 6778/5671/559 6665/5670/558
f 6780/5633/521 6892/5635/523 6890/5672/560 6778/5671/559
f 6892/5635/523 7004/5637/525 7002/5673/561 6890/5672/560
f 7004/5637/525 7116/5639/527 7114/5674/562 7002/5673/561
f 7116/5639/527 7228/5641/529 7226/5675/563 7114/5674/562
f 7228/5641/529 7340/5643/531 7337/5676/564 7226/5675/563
f 3754/5645/533 3865/5644/532 3860/5546/433 3749/5545/434
f 3865/5644/532 3978/5646/534 3973/5547/435 3860/5546/433
f 3978/5646/534 4089/5647/535 4084/5548/436 3973/5547/435
f 4089/5647/535 4201/5648/536 4196/5549/437 4084/5548/436
f 4201/5648/536 4314/5649/537 4309/5550/438 4196/5549/437
f 4314/5649/537 4426/5650/538 4421/5551/439 4309/5550/438
f 4426/5650/538 4537/5651/539 4532/5552/440 4421/5551/439
f 4537/5651/539 4650/5652/540 4645/5553/441 4532/5552/440
f 4650/5652/540 4761/5653/541 4756/5554/442 4645/5553/441
f 4761/5653/541 4874/5654/542 4869/5555/443 4756/5554/442
f 4874/5654/542 4986/5655/543 4981/5556/444 4869/5555/443
f 4986/5655/543 5097/5656/544 5092/5557/445 4981/5556/444
f 5097/5656/544 5209/5657/545 5204/5558/446 5092/5557/445
f 5209/5657/545 5321/5658/546 5316/5559/447 5204/5558/446
f 5321/5658/546 5433/5659/547 5428/5560/448 5316/5559/447
f 5433/5659/547 5545/5660/548 5540/5561/449 5428/5560/448
f 5545/5660/548 5658/5661/549 5653/5562/450 5540/5561/449
f 5658/5661/549 5770/5662/550 5765/5563/451 5653/5562/450
f 5770/5662/550 5882/5663/551 5877/5564/452 5765/5563/451
f 5882/5663/551 5993/5664/552 5988/5565/453 5877/5564/452
f 5993/5664/552 6106/5665/553 6101/5566/454 5988/5565/453
f 6106/5665/553 6218/5666/554 6213/5567/455 6101/5566/454
f 6218/5666/554 6330/5667/555 6325/5568/456 6213/5567/455
f 6330/5667/555 6441/5668/556 6436/5569/457 6325/5568/456
f 6441/5668/556 6553/5669/557 6548/5570/458 6436/5569/457
f 6553/5669/557 6665/5670/558 6660/5571/459 6548/5570/458
f 6665/5670/558 6778/5671/559 6773/5572/460 6660/5571/459
f 6778/5671/559 6890/5672/560 6885/5573/461 6773/5572/460
f 6890/5672/560 7002/5673/561 6997/5574/462 6885/5573/461
f 7002/5673/561 7114/5674/562 7109/5575/463 6997/5574/462
f 7114/5674/562 7226/5675/563 7221/5576/464 7109/5575/463
f 7226/5675/563 7337/5676/564 7332/5577/465 7221/5576/464
f 3761/5677/334 3873/5678/335 3872/5679/336 3760/5680/337
f 3873/5678/335 3985/5681/338 3984/5682/339 3872/5679/336
f 3985/5681/338 4097/5683/340 4096/5684/341 3984/5682/339
f 4097/5683/340 4209/5685/342 4208/5686/343 4096/5684/341
f 4209/5685/342 4321/5687/344 4320/5688/345 4208/5686/343
f 4321/5687/344 4433/5689/346 4432/5690/636 4320/5688/345
f 4433/5689/346 4545/5691/348 4544/5692/349 4432/5690/636
f 4545/5691/348 4657/5693/350 4656/5694/351 4544/5692/349
f 4657/5693/350 4769/5695/352 4768/5696/353 4656/5694/351
f 4769/5695/352 4881/5697/354 4880/5698/576 4768/5696/353
f 4881/5697/354 4993/5699/356 4992/5700/357 4880/5698/576
f 4993/5699/356 5105/5701/358 5104/5702/359 4992/5700/357
f 5105/5701/358 5217/5703/360 5216/5704/361 5104/5702/359
f 5217/5703/360 5329/5705/362 5328/5706/363 5216/5704/361
f 5329/5705/362 5441/5707/364 5440/5708/365 5328/5706/363
f 5441/5707/364 5553/5709/366 5552/5710/367 5440/5708/365
f 5553/5709/366 5665/5711/368 5664/5712/369 5552/5710/367
f 5665/5711/368 5777/5713/370 5776/5714/371 5664/5712/369
f 5777/5713/370 5889/5715/372 5888/5716/373 5776/5714/371
f 5889/5715/372 6001/5717/374 6000/5718/375 5888/5716/373
f 6001/5717/374 6113/5719/376 6112/5720/377 6000/5718/375
f 6113/5719/376 6225/5721/378 6224/5722/379 6112/5720/377
f 6225/5721/378 6337/5723/380 6336/5724/381 6224/5722/379
f 6337/5723/380 6449/5725/382 6448/5726/383 6336/5724/381
f 6449/5725/382 6561/5727/384 6560/5728/385 6448/5726/383
f 6561/5727/384 6673/5729/386 6672/5730/593 6560/5728/385
f 6673/5729/386 6785/5731/388 6784/5732/389 6672/5730/593
f 6785/5731/388 6897/5733/390 6896/5734/391 6784/5732/389
f 6897/5733/390 7009/5735/392 7008/5736/393 6896/5734/391
f 7009/5735/392 7121/5737/394 7120/5738/395 7008/5736/393
f 7121/5737/394 7233/5739/396 7232/5740/397 7120/5738/395
f 7233/5739/396 7345/5741/398 7344/5742/399 7232/5740/397
f 3759/5743/400 3871/5744/401 3873/5678/335 3761/5677/334
f 3871/5744/401 3983/5745/402 3985/5681/338 3873/5678/335
f 3983/5745/402 4095/5746/403 4097/5683/340 3985/5681/338
f 4095/5746/403 4207/5747/404 4209/5685/342 4097/5683/340
f 4207/5747/404 4319/5748/405 4321/5687/344 4209/5685/342
f 4319/5748/405 4431/5749/406 4433/5689/346 4321/5687/344
f 4431/5749/406 4543/5750/407 4545/5691/348 4433/5689/346
f 4543/5750/407 4655/5751/408 4657/5693/350 4545/5691/348
f 4655/5751/408 4767/5752/409 4769/5695/352 4657/5693/350
f 4767/5752/409 4879/5753/410 4881/5697/354 4769/5695/352
f 4879/5753/410 4991/5754/411 4993/5699/356 4881/5697/354
f 4991/5754/411 5103/5755/412 5105/5701/358 4993/5699/356
f 5103/5755/412 5215/5756/413 5217/5703/360 5105/5701/358
f 5215/5756/413 5327/5757/414 5329/5705/362 5217/5703/360
f 5327/5757/414 5439/5758/415 5441/5707/364 5329/5705/362
f 5439/5758/415 5551/5759/416 5553/5709/366 5441/5707/364
f 5551/5759/416 5663/5760/417 5665/5711/368 5553/5709/366
f 5663/5760/417 5775/5761/418 5777/5713/370 5665/5711/368
f 5775/5761/418 5887/5762/419 5889/5715/372 5777/5713/370
f 5887/5762/419 5999/5763/420 6001/5717/374 5889/5715/372
f 5999/5763/420 6111/5764/421 6113/5719/376 6001/5717/374
f 6111/5764/421 6223/5765/422 6225/5721/378 6113/5719/376
f 6223/5765/422 6335/5766/423 6337/5723/380 6225/5721/378
f 6335/5766/423 6447/5767/424 6449/5725/382 6337/5723/380
f 6447/5767/424 6559/5768/425 6561/5727/384 6449/5725/382
f 6559/5768/425 6671/5769/426 6673/5729/386 6561/5727/384
f 6671/5769/426 6783/5770/427 6785/5731/388 6673/5729/386
f 6783/5770/427 6895/5771/428 6897/5733/390 6785/5731/388
f 6895/5771/428 7007/5772/429 7009/5735/392 6897/5733/390
f 7007/5772/429 7119/5773/430 7121/5737/394 7009/5735/392
f 7119/5773/430 7231/5774/431 7233/5739/396 7121/5737/394
f 7231/5774/431 7343/5775/432 7345/5741/398 7233/5739/396
f 3760/5680/337 3872/5679/336 3870/5776/433 3758/5777/434
f 3872/5679/336 3984/5682/339 3982/5778/435 3870/5776/433
f 3984/5682/339 4096/5684/341 4094/5779/436 3982/5778/435
f 4096/5684/341 4208/5686/343 4206/5780/437 4094/5779/436
f 4208/5686/343 4320/5688/345 4318/5781/438 4206/5780/437
f 4320/5688/345 4432/5690/636 4430/5782/439 4318/5781/438
f 4432/5690/636 4544/5692/349 4542/5783/440 4430/5782/439
f 4544/5692/349 4656/5694/351 4654/5784/441 4542/5783/440
f 4656/5694/351 4768/5696/353 4766/5785/442 4654/5784/441
f 4768/5696/353 4880/5698/576 4878/5786/443 4766/5785/442
f 4880/5698/576 4992/5700/357 4990/5787/444 4878/5786/443
f 4992/5700/357 5104/5702/359 5102/5788/445 4990/5787/444
f 5104/5702/359 5216/5704/361 5214/5789/446 5102/5788/445
f 5216/5704/361 5328/5706/363 5326/5790/447 5214/5789/446
f 5328/5706/363 5440/5708/365 5438/5791/448 5326/5790/447
f 5440/5708/365 5552/5710/367 5550/5792/449 5438/5791/448
f 5552/5710/367 5664/5712/369 5662/5793/450 5550/5792/449
f 5664/5712/369 5776/5714/371 5774/5794/451 5662/5793/450
f 5776/5714/371 5888/5716/373 5886/5795/452 5774/5794/451
f 5888/5716/373 6000/5718/375 5998/5796/453 5886/5795/452
f 6000/5718/375 6112/5720/377 6110/5797/454 5998/5796/453
f 6112/5720/377 6224/5722/379 6222/5798/455 6110/5797/454
f 6224/5722/379 6336/5724/381 6334/5799/456 6222/5798/455
f 6336/5724/381 6448/5726/383 6446/5800/457 6334/5799/456
f 6448/5726/383 6560/5728/385 6558/5801/458 6446/5800/457
f 6560/5728/385 6672/5730/593 6670/5802/459 6558/5801/458
f 6672/5730/593 6784/5732/389 6782/5803/460 6670/5802/459
f 6784/5732/389 6896/5734/391 6894/5804/461 6782/5803/460
f 6896/5734/391 7008/5736/393 7006/5805/462 6894/5804/461
f 7008/5736/393 7120/5738/395 7118/5806/463 7006/5805/462
f 7120/5738/395 7232/5740/397 7230/5807/464 7118/5806/463
f 7232/5740/397 7344/5742/399 7342/5808/465 7230/5807/464
f 3757/5809/434 3869/5810/433 3871/5744/401 3759/5743/400
f 3869/5810/433 3981/5811/435 3983/5745/402 3871/5744/401
f 3981/5811/435 4093/5812/436 4095/5746/403 3983/5745/402
f 4093/5812/436 4205/5813/437 4207/5747/404 4095/5746/403
f 4205/5813/437 4317/5814/438 4319/5748/405 4207/5747/404
f 4317/5814/438 4429/5815/439 4431/5749/406 4319/5748/405
f 4429/5815/439 4541/5816/440 4543/5750/407 4431/5749/406
f 4541/5816/440 4653/5817/441 4655/5751/408 4543/5750/407
f 4653/5817/441 4765/5818/442 4767/5752/409 4655/5751/408
f 4765/5818/442 4877/5819/443 4879/5753/410 4767/5752/409
f 4877/5819/443 4989/5820/444 4991/5754/411 4879/5753/410
f 4989/5820/444 5101/5821/445 5103/5755/412 4991/5754/411
f 5101/5821/445 5213/5822/446 5215/5756/413 5103/5755/412
f 5213/5822/446 5325/5823/447 5327/5757/414 5215/5756/413
f 5325/5823/447 5437/5824/448 5439/5758/415 5327/5757/414
f 5437/5824/448 5549/5825/449 5551/5759/416 5439/5758/415
f 5549/5825/449 5661/5826/450 5663/5760/417 5551/5759/416
f 5661/5826/450 5773/5827/451 5775/5761/418 5663/5760/417
f 5773/5827/451 5885/5828/452 5887/5762/419 5775/5761/418
f 5885/5828/452 5997/5829/453 5999/5763/420 5887/5762/419
f 5997/5829/453 6109/5830/454 6111/5764/421 5999/5763/420
f 6109/5830/454 6221/5831/455 6223/5765/422 6111/5764/421
f 6221/5831/455 6333/5832/456 6335/5766/423 6223/5765/422
f 6333/5832/456 6445/5833/457 6447/5767/424 6335/5766/423
f 6445/5833/457 6557/5834/458 6559/5768/425 6447/5767/424
f 6557/5834/458 6669/5835/459 6671/5769/426 6559/5768/425
f 6669/5835/459 6781/5836/460 6783/5770/427 6671/5769/426
f 6781/5836/460 6893/5837/461 6895/5771/428 6783/5770/427
f 6893/5837/461 7005/5838/462 7007/5772/429 6895/5771/428
f 7005/5838/462 7117/5839/463 7119/5773/430 7007/5772/429
f 7117/5839/463 7229/5840/464 7231/5774/431 7119/5773/430
f 7229/5840/464 7341/5841/465 7343/5775/432 7231/5774/431
f 3763/5842/466 3875/5843/467 3876/5844/468 3764/5845/469
f 3875/5843/467 3987/5846/470 3988/5847/471 3876/5844/468
f 3987/5846/470 4099/5848/472 4100/5849/473 3988/5847/471
f 4099/5848/472 4211/5850/474 4212/5851/475 4100/5849/473
f 4211/5850/474 4323/5852/476 4324/5853/477 4212/5851/475
f 4323/5852/476 4435/5854/478 4436/5855/479 4324/5853/477
f 4435/5854/478 4547/5856/480 4548/5857/481 4436/5855/479
f 4547/5856/480 4659/5858/482 4660/5859/483 4548/5857/481
f 4659/5858/482 4771/5860/484 4772/5861/485 4660/5859/483
f 4771/5860/484 4883/5862/486 4884/5863/487 4772/5861/485
f 4883/5862/486 4995/5864/488 4996/5865/489 4884/5863/487
f 4995/5864/488 5107/5866/490 5108/5867/491 4996/5865/489
f 5107/5866/490 5219/5868/492 5220/5869/493 5108/5867/491
f 5219/5868/492 5331/5870/494 5332/5871/495 5220/5869/493
f 5331/5870/494 5443/5872/496 5444/5873/497 5332/5871/495
f 5443/5872/496 5555/5874/498 5556/5875/499 5444/5873/497
f 5555/5874/498 5667/5876/500 5668/5877/501 5556/5875/499
f 5667/5876/500 5779/5878/502 5780/5879/503 5668/5877/501
f 5779/5878/502 5891/5880/504 5892/5881/505 5780/5879/503
f 5891/5880/504 6003/5882/506 6004/5883/507 5892/5881/505
f 6003/5882/506 6115/5884/508 6116/5885/509 6004/5883/507
f 6115/5884/508 6227/5886/633 6228/5887/511 6116/5885/509
f 6227/5886/633 6339/5888/512 6340/5889/513 6228/5887/511
f 6339/5888/512 6451/5890/514 6452/5891/515 6340/5889/513
f 6451/5890/514 6563/5892/516 6564/5893/517 6452/5891/515
f 6563/5892/516 6675/5894/634 6676/5895/519 6564/5893/517
f 6675/5894/634 6787/5896/520 6788/5897/521 6676/5895/519
f 6787/5896/520 6899/5898/522 6900/5899/523 6788/5897/521
f 6899/5898/522 7011/5900/524 7012/5901/525 6900/5899/523
f 7011/5900/524 7123/5902/526 7124/5903/527 7012/5901/525
f 7123/5902/526 7235/5904/528 7236/5905/529 7124/5903/527
f 7235/5904/528 7347/5906/530 7348/5907/531 7236/5905/529
f 3764/5845/469 3876/5844/468 3874/5908/532 3762/5909/533
f 3876/5844/468 3988/5847/471 3986/5910/534 3874/5908/532
f 3988/5847/471 4100/5849/473 4098/5911/535 3986/5910/534
f 4100/5849/473 4212/5851/475 4210/5912/536 4098/5911/535
f 4212/5851/475 4324/5853/477 4322/5913/537 4210/5912/536
f 4324/5853/477 4436/5855/479 4434/5914/538 4322/5913/537
f 4436/5855/479 4548/5857/481 4546/5915/539 4434/5914/538
f 4548/5857/481 4660/5859/483 4658/5916/540 4546/5915/539
f 4660/5859/483 4772/5861/485 4770/5917/541 4658/5916/540
f 4772/5861/485 4884/5863/487 4882/5918/542 4770/5917/541
f 4884/5863/487 4996/5865/489 4994/5919/543 4882/5918/542
f 4996/5865/489 5108/5867/491 5106/5920/544 4994/5919/543
f 5108/5867/491 5220/5869/493 5218/5921/545 5106/5920/544
f 5220/5869/493 5332/5871/495 5330/5922/546 5218/5921/545
f 5332/5871/495 5444/5873/497 5442/5923/547 5330/5922/546
f 5444/5873/497 5556/5875/499 5554/5924/548 5442/5923/547
f 5556/5875/499 5668/5877/501 5666/5925/549 5554/5924/548
f 5668/5877/501 5780/5879/503 5778/5926/550 5666/5925/549
f 5780/5879/503 5892/5881/505 5890/5927/551 5778/5926/550
f 5892/5881/505 6004/5883/507 6002/5928/552 5890/5927/551
f 6004/5883/507 6116/5885/509 6114/5929/553 6002/5928/552
f 6116/5885/509 6228/5887/511 6226/5930/554 6114/5929/553
f 6228/5887/511 6340/5889/513 6338/5931/555 6226/5930/554
f 6340/5889/513 6452/5891/515 6450/5932/556 6338/5931/555
f 6452/5891/515 6564/5893/517 6562/5933/557 6450/5932/556
f 6564/5893/517 6676/5895/519 6674/5934/558 6562/5933/557
f 6676/5895/519 6788/5897/521 6786/5935/559 6674/5934/558
f 6788/5897/521 6900/5899/523 6898/5936/560 6786/5935/559
f 6900/5899/523 7012/5901/525 7010/5937/561 6898/5936/560
f 7012/5901/525 7124/5903/527 7122/5938/562 7010/5937/561
f 7124/5903/527 7236/5905/529 7234/5939/563 7122/5938/562
f 7236/5905/529 7348/5907/531 7346/5940/564 7234/5939/563
f 3762/5909/533 3874/5908/532 3869/5810/433 3757/5809/434
f 3874/5908/532 3986/5910/534 3981/5811/435 3869/5810/433
f 3986/5910/534 4098/5911/535 4093/5812/436 3981/5811/435
f 4098/5911/535 4210/5912/536 4205/5813/437 4093/5812/436
f 4210/5912/536 4322/5913/537 4317/5814/438 4205/5813/437
f 4322/5913/537 4434/5914/538 4429/5815/439 4317/5814/438
f 4434/5914/538 4546/5915/539 4541/5816/440 4429/5815/439
f 4546/5915/539 4658/5916/540 4653/5817/441 4541/5816/440
f 4658/5916/540 4770/5917/541 4765/5818/442 4653/5817/441
f 4770/5917/541 4882/5918/542 4877/5819/443 4765/5818/442
f 4882/5918/542 4994/5919/543 4989/5820/444 4877/5819/443
f 4994/5919/543 5106/5920/544 5101/5821/445 4989/5820/444
f 5106/5920/544 5218/5921/545 5213/5822/446 5101/5821/445
f 5218/5921/545 5330/5922/546 5325/5823/447 5213/5822/446
f 5330/5922/546 5442/5923/547 5437/5824/448 5325/5823/447
f 5442/5923/547 5554/5924/548 5549/5825/449 5437/5824/448
f 5554/5924/548 5666/5925/549 5661/5826/450 5549/5825/449
f 5666/5925/549 5778/5926/550 5773/5827/451 5661/5826/450
f 5778/5926/550 5890/5927/551 5885/5828/452 5773/5827/451
f 5890/5927/551 6002/5928/552 5997/5829/453 5885/5828/452
f 6002/5928/552 6114/5929/553 6109/5830/454 5997/5829/453
f 6114/5929/553 6226/5930/554 6221/5831/455 6109/5830/454
f 6226/5930/554 6338/5931/555 6333/5832/456 6221/5831/455
f 6338/5931/555 6450/5932/556 6445/5833/457 6333/5832/456
f 6450/5932/556 6562/5933/557 6557/5834/458 6445/5833/457
f 6562/5933/557 6674/5934/558 6669/5835/459 6557/5834/458
f 6674/5934/558 6786/5935/559 6781/5836/460 6669/5835/459
f 6786/5935/559 6898/5936/560 6893/5837/461 6781/5836/460
f 6898/5936/560 7010/5937/561 7005/5838/462 6893/5837/461
f 7010/5937/561 7122/5938/562 7117/5839/463 7005/5838/462
f 7122/5938/562 7234/5939/563 7229/5840/464 7117/5839/463
f 7234/5939/563 7346/5940/564 7341/5841/465 7229/5840/464
f 3750/5513/434 3861/5512/433 3875/5843/467 3763/5842/466
f 3861/5512/433 3974/5514/435 3987/5846/470 3875/5843/467
f 3974/5514/435 4085/5515/436 4099/5848/472 3987/5846/470
f 4085/5515/436 4197/5516/437 4211/5850/474 4099/5848/472
f 4197/5516/437 4310/5517/438 4323/5852/476 4211/5850/474
f 4310/5517/438 4422/5518/439 4435/5854/478 4323/5852/476
f 4422/5518/439 4533/5519/440 4547/5856/480 4435/5854/478
f 4533/5519/440 4646/5520/441 4659/5858/482 4547/5856/480
f 4646/5520/441 4757/5521/442 4771/5860/484 4659/5858/482
f 4757/5521/442 4870/5522/443 4883/5862/486 4771/5860/484
f 4870/5522/443 4982/5523/444 4995/5864/488 4883/5862/486
f 4982/5523/444 5093/5524/445 5107/5866/490 4995/5864/488
f 5093/5524/445 5205/5525/446 5219/5868/492 5107/5866/490
f 5205/5525/446 5317/5526/447 5331/5870/494 5219/5868/492
f 5317/5526/447 5429/5527/448 5443/5872/496 5331/5870/494
f 5429/5527/448 5541/5528/449 5555/5874/498 5443/5872/496
f 5541/5528/449 5654/5529/450 5667/5876/500 5555/5874/498
f 5654/5529/450 5766/5530/451 5779/5878/502 5667/5876/500
f 5766/5530/451 5878/5531/452 5891/5880/504 5779/5878/502
f 5878/5531/452 5989/5532/453 6003/5882/506 5891/5880/504
f 5989/5532/453 6102/5533/454 6115/5884/508 6003/5882/506
f 6102/5533/454 6214/5534/455 6227/5886/633 6115/5884/508
f 6214/5534/455 6326/5535/456 6339/5888/512 6227/5886/633
f 6326/5535/456 6437/5536/457 6451/5890/514 6339/5888/512
f 6437/5536/457 6549/5537/458 6563/5892/516 6451/5890/514
f 6549/5537/458 6661/5538/459 6675/5894/634 6563/5892/516
f 6661/5538/459 6774/5539/460 6787/5896/520 6675/5894/634
f 6774/5539/460 6886/5540/461 6899/5898/522 6787/5896/520
f 6886/5540/461 6998/5541/462 7011/5900/524 6899/5898/522
f 6998/5541/462 7110/5542/463 7123/5902/526 7011/5900/524
f 7110/5542/463 7222/5543/464 7235/5904/528 7123/5902/526
f 7222/5543/464 7333/5544/465 7347/5906/530 7235/5904/528
f 3769/5941/334 3881/5942/335 3880/5943/336 3768/5944/337
f 3881/5942/335 3993/5945/338 3992/5946/339 3880/5943/336
f 3993/5945/338 4105/5947/340 4104/5948/341 3992/5946/339
f 4105/5947/340 4217/5949/342 4216/5950/343 4104/5948/341
f 4217/5949/342 4329/5951/344 4328/5952/345 4216/5950/343
f 4329/5951/344 4441/5953/346 4440/5954/636 4328/5952/345
f 4441/5953/346 4553/5955/348 4552/5956/349 4440/5954/636
f 4553/5955/348 4665/5957/350 4664/5958/351 4552/5956/349
f 4665/5957/350 4777/5959/352 4776/5960/353 4664/5958/351
f 4777/5959/352 4889/5961/354 4888/5962/355 4776/5960/353
f 4889/5961/354 5001/5963/356 5000/5964/357 4888/5962/355
f 5001/5963/356 5113/5965/358 5112/5966/359 5000/5964/357
f 5113/5965/358 5225/5967/360 5224/5968/361 5112/5966/359
f 5225/5967/360 5337/5969/362 5336/5970/363 5224/5968/361
f 5337/5969/362 5449/5971/364 5448/5972/365 5336/5970/363
f 5449/5971/364 5561/5973/366 5560/5974/367 5448/5972/365
f 5561/5973/366 5673/5975/368 5672/5976/369 5560/5974/367
f 5673/5975/368 5785/5977/370 5784/5978/371 5672/5976/369
f 5785/5977/370 5897/5979/372 5896/5980/373 5784/5978/371
f 5897/5979/372 6009/5981/374 6008/5982/375 5896/5980/373
f 6009/5981/374 6121/5983/376 6120/5984/377 6008/5982/375
f 6121/5983/376 6233/5985/378 6232/5986/635 6120/5984/377
f 6233/5985/378 6345/5987/380 6344/5988/381 6232/5986/635
f 6345/5987/380 6457/5989/382 6456/5990/383 6344/5988/381
f 6457/5989/382 6569/5991/384 6568/5992/385 6456/5990/383
f 6569/5991/384 6681/5993/386 6680/5994/387 6568/5992/385
f 6681/5993/386 6793/5995/388 6792/5996/389 6680/5994/387
f 6793/5995/388 6905/5997/390 6904/5998/391 6792/5996/389
f 6905/5997/390 7017/5999/392 7016/6000/393 6904/5998/391
f 7017/5999/392 7129/6001/394 7128/6002/395 7016/6000/393
f 7129/6001/394 7241/6003/396 7240/6004/397 7128/6002/395
f 7241/6003/396 7353/6005/398 7352/6006/399 7240/6004/397
f 3767/6007/400 3879/6008/401 3881/5942/335 3769/5941/334
f 3879/6008/401 3991/6009/402 3993/5945/338 3881/5942/335
f 3991/6009/402 4103/6010/403 4105/5947/340 3993/5945/338
f 4103/6010/403 4215/6011/404 4217/5949/342 4105/5947/340
f 4215/6011/404 4327/6012/405 4329/5951/344 4217/5949/342
f 4327/6012/405 4439/6013/406 4441/5953/346 4329/5951/344
f 4439/6013/406 4551/6014/407 4553/5955/348 4441/5953/346
f 4551/6014/407 4663/6015/408 4665/5957/350 4553/5955/348
f 4663/6015/408 4775/6016/409 4777/5959/352 4665/5957/350
f 4775/6016/409 4887/6017/410 4889/5961/354 4777/5959/352
f 4887/6017/410 4999/6018/411 5001/5963/356 4889/5961/354
f 4999/6018/411 5111/6019/412 5113/5965/358 5001/5963/356
f 5111/6019/412 5223/6020/413 5225/5967/360 5113/5965/358
f 5223/6020/413 5335/6021/414 5337/5969/362 5225/5967/360
f 5335/6021/414 5447/6022/415 5449/5971/364 5337/5969/362
f 5447/6022/415 5559/6023/416 5561/5973/366 5449/5971/364
f 5559/6023/416 5671/6024/417 5673/5975/368 5561/5973/366
f 5671/6024/417 5783/6025/418 5785/5977/370 5673/5975/368
f 5783/6025/418 5895/6026/419 5897/5979/372 5785/5977/370
f 5895/6026/419 6007/6027/420 6009/5981/374 5897/5979/372
f 6007/6027/420 6119/6028/421 6121/5983/376 6009/5981/374
f 6119/6028/421 6231/6029/422 6233/5985/378 6121/5983/376
f 6231/6029/422 6343/6030/423 6345/5987/380 6233/5985/378
f 6343/6030/423 6455/6031/424 6457/5989/382 6345/5987/380
f 6455/6031/424 6567/6032/425 6569/5991/384 6457/5989/382
f 6567/6032/425 6679/6033/426 6681/5993/386 6569/5991/384
f 6679/6033/426 6791/6034/427 6793/5995/388 6681/5993/386
f 6791/6034/427 6903/6035/428 6905/5997/390 6793/5995/388
f 6903/6035/428 7015/6036/429 7017/5999/392 6905/5997/390
f 7015/6036/429 7127/6037/430 7129/6001/394 7017/5999/392
f 7127/6037/430 7239/6038/431 7241/6003/396 7129/6001/394
f 7239/6038/431 7351/6039/432 7353/6005/398 7241/6003/396
f 3768/5944/337 3880/5943/336 3878/6040/433 3766/6041/434
f 3880/5943/336 3992/5946/339 3990/6042/435 3878/6040/433
f 3992/5946/339 4104/5948/341 4102/6043/436 3990/6042/435
f 4104/5948/341 4216/5950/343 4214/6044/437 4102/6043/436
f 4216/5950/343 4328/5952/345 4326/6045/438 4214/6044/437
f 4328/5952/345 4440/5954/636 4438/6046/439 4326/6045/438
f 4440/5954/636 4552/5956/349 4550/6047/440 4438/6046/439
f 4552/5956/349 4664/5958/351 4662/6048/441 4550/6047/440
f 4664/5958/351 4776/5960/353 4774/6049/442 4662/6048/441
f 4776/5960/353 4888/5962/355 4886/6050/443 4774/6049/442
f 4888/5962/355 5000/5964/357 4998/6051/444 4886/6050/443
f 5000/5964/357 5112/5966/359 5110/6052/445 4998/6051/444
f 5112/5966/359 5224/5968/361 5222/6053/446 5110/6052/445
f 5224/5968/361 5336/5970/363 5334/6054/447 5222/6053/446
f 5336/5970/363 5448/5972/365 5446/6055/448 5334/6054/447
f 5448/5972/365 5560/5974/367 5558/6056/449 5446/6055/448
f 5560/5974/367 5672/5976/369 5670/6057/450 5558/6056/449
f 5672/5976/369 5784/5978/371 5782/6058/451 5670/6057/450
f 5784/5978/371 5896/5980/373 5894/6059/452 5782/6058/451
f 5896/5980/373 6008/5982/375 6006/6060/453 5894/6059/452
f 6008/5982/375 6120/5984/377 6118/6061/454 6006/6060/453
f 6120/5984/377 6232/5986/635 6230/6062/455 6118/6061/454
f 6232/5986/635 6344/5988/381 6342/6063/456 6230/6062/455
f 6344/5988/381 6456/5990/383 6454/6064/457 6342/6063/456
f 6456/5990/383 6568/5992/385 6566/6065/458 6454/6064/457
f 6568/5992/385 6680/5994/387 6678/6066/459 6566/6065/458
f 6680/5994/387 6792/5996/389 6790/6067/460 6678/6066/459
f 6792/5996/389 6904/5998/391 6902/6068/461 6790/6067/460
f 6904/5998/391 7016/6000/393 7014/6069/462 6902/6068/461
f 7016/6000/393 7128/6002/395 7126/6070/463 7014/6069/462
f 7128/6002/395 7240/6004/397 7238/6071/464 7126/6070/463
f 7240/6004/397 7352/6006/399 7350/6072/465 7238/6071/464
f 3765/6073/434 3877/6074/433 3879/6008/401 3767/6007/400
f 3877/6074/433 3989/6075/435 3991/6009/402 3879/6008/401
f 3989/6075/435 4101/6076/436 4103/6010/403 3991/6009/402
f 4101/6076/436 4213/6077/437 4215/6011/404 4103/6010/403
f 4213/6077/437 4325/6078/438 4327/6012/405 4215/6011/404
f 4325/6078/438 4437/6079/439 4439/6013/406 4327/6012/405
f 4437/6079/439 4549/6080/440 4551/6014/407 4439/6013/406
f 4549/6080/440 4661/6081/441 4663/6015/408 4551/6014/407
f 4661/6081/441 4773/6082/442 4775/6016/409 4663/6015/408
f 4773/6082/442 4885/6083/443 4887/6017/410 4775/6016/409
f 4885/6083/443 4997/6084/444 4999/6018/411 4887/6017/410
f 4997/6084/444 5109/6085/445 5111/6019/412 4999/6018/411
f 5109/6085/445 5221/6086/446 5223/6020/413 5111/6019/412
f 5221/6086/446 5333/6087/447 5335/6021/414 5223/6020/413
f 5333/6087/447 5445/6088/448 5447/6022/415 5335/6021/414
f 5445/6088/448 5557/6089/449 5559/6023/416 5447/6022/415
f 5557/6089/449 5669/6090/450 5671/6024/417 5559/6023/416
f 5669/6090/450 5781/6091/451 5783/6025/418 5671/6024/417
f 5781/6091/451 5893/6092/452 5895/6026/419 5783/6025/418
f 5893/6092/452 6005/6093/453 6007/6027/420 5895/6026/419
f 6005/6093/453 6117/6094/454 6119/6028/421 6007/6027/420
f 6117/6094/454 6229/6095/455 6231/6029/422 6119/6028/421
f 6229/6095/455 6341/6096/456 6343/6030/423 6231/6029/422
f 6341/6096/456 6453/6097/457 6455/6031/424 6343/6030/423
f 6453/6097/457 6565/6098/458 6567/6032/425 6455/6031/424
f 6565/6098/458 6677/6099/459 6679/6033/426 6567/6032/425
f 6677/6099/459 6789/6100/460 6791/6034/427 6679/6033/426
f 6789/6100/460 6901/6101/461 6903/6035/428 6791/6034/427
f 6901/6101/461 7013/6102/462 7015/6036/429 6903/6035/428
f 7013/6102/462 7125/6103/463 7127/6037/430 7015/6036/429
f 7125/6103/463 7237/6104/464 7239/6038/431 7127/6037/430
f 7237/6104/464 7349/6105/465 7351/6039/432 7239/6038/431
f 3771/6106/466 3883/6107/467 3884/6108/468 3772/6109/469
f 3883/6107/467 3995/6110/470 3996/6111/471 3884/6108/468
f 3995/6110/470 4107/6112/472 4108/6113/473 3996/6111/471
f 4107/6112/472 4219/6114/474 4220/6115/475 4108/6113/473
f 4219/6114/474 4331/6116/476 4332/6117/477 4220/6115/475
f 4331/6116/476 4443/6118/478 4444/6119/479 4332/6117/477
f 4443/6118/478 4555/6120/480 4556/6121/481 4444/6119/479
f 4555/6120/480 4667/6122/482 4668/6123/483 4556/6121/481
f 4667/6122/482 4779/6124/484 4780/6125/485 4668/6123/483
f 4779/6124/484 4891/6126/486 4892/6127/487 4780/6125/485
f 4891/6126/486 5003/6128/488 5004/6129/489 4892/6127/487
f 5003/6128/488 5115/6130/490 5116/6131/491 5004/6129/489
f 5115/6130/490 5227/6132/492 5228/6133/493 5116/6131/491
f 5227/6132/492 5339/6134/494 5340/6135/495 5228/6133/493
f 5339/6134/494 5451/6136/496 5452/6137/497 5340/6135/495
f 5451/6136/496 5563/6138/498 5564/6139/499 5452/6137/497
f 5563/6138/498 5675/6140/500 5676/6141/501 5564/6139/499
f 5675/6140/500 5787/6142/502 5788/6143/503 5676/6141/501
f 5787/6142/502 5899/6144/504 5900/6145/505 5788/6143/503
f 5899/6144/504 6011/6146/506 6012/6147/507 5900/6145/505
f 6011/6146/506 6123/6148/508 6124/6149/509 6012/6147/507
f 6123/6148/508 6235/6150/633 6236/6151/511 6124/6149/509
f 6235/6150/633 6347/6152/512 6348/6153/513 6236/6151/511
f 6347/6152/512 6459/6154/514 6460/6155/515 6348/6153/513
f 6459/6154/514 6571/6156/516 6572/6157/517 6460/6155/515
f 6571/6156/516 6683/6158/634 6684/6159/519 6572/6157/517
f 6683/6158/634 6795/6160/520 6796/6161/521 6684/6159/519
f 6795/6160/520 6907/6162/522 6908/6163/523 6796/6161/521
f 6907/6162/522 7019/6164/524 7020/6165/525 6908/6163/523
f 7019/6164/524 7131/6166/526 7132/6167/527 7020/6165/525
f 7131/6166/526 7243/6168/528 7244/6169/529 7132/6167/527
f 7243/6168/528 7355/6170/530 7356/6171/531 7244/6169/529
f 3772/6109/469 3884/6108/468 3882/6172/532 3770/6173/533
f 3884/6108/468 3996/6111/471 3994/6174/534 3882/6172/532
f 3996/6111/471 4108/6113/473 4106/6175/535 3994/6174/534
f 4108/6113/473 4220/6115/475 4218/6176/536 4106/6175/535
f 4220/6115/475 4332/6117/477 4330/6177/537 4218/6176/536
f 4332/6117/477 4444/6119/479 4442/6178/538 4330/6177/537
f 4444/6119/479 4556/6121/481 4554/6179/539 4442/6178/538
f 4556/6121/481 4668/6123/483 4666/6180/540 4554/6179/539
f 4668/6123/483 4780/6125/485 4778/6181/541 4666/6180/540
f 4780/6125/485 4892/6127/487 4890/6182/542 4778/6181/541
f 4892/6127/487 5004/6129/489 5002/6183/543 4890/6182/542
f 5004/6129/489 5116/6131/491 5114/6184/544 5002/6183/543
f 5116/6131/491 5228/6133/493 5226/6185/545 5114/6184/544
f 5228/6133/493 5340/6135/495 5338/6186/546 5226/6185/545
f 5340/6135/495 5452/6137/497 5450/6187/547 5338/6186/546
f 5452/6137/497 5564/6139/499 5562/6188/548 5450/6187/547
f 5564/6139/499 5676/6141/501 5674/6189/549 5562/6188/548
f 5676/6141/501 5788/6143/503 5786/6190/550 5674/6189/549
f 5788/6143/503 5900/6145/505 5898/6191/551 5786/6190/550
f 5900/6145/505 6012/6147/507 6010/6192/552 5898/6191/551
f 6012/6147/507 6124/6149/509 6122/6193/553 6010/6192/552
f 6124/6149/509 6236/6151/511 6234/6194/554 6122/6193/553
f 6236/6151/511 6348/6153/513 6346/6195/555 6234/6194/554
f 6348/6153/513 6460/6155/515 6458/6196/556 6346/6195/555
f 6460/6155/515 6572/6157/517 6570/6197/557 6458/6196/556
f 6572/6157/517 6684/6159/519 6682/6198/558 6570/6197/557
f 6684/6159/519 6796/6161/521 6794/6199/559 6682/6198/558
f 6796/6161/521 6908/6163/523 6906/6200/560 6794/6199/559
f 6908/6163/523 7020/6165/525 7018/6201/561 6906/6200/560
f 7020/6165/525 7132/6167/527 7130/6202/562 7018/6201/561
f 7132/6167/527 7244/6169/529 7242/6203/563 7130/6202/562
f 7244/6169/529 7356/6171/531 7354/6204/564 7242/6203/563
f 3770/6173/533 3882/6172/532 3877/6074/433 3765/6073/434
f 3882/6172/532 3994/6174/534 3989/6075/435 3877/6074/433
f 3994/6174/534 4106/6175/535 4101/6076/436 3989/6075/435
f 4106/6175/535 4218/6176/536 4213/6077/437 4101/6076/436
f 4218/6176/536 4330/6177/537 4325/6078/438 4213/6077/437
f 4330/6177/537 4442/6178/538 4437/6079/439 4325/6078/438
f 4442/6178/538 4554/6179/539 4549/6080/440 4437/6079/439
f 4554/6179/539 4666/6180/540 4661/6081/441 4549/6080/440
f 4666/6180/540 4778/6181/541 4773/6082/442 4661/6081/441
f 4778/6181/541 4890/6182/542 4885/6083/443 4773/6082/442
f 4890/6182/542 5002/6183/543 4997/6084/444 4885/6083/443
f 5002/6183/543 5114/6184/544 5109/6085/445 4997/6084/444
f 5114/6184/544 5226/6185/545 5221/6086/446 5109/6085/445
f 5226/6185/545 5338/6186/546 5333/6087/447 5221/6086/446
f 5338/6186/546 5450/6187/547 5445/6088/448 5333/6087/447
f 5450/6187/547 5562/6188/548 5557/6089/449 5445/6088/448
f 5562/6188/548 5674/6189/549 5669/6090/450 5557/6089/449
f 5674/6189/549 5786/6190/550 5781/6091/451 5669/6090/450
f 5786/6190/550 5898/6191/551 5893/6092/452 5781/6091/451
f 5898/6191/551 6010/6192/552 6005/6093/453 5893/6092/452
f 6010/6192/552 6122/6193/553 6117/6094/454 6005/6093/453
f 6122/6193/553 6234/6194/554 6229/6095/455 6117/6094/454
f 6234/6194/554 6346/6195/555 6341/6096/456 6229/6095/455
f 6346/6195/555 6458/6196/556 6453/6097/457 6341/6096/456
f 6458/6196/556 6570/6197/557 6565/6098/458 6453/6097/457
f 6570/6197/557 6682/6198/558 6677/6099/459 6565/6098/458
f 6682/6198/558 6794/6199/559 6789/6100/460 6677/6099/459
f 6794/6199/559 6906/6200/560 6901/6101/461 6789/6100/460
f 6906/6200/560 7018/6201/561 7013/6102/462 6901/6101/461
f 7018/6201/561 7130/6202/562 7125/6103/463 7013/6102/462
f 7130/6202/562 7242/6203/563 7237/6104/464 7125/6103/463
f 7242/6203/563 7354/6204/564 7349/6105/465 7237/6104/464
f 3776/6205/334 3889/6206/335 3888/6207/336 3775/6208/337
f 3889/6206/335 4000/6209/338 3999/6210/339 3888/6207/336
f 4000/6209/338 4112/6211/340 4111/6212/341 3999/6210/339
f 4112/6211/340 4224/6213/342 4223/6214/343 4111/6212/341
f 4224/6213/342 4337/6215/344 4336/6216/345 4223/6214/343
f 4337/6215/344 4448/6217/346 4447/6218/636 4336/6216/345
f 4448/6217/346 4560/6219/348 4559/6220/349 4447/6218/636
f 4560/6219/348 4672/6221/350 4671/6222/351 4559/6220/349
f 4672/6221/350 4784/6223/352 4783/6224/353 4671/6222/351
f 4784/6223/352 4896/6225/354 4895/6226/576 4783/6224/353
f 4896/6225/354 5008/6227/356 5007/6228/357 4895/6226/576
f 5008/6227/356 5120/6229/358 5119/6230/359 5007/6228/357
f 5120/6229/358 5232/6231/360 5231/6232/361 5119/6230/359
f 5232/6231/360 5345/6233/362 5344/6234/363 5231/6232/361
f 5345/6233/362 5456/6235/364 5455/6236/365 5344/6234/363
f 5456/6235/364 5568/6237/366 5567/6238/367 5455/6236/365
f 5568/6237/366 5681/6239/368 5680/6240/369 5567/6238/367
f 5681/6239/368 5792/6241/370 5791/6242/371 5680/6240/369
f 5792/6241/370 5904/6243/372 5903/6244/373 5791/6242/371
f 5904/6243/372 6016/6245/374 6015/6246/375 5903/6244/373
f 6016/6245/374 6128/6247/376 6127/6248/377 6015/6246/375
f 6128/6247/376 6241/6249/378 6240/6250/635 6127/6248/377
f 6241/6249/378 6353/6251/380 6352/6252/381 6240/6250/635
f 6353/6251/380 6465/6253/382 6464/6254/383 6352/6252/381
f 6465/6253/382 6577/6255/384 6576/6256/385 6464/6254/383
f 6577/6255/384 6689/6257/386 6688/6258/593 6576/6256/385
f 6689/6257/386 6801/6259/388 6800/6260/389 6688/6258/593
f 6801/6259/388 6912/6261/390 6911/6262/391 6800/6260/389
f 6912/6261/390 7024/6263/392 7023/6264/393 6911/6262/391
f 7024/6263/392 7137/6265/394 7136/6266/395 7023/6264/393
f 7137/6265/394 7248/6267/396 7247/6268/397 7136/6266/395
f 7248/6267/396 7360/6269/398 7359/6270/399 7247/6268/397
f 3774/6271/400 3887/6272/401 3889/6206/335 3776/6205/334
f 3887/6272/401 3998/6273/402 4000/6209/338 3889/6206/335
f 3998/6273/402 4110/6274/403 4112/6211/340 4000/6209/338
f 4110/6274/403 4222/6275/404 4224/6213/342 4112/6211/340
f 4222/6275/404 4335/6276/405 4337/6215/344 4224/6213/342
f 4335/6276/405 4446/6277/406 4448/6217/346 4337/6215/344
f 4446/6277/406 4558/6278/407 4560/6219/348 4448/6217/346
f 4558/6278/407 4670/6279/408 4672/6221/350 4560/6219/348
f 4670/6279/408 4782/6280/409 4784/6223/352 4672/6221/350
f 4782/6280/409 4894/6281/410 4896/6225/354 4784/6223/352
f 4894/6281/410 5006/6282/411 5008/6227/356 4896/6225/354
f 5006/6282/411 5118/6283/412 5120/6229/358 5008/6227/356
f 5118/6283/412 5230/6284/413 5232/6231/360 5120/6229/358
f 5230/6284/413 5343/6285/414 5345/6233/362 5232/6231/360
f 5343/6285/414 5454/6286/415 5456/6235/364 5345/6233/362
f 5454/6286/415 5566/6287/416 5568/6237/366 5456/6235/364
f 5566/6287/416 5679/6288/417 5681/6239/368 5568/6237/366
f 5679/6288/417 5790/6289/418 5792/6241/370 5681/6239/368
f 5790/6289/418 5902/6290/419 5904/6243/372 5792/6241/370
f 5902/6290/419 6014/6291/420 6016/6245/374 5904/6243/372
f 6014/6291/420 6126/6292/421 6128/6247/376 6016/6245/374
f 6126/6292/421 6239/6293/422 6241/6249/378 6128/6247/376
f 6239/6293/422 6351/6294/423 6353/6251/380 6241/6249/378
f 6351/6294/423 6463/6295/424 6465/6253/382 6353/6251/380
f 6463/6295/424 6575/6296/425 6577/6255/384 6465/6253/382
f 6575/6296/425 6687/6297/426 6689/6257/386 6577/6255/384
f 6687/6297/426 6799/6298/427 6801/6259/388 6689/6257/386
f 6799/6298/427 6910/6299/428 6912/6261/390 6801/6259/388
f 6910/6299/428 7022/6300/429 7024/6263/392 6912/6261/390
f 7022/6300/429 7135/6301/430 7137/6265/394 7024/6263/392
f 7135/6301/430 7246/6302/431 7248/6267/396 7137/6265/394
f 7246/6302/431 7358/6303/432 7360/6269/398 7248/6267/396
f 3775/6208/337 3888/6207/336 3886/6304/433 3786/6305/434
f 3888/6207/336 3999/6210/339 4010/6306/435 3886/6304/433
f 3999/6210/339 4111/6212/341 4122/6307/436 4010/6306/435
f 4111/6212/341 4223/6214/343 4234/6308/437 4122/6307/436
f 4223/6214/343 4336/6216/345 4334/6309/438 4234/6308/437
f 4336/6216/345 4447/6218/636 4458/6310/439 4334/6309/438
f 4447/6218/636 4559/6220/349 4570/6311/440 4458/6310/439
f 4559/6220/349 4671/6222/351 4682/6312/441 4570/6311/440
f 4671/6222/351 4783/6224/353 4794/6313/442 4682/6312/441
f 4783/6224/353 4895/6226/576 4906/6314/443 4794/6313/442
f 4895/6226/576 5007/6228/357 5018/6315/444 4906/6314/443
f 5007/6228/357 5119/6230/359 5130/6316/445 5018/6315/444
f 5119/6230/359 5231/6232/361 5242/6317/446 5130/6316/445
f 5231/6232/361 5344/6234/363 5342/6318/447 5242/6317/446
f 5344/6234/363 5455/6236/365 5466/6319/448 5342/6318/447
f 5455/6236/365 5567/6238/367 5578/6320/449 5466/6319/448
f 5567/6238/367 5680/6240/369 5678/6321/450 5578/6320/449
f 5680/6240/369 5791/6242/371 5802/6322/451 5678/6321/450
f 5791/6242/371 5903/6244/373 5914/6323/452 5802/6322/451
f 5903/6244/373 6015/6246/375 6026/6324/453 5914/6323/452
f 6015/6246/375 6127/6248/377 6138/6325/454 6026/6324/453
f 6127/6248/377 6240/6250/635 6238/6326/455 6138/6325/454
f 6240/6250/635 6352/6252/381 6350/6327/456 6238/6326/455
f 6352/6252/381 6464/6254/383 6462/6328/457 6350/6327/456
f 6464/6254/383 6576/6256/385 6574/6329/458 6462/6328/457
f 6576/6256/385 6688/6258/593 6686/6330/459 6574/6329/458
f 6688/6258/593 6800/6260/389 6798/6331/460 6686/6330/459
f 6800/6260/389 6911/6262/391 6922/6332/461 6798/6331/460
f 6911/6262/391 7023/6264/393 7034/6333/462 6922/6332/461
f 7023/6264/393 7136/6266/395 7134/6334/463 7034/6333/462
f 7136/6266/395 7247/6268/397 7258/6335/464 7134/6334/463
f 7247/6268/397 7359/6270/399 7370/6336/465 7258/6335/464
f 3773/6337/434 3885/6338/433 3887/6272/401 3774/6271/400
f 3885/6338/433 3997/6339/435 3998/6273/402 3887/6272/401
f 3997/6339/435 4109/6340/436 4110/6274/403 3998/6273/402
f 4109/6340/436 4221/6341/437 4222/6275/404 4110/6274/403
f 4221/6341/437 4333/6342/438 4335/6276/405 4222/6275/404
f 4333/6342/438 4445/6343/439 4446/6277/406 4335/6276/405
f 4445/6343/439 4557/6344/440 4558/6278/407 4446/6277/406
f 4557/6344/440 4669/6345/441 4670/6279/408 4558/6278/407
f 4669/6345/441 4781/6346/442 4782/6280/409 4670/6279/408
f 4781/6346/442 4893/6347/443 4894/6281/410 4782/6280/409
f 4893/6347/443 5005/6348/444 5006/6282/411 4894/6281/410
f 5005/6348/444 5117/6349/445 5118/6283/412 5006/6282/411
f 5117/6349/445 5229/6350/446 5230/6284/413 5118/6283/412
f 5229/6350/446 5341/6351/447 5343/6285/414 5230/6284/413
f 5341/6351/447 5453/6352/448 5454/6286/415 5343/6285/414
f 5453/6352/448 5565/6353/449 5566/6287/416 5454/6286/415
f 5565/6353/449 5677/6354/450 5679/6288/417 5566/6287/416
f 5677/6354/450 5789/6355/451 5790/6289/418 5679/6288/417
f 5789/6355/451 5901/6356/452 5902/6290/419 5790/6289/418
f 5901/6356/452 6013/6357/453 6014/6291/420 5902/6290/419
f 6013/6357/453 6125/6358/454 6126/6292/421 6014/6291/420
f 6125/6358/454 6237/6359/455 6239/6293/422 6126/6292/421
f 6237/6359/455 6349/6360/456 6351/6294/423 6239/6293/422
f 6349/6360/456 6461/6361/457 6463/6295/424 6351/6294/423
f 6461/6361/457 6573/6362/458 6575/6296/425 6463/6295/424
f 6573/6362/458 6685/6363/459 6687/6297/426 6575/6296/425
f 6685/6363/459 6797/6364/460 6799/6298/427 6687/6297/426
f 6797/6364/460 6909/6365/461 6910/6299/428 6799/6298/427
f 6909/6365/461 7021/6366/462 7022/6300/429 6910/6299/428
f 7021/6366/462 7133/6367/463 7135/6301/430 7022/6300/429
f 7133/6367/463 7245/6368/464 7246/6302/431 7135/6301/430
f 7245/6368/464 7357/6369/465 7358/6303/432 7246/6302/431
f 3778/6370/466 3891/6371/467 3892/6372/468 3779/6373/469
f 3891/6371/467 4002/6374/470 4003/6375/471 3892/6372/468
f 4002/6374/470 4114/6376/472 4115/6377/473 4003/6375/471
f 4114/6376/472 4226/6378/474 4227/6379/475 4115/6377/473
f 4226/6378/474 4339/6380/476 4340/6381/477 4227/6379/475
f 4339/6380/476 4450/6382/637 4451/6383/479 4340/6381/477
f 4450/6382/637 4562/6384/480 4563/6385/481 4451/6383/479
f 4562/6384/480 4674/6386/482 4675/6387/483 4563/6385/481
f 4674/6386/482 4786/6388/484 4787/6389/485 4675/6387/483
f 4786/6388/484 4898/6390/638 4899/6391/487 4787/6389/485
f 4898/6390/638 5010/6392/488 5011/6393/489 4899/6391/487
f 5010/6392/488 5122/6394/490 5123/6395/491 5011/6393/489
f 5122/6394/490 5234/6396/492 5235/6397/493 5123/6395/491
f 5234/6396/492 5347/6398/494 5348/6399/495 5235/6397/493
f 5347/6398/494 5458/6400/496 5459/6401/497 5348/6399/495
f 5458/6400/496 5570/6402/498 5571/6403/499 5459/6401/497
f 5570/6402/498 5683/6404/500 5684/6405/501 5571/6403/499
f 5683/6404/500 5794/6406/502 5795/6407/503 5684/6405/501
f 5794/6406/502 5906/6408/504 5907/6409/505 5795/6407/503
f 5906/6408/504 6018/6410/506 6019/6411/507 5907/6409/505
f 6018/6410/506 6130/6412/508 6131/6413/509 6019/6411/507
f 6130/6412/508 6243/6414/510 6244/6415/511 6131/6413/509
f 6243/6414/510 6355/6416/512 6356/6417/513 6244/6415/511
f 6355/6416/512 6467/6418/514 6468/6419/515 6356/6417/513
f 6467/6418/514 6579/6420/516 6580/6421/517 6468/6419/515
f 6579/6420/516 6691/6422/518 6692/6423/519 6580/6421/517
f 6691/6422/518 6803/6424/520 6804/6425/521 6692/6423/519
f 6803/6424/520 6914/6426/522 6915/6427/523 6804/6425/521
f 6914/6426/522 7026/6428/524 7027/6429/525 6915/6427/523
f 7026/6428/524 7139/6430/526 7140/6431/527 7027/6429/525
f 7139/6430/526 7250/6432/528 7251/6433/529 7140/6431/527
f 7250/6432/528 7362/6434/530 7363/6435/531 7251/6433/529
f 3779/6373/469 3892/6372/468 3890/6436/532 3777/6437/533
f 3892/6372/468 4003/6375/471 4001/6438/534 3890/6436/532
f 4003/6375/471 4115/6377/473 4113/6439/535 4001/6438/534
f 4115/6377/473 4227/6379/475 4225/6440/536 4113/6439/535
f 4227/6379/475 4340/6381/477 4338/6441/537 4225/6440/536
f 4340/6381/477 4451/6383/479 4449/6442/538 4338/6441/537
f 4451/6383/479 4563/6385/481 4561/6443/539 4449/6442/538
f 4563/6385/481 4675/6387/483 4673/6444/540 4561/6443/539
f 4675/6387/483 4787/6389/485 4785/6445/541 4673/6444/540
f 4787/6389/485 4899/6391/487 4897/6446/542 4785/6445/541
f 4899/6391/487 5011/6393/489 5009/6447/543 4897/6446/542
f 5011/6393/489 5123/6395/491 5121/6448/544 5009/6447/543
f 5123/6395/491 5235/6397/493 5233/6449/545 5121/6448/544
f 5235/6397/493 5348/6399/495 5346/6450/546 5233/6449/545
f 5348/6399/495 5459/6401/497 5457/6451/547 5346/6450/546
f 5459/6401/497 5571/6403/499 5569/6452/548 5457/6451/547
f 5571/6403/499 5684/6405/501 5682/6453/549 5569/6452/548
f 5684/6405/501 5795/6407/503 5793/6454/550 5682/6453/549
f 5795/6407/503 5907/6409/505 5905/6455/551 5793/6454/550
f 5907/6409/505 6019/6411/507 6017/6456/552 5905/6455/551
f 6019/6411/507 6131/6413/509 6129/6457/553 6017/6456/552
f 6131/6413/509 6244/6415/511 6242/6458/554 6129/6457/553
f 6244/6415/511 6356/6417/513 6354/6459/555 6242/6458/554
f 6356/6417/513 6468/6419/515 6466/6460/556 6354/6459/555
f 6468/6419/515 6580/6421/517 6578/6461/557 6466/6460/556
f 6580/6421/517 6692/6423/519 6690/6462/558 6578/6461/557
f 6692/6423/519 6804/6425/521 6802/6463/559 6690/6462/558
f 6804/6425/521 6915/6427/523 6913/6464/560 6802/6463/559
f 6915/6427/523 7027/6429/525 7025/6465/561 6913/6464/560
f 7027/6429/525 7140/6431/527 7138/6466/562 7025/6465/561
f 7140/6431/527 7251/6433/529 7249/6467/563 7138/6466/562
f 7251/6433/529 7363/6435/531 7361/6468/564 7249/6467/563
f 3777/6437/533 3890/6436/532 3885/6338/433 3773/6337/434
f 3890/6436/532 4001/6438/534 3997/6339/435 3885/6338/433
f 4001/6438/534 4113/6439/535 4109/6340/436 3997/6339/435
f 4113/6439/535 4225/6440/536 4221/6341/437 4109/6340/436
f 4225/6440/536 4338/6441/537 4333/6342/438 4221/6341/437
f 4338/6441/537 4449/6442/538 4445/6343/439 4333/6342/438
f 4449/6442/538 4561/6443/539 4557/6344/440 4445/6343/439
f 4561/6443/539 4673/6444/540 4669/6345/441 4557/6344/440
f 4673/6444/540 4785/6445/541 4781/6346/442 4669/6345/441
f 4785/6445/541 4897/6446/542 4893/6347/443 4781/6346/442
f 4897/6446/542 5009/6447/543 5005/6348/444 4893/6347/443
f 5009/6447/543 5121/6448/544 5117/6349/445 5005/6348/444
f 5121/6448/544 5233/6449/545 5229/6350/446 5117/6349/445
f 5233/6449/545 5346/6450/546 5341/6351/447 5229/6350/446
f 5346/6450/546 5457/6451/547 5453/6352/448 5341/6351/447
f 5457/6451/547 5569/6452/548 5565/6353/449 5453/6352/448
f 5569/6452/548 5682/6453/549 5677/6354/450 5565/6353/449
f 5682/6453/549 5793/6454/550 5789/6355/451 5677/6354/450
f 5793/6454/550 5905/6455/551 5901/6356/452 5789/6355/451
f 5905/6455/551 6017/6456/552 6013/6357/453 5901/6356/452
f 6017/6456/552 6129/6457/553 6125/6358/454 6013/6357/453
f 6129/6457/553 6242/6458/554 6237/6359/455 6125/6358/454
f 6242/6458/554 6354/6459/555 6349/6360/456 6237/6359/455
f 6354/6459/555 6466/6460/556 6461/6361/457 6349/6360/456
f 6466/6460/556 6578/6461/557 6573/6362/458 6461/6361/457
f 6578/6461/557 6690/6462/558 6685/6363/459 6573/6362/458
f 6690/6462/558 6802/6463/559 6797/6364/460 6685/6363/459
f 6802/6463/559 6913/6464/560 6909/6365/461 6797/6364/460
f 6913/6464/560 7025/6465/561 7021/6366/462 6909/6365/461
f 7025/6465/561 7138/6466/562 7133/6367/463 7021/6366/462
f 7138/6466/562 7249/6467/563 7245/6368/464 7133/6367/463
f 7249/6467/563 7361/6468/564 7357/6369/465 7245/6368/464
f 3766/6041/434 3878/6040/433 3891/6371/467 3778/6370/466
f 3878/6040/433 3990/6042/435 4002/6374/470 3891/6371/467
f 3990/6042/435 4102/6043/436 4114/6376/472 4002/6374/470
f 4102/6043/436 4214/6044/437 4226/6378/474 4114/6376/472
f 4214/6044/437 4326/6045/438 4339/6380/476 4226/6378/474
f 4326/6045/438 4438/6046/439 4450/6382/637 4339/6380/476
f 4438/6046/439 4550/6047/440 4562/6384/480 4450/6382/637
f 4550/6047/440 4662/6048/441 4674/6386/482 4562/6384/480
f 4662/6048/441 4774/6049/442 4786/6388/484 4674/6386/482
f 4774/6049/442 4886/6050/443 4898/6390/638 4786/6388/484
f 4886/6050/443 4998/6051/444 5010/6392/488 4898/6390/638
f 4998/6051/444 5110/6052/445 5122/6394/490 5010/6392/488
f 5110/6052/445 5222/6053/446 5234/6396/492 5122/6394/490
f 5222/6053/446 5334/6054/447 5347/6398/494 5234/6396/492
f 5334/6054/447 5446/6055/448 5458/6400/496 5347/6398/494
f 5446/6055/448 5558/6056/449 5570/6402/498 5458/6400/496
f 5558/6056/449 5670/6057/450 5683/6404/500 5570/6402/498
f 5670/6057/450 5782/6058/451 5794/6406/502 5683/6404/500
f 5782/6058/451 5894/6059/452 5906/6408/504 5794/6406/502
f 5894/6059/452 6006/6060/453 6018/6410/506 5906/6408/504
f 6006/6060/453 6118/6061/454 6130/6412/508 6018/6410/506
f 6118/6061/454 6230/6062/455 6243/6414/510 6130/6412/508
f 6230/6062/455 6342/6063/456 6355/6416/512 6243/6414/510
f 6342/6063/456 6454/6064/457 6467/6418/514 6355/6416/512
f 6454/6064/457 6566/6065/458 6579/6420/516 6467/6418/514
f 6566/6065/458 6678/6066/459 6691/6422/518 6579/6420/516
f 6678/6066/459 6790/6067/460 6803/6424/520 6691/6422/518
f 6790/6067/460 6902/6068/461 6914/6426/522 6803/6424/520
f 6902/6068/461 7014/6069/462 7026/6428/524 6914/6426/522
f 7014/6069/462 7126/6070/463 7139/6430/526 7026/6428/524
f 7126/6070/463 7238/6071/464 7250/6432/528 7139/6430/526
f 7238/6071/464 7350/6072/465 7362/6434/530 7250/6432/528
f 3784/6469/334 3897/6470/335 3896/6471/336 3783/6472/337
f 3897/6470/335 4008/6473/338 4007/6474/339 3896/6471/336
f 4008/6473/338 4120/6475/340 4119/6476/341 4007/6474/339
f 4120/6475/340 4232/6477/342 4231/6478/343 4119/6476/341
f 4232/6477/342 4345/6479/344 4344/6480/345 4231/6478/343
f 4345/6479/344 4456/6481/346 4455/6482/636 4344/6480/345
f 4456/6481/346 4568/6483/348 4567/6484/349 4455/6482/636
f 4568/6483/348 4680/6485/350 4679/6486/351 4567/6484/349
f 4680/6485/350 4792/6487/352 4791/6488/353 4679/6486/351
f 4792/6487/352 4904/6489/354 4903/6490/576 4791/6488/353
f 4904/6489/354 5016/6491/356 5015/6492/357 4903/6490/576
f 5016/6491/356 5128/6493/358 5127/6494/359 5015/6492/357
f 5128/6493/358 5240/6495/360 5239/6496/361 5127/6494/359
f 5240/6495/360 5353/6497/362 5352/6498/363 5239/6496/361
f 5353/6497/362 5464/6499/364 5463/6500/365 5352/6498/363
f 5464/6499/364 5576/6501/366 5575/6502/367 5463/6500/365
f 5576/6501/366 5689/6503/368 5688/6504/369 5575/6502/367
f 5689/6503/368 5800/6505/370 5799/6506/371 5688/6504/369
f 5800/6505/370 5912/6507/372 5911/6508/373 5799/6506/371
f 5912/6507/372 6024/6509/374 6023/6510/375 5911/6508/373
f 6024/6509/374 6136/6511/376 6135/6512/377 6023/6510/375
f 6136/6511/376 6249/6513/378 6248/6514/635 6135/6512/377
f 6249/6513/378 6361/6515/380 6360/6516/381 6248/6514/635
f 6361/6515/380 6473/6517/382 6472/6518/383 6360/6516/381
f 6473/6517/382 6585/6519/384 6584/6520/385 6472/6518/383
f 6585/6519/384 6697/6521/386 6696/6522/593 6584/6520/385
f 6697/6521/386 6809/6523/388 6808/6524/389 6696/6522/593
f 6809/6523/388 6920/6525/390 6919/6526/391 6808/6524/389
f 6920/6525/390 7032/6527/392 7031/6528/393 6919/6526/391
f 7032/6527/392 7145/6529/394 7144/6530/395 7031/6528/393
f 7145/6529/394 7256/6531/396 7255/6532/397 7144/6530/395
f 7256/6531/396 7368/6533/398 7367/6534/399 7255/6532/397
f 3782/6535/400 3895/6536/401 3897/6470/335 3784/6469/334
f 3895/6536/401 4006/6537/402 4008/6473/338 3897/6470/335
f 4006/6537/402 4118/6538/403 4120/6475/340 4008/6473/338
f 4118/6538/403 4230/6539/404 4232/6477/342 4120/6475/340
f 4230/6539/404 4343/6540/405 4345/6479/344 4232/6477/342
f 4343/6540/405 4454/6541/406 4456/6481/346 4345/6479/344
f 4454/6541/406 4566/6542/407 4568/6483/348 4456/6481/346
f 4566/6542/407 4678/6543/408 4680/6485/350 4568/6483/348
f 4678/6543/408 4790/6544/409 4792/6487/352 4680/6485/350
f 4790/6544/409 4902/6545/410 4904/6489/354 4792/6487/352
f 4902/6545/410 5014/6546/411 5016/6491/356 4904/6489/354
f 5014/6546/411 5126/6547/412 5128/6493/358 5016/6491/356
f 5126/6547/412 5238/6548/413 5240/6495/360 5128/6493/358
f 5238/6548/413 5351/6549/414 5353/6497/362 5240/6495/360
f 5351/6549/414 5462/6550/415 5464/6499/364 5353/6497/362
f 5462/6550/415 5574/6551/416 5576/6501/366 5464/6499/364
f 5574/6551/416 5687/6552/417 5689/6503/368 5576/6501/366
f 5687/6552/417 5798/6553/418 5800/6505/370 5689/6503/368
f 5798/6553/418 5910/6554/419 5912/6507/372 5800/6505/370
f 5910/6554/419 6022/6555/420 6024/6509/374 5912/6507/372
f 6022/6555/420 6134/6556/421 6136/6511/376 6024/6509/374
f 6134/6556/421 6247/6557/422 6249/6513/378 6136/6511/376
f 6247/6557/422 6359/6558/423 6361/6515/380 6249/6513/378
f 6359/6558/423 6471/6559/424 6473/6517/382 6361/6515/380
f 6471/6559/424 6583/6560/425 6585/6519/384 6473/6517/382
f 6583/6560/425 6695/6561/426 6697/6521/386 6585/6519/384
f 6695/6561/426 6807/6562/427 6809/6523/388 6697/6521/386
f 6807/6562/427 6918/6563/428 6920/6525/390 6809/6523/388
f 6918/6563/428 7030/6564/429 7032/6527/392 6920/6525/390
f 7030/6564/429 7143/6565/430 7145/6529/394 7032/6527/392
f 7143/6565/430 7254/6566/431 7256/6531/396 7145/6529/394
f 7254/6566/431 7366/6567/432 7368/6533/398 7256/6531/396
f 3783/6472/337 3896/6471/336 3894/6568/433 3781/6569/434
f 3896/6471/336 4007/6474/339 4005/6570/435 3894/6568/433
f 4007/6474/339 4119/6476/341 4117/6571/436 4005/6570/435
f 4119/6476/341 4231/6478/343 4229/6572/437 4117/6571/436
f 4231/6478/343 4344/6480/345 4342/6573/438 4229/6572/437
f 4344/6480/345 4455/6482/636 4453/6574/439 4342/6573/438
f 4455/6482/636 4567/6484/349 4565/6575/440 4453/6574/439
f 4567/6484/349 4679/6486/351 4677/6576/441 4565/6575/440
f 4679/6486/351 4791/6488/353 4789/6577/442 4677/6576/441
f 4791/6488/353 4903/6490/576 4901/6578/443 4789/6577/442
f 4903/6490/576 5015/6492/357 5013/6579/444 4901/6578/443
f 5015/6492/357 5127/6494/359 5125/6580/445 5013/6579/444
f 5127/6494/359 5239/6496/361 5237/6581/446 5125/6580/445
f 5239/6496/361 5352/6498/363 5350/6582/447 5237/6581/446
f 5352/6498/363 5463/6500/365 5461/6583/448 5350/6582/447
f 5463/6500/365 5575/6502/367 5573/6584/449 5461/6583/448
f 5575/6502/367 5688/6504/369 5686/6585/450 5573/6584/449
f 5688/6504/369 5799/6506/371 5797/6586/451 5686/6585/450
f 5799/6506/371 5911/6508/373 5909/6587/452 5797/6586/451
f 5911/6508/373 6023/6510/375 6021/6588/453 5909/6587/452
f 6023/6510/375 6135/6512/377 6133/6589/454 6021/6588/453
f 6135/6512/377 6248/6514/635 6246/6590/455 6133/6589/454
f 6248/6514/635 6360/6516/381 6358/6591/456 6246/6590/455
f 6360/6516/381 6472/6518/383 6470/6592/457 6358/6591/456
f 6472/6518/383 6584/6520/385 6582/6593/458 6470/6592/457
f 6584/6520/385 6696/6522/593 6694/6594/459 6582/6593/458
f 6696/6522/593 6808/6524/389 6806/6595/460 6694/6594/459
f 6808/6524/389 6919/6526/391 6917/6596/461 6806/6595/460
f 6919/6526/391 7031/6528/393 7029/6597/462 6917/6596/461
f 7031/6528/393 7144/6530/395 7142/6598/463 7029/6597/462
f 7144/6530/395 7255/6532/397 7253/6599/464 7142/6598/463
f 7255/6532/397 7367/6534/399 7365/6600/465 7253/6599/464
f 3780/6601/434 3893/6602/433 3895/6536/401 3782/6535/400
f 3893/6602/433 4004/6603/435 4006/6537/402 3895/6536/401
f 4004/6603/435 4116/6604/436 4118/6538/403 4006/6537/402
f 4116/6604/436 4228/6605/437 4230/6539/404 4118/6538/403
f 4228/6605/437 4341/6606/438 4343/6540/405 4230/6539/404
f 4341/6606/438 4452/6607/439 4454/6541/406 4343/6540/405
f 4452/6607/439 4564/6608/440 4566/6542/407 4454/6541/406
f 4564/6608/440 4676/6609/441 4678/6543/408 4566/6542/407
f 4676/6609/441 4788/6610/442 4790/6544/409 4678/6543/408
f 4788/6610/442 4900/6611/443 4902/6545/410 4790/6544/409
f 4900/6611/443 5012/6612/444 5014/6546/411 4902/6545/410
f 5012/6612/444 5124/6613/445 5126/6547/412 5014/6546/411
f 5124/6613/445 5236/6614/446 5238/6548/413 5126/6547/412
f 5236/6614/446 5349/6615/447 5351/6549/414 5238/6548/413
f 5349/6615/447 5460/6616/448 5462/6550/415 5351/6549/414
f 5460/6616/448 5572/6617/449 5574/6551/416 5462/6550/415
f 5572/6617/449 5685/6618/450 5687/6552/417 5574/6551/416
f 5685/6618/450 5796/6619/451 5798/6553/418 5687/6552/417
f 5796/6619/451 5908/6620/452 5910/6554/419 5798/6553/418
f 5908/6620/452 6020/6621/453 6022/6555/420 5910/6554/419
f 6020/6621/453 6132/6622/454 6134/6556/421 6022/6555/420
f 6132/6622/454 6245/6623/455 6247/6557/422 6134/6556/421
f 6245/6623/455 6357/6624/456 6359/6558/423 6247/6557/422
f 6357/6624/456 6469/6625/457 6471/6559/424 6359/6558/423
f 6469/6625/457 6581/6626/458 6583/6560/425 6471/6559/424
f 6581/6626/458 6693/6627/459 6695/6561/426 6583/6560/425
f 6693/6627/459 6805/6628/460 6807/6562/427 6695/6561/426
f 6805/6628/460 6916/6629/461 6918/6563/428 6807/6562/427
f 6916/6629/461 7028/6630/462 7030/6564/429 6918/6563/428
f 7028/6630/462 7141/6631/463 7143/6565/430 7030/6564/429
f 7141/6631/463 7252/6632/464 7254/6566/431 7143/6565/430
f 7252/6632/464 7364/6633/465 7366/6567/432 7254/6566/431
f 3787/6634/466 3899/6635/467 3900/6636/468 3788/6637/469
f 3899/6635/467 4011/6638/470 4012/6639/471 3900/6636/468
f 4011/6638/470 4123/6640/472 4124/6641/473 4012/6639/471
f 4123/6640/472 4235/6642/474 4236/6643/475 4124/6641/473
f 4235/6642/474 4347/6644/476 4348/6645/477 4236/6643/475
f 4347/6644/476 4459/6646/637 4460/6647/479 4348/6645/477
f 4459/6646/637 4571/6648/480 4572/6649/481 4460/6647/479
f 4571/6648/480 4683/6650/482 4684/6651/483 4572/6649/481
f 4683/6650/482 4795/6652/484 4796/6653/485 4684/6651/483
f 4795/6652/484 4907/6654/486 4908/6655/487 4796/6653/485
f 4907/6654/486 5019/6656/488 5020/6657/489 4908/6655/487
f 5019/6656/488 5131/6658/490 5132/6659/491 5020/6657/489
f 5131/6658/490 5243/6660/492 5244/6661/493 5132/6659/491
f 5243/6660/492 5355/6662/494 5356/6663/495 5244/6661/493
f 5355/6662/494 5467/6664/496 5468/6665/497 5356/6663/495
f 5467/6664/496 5579/6666/498 5580/6667/499 5468/6665/497
f 5579/6666/498 5691/6668/500 5692/6669/501 5580/6667/499
f 5691/6668/500 5803/6670/502 5804/6671/503 5692/6669/501
f 5803/6670/502 5915/6672/504 5916/6673/505 5804/6671/503
f 5915/6672/504 6027/6674/506 6028/6675/507 5916/6673/505
f 6027/6674/506 6139/6676/508 6140/6677/509 6028/6675/507
f 6139/6676/508 6251/6678/510 6252/6679/511 6140/6677/509
f 6251/6678/510 6363/6680/512 6364/6681/513 6252/6679/511
f 6363/6680/512 6475/6682/514 6476/6683/515 6364/6681/513
f 6475/6682/514 6587/6684/516 6588/6685/517 6476/6683/515
f 6587/6684/516 6699/6686/634 6700/6687/519 6588/6685/517
f 6699/6686/634 6811/6688/520 6812/6689/521 6700/6687/519
f 6811/6688/520 6923/6690/522 6924/6691/523 6812/6689/521
f 6923/6690/522 7035/6692/524 7036/6693/525 6924/6691/523
f 7035/6692/524 7147/6694/526 7148/6695/527 7036/6693/525
f 7147/6694/526 7259/6696/528 7260/6697/529 7148/6695/527
f 7259/6696/528 7371/6698/530 7372/6699/531 7260/6697/529
f 3786/6305/434 3886/6304/433 3899/6635/467 3787/6634/466
f 3886/6304/433 4010/6306/435 4011/6638/470 3899/6635/467
f 4010/6306/435 4122/6307/436 4123/6640/472 4011/6638/470
f 4122/6307/436 4234/6308/437 4235/6642/474 4123/6640/472
f 4234/6308/437 4334/6309/438 4347/6644/476 4235/6642/474
f 4334/6309/438 4458/6310/439 4459/6646/637 4347/6644/476
f 4458/6310/439 4570/6311/440 4571/6648/480 4459/6646/637
f 4570/6311/440 4682/6312/441 4683/6650/482 4571/6648/480
f 4682/6312/441 4794/6313/442 4795/6652/484 4683/6650/482
f 4794/6313/442 4906/6314/443 4907/6654/486 4795/6652/484
f 4906/6314/443 5018/6315/444 5019/6656/488 4907/6654/486
f 5018/6315/444 5130/6316/445 5131/6658/490 5019/6656/488
f 5130/6316/445 5242/6317/446 5243/6660/492 5131/6658/490
f 5242/6317/446 5342/6318/447 5355/6662/494 5243/6660/492
f 5342/6318/447 5466/6319/448 5467/6664/496 5355/6662/494
f 5466/6319/448 5578/6320/449 5579/6666/498 5467/6664/496
f 5578/6320/449 5678/6321/450 5691/6668/500 5579/6666/498
f 5678/6321/450 5802/6322/451 5803/6670/502 5691/6668/500
f 5802/6322/451 5914/6323/452 5915/6672/504 5803/6670/502
f 5914/6323/452 6026/6324/453 6027/6674/506 5915/6672/504
f 6026/6324/453 6138/6325/454 6139/6676/508 6027/6674/506
f 6138/6325/454 6238/6326/455 6251/6678/510 6139/6676/508
f 6238/6326/455 6350/6327/456 6363/6680/512 6251/6678/510
f 6350/6327/456 6462/6328/457 6475/6682/514 6363/6680/512
f 6462/6328/457 6574/6329/458 6587/6684/516 6475/6682/514
f 6574/6329/458 6686/6330/459 6699/6686/634 6587/6684/516
f 6686/6330/459 6798/6331/460 6811/6688/520 6699/6686/634
f 6798/6331/460 6922/6332/461 6923/6690/522 6811/6688/520
f 6922/6332/461 7034/6333/462 7035/6692/524 6923/6690/522
f 7034/6333/462 7134/6334/463 7147/6694/526 7035/6692/524
f 7134/6334/463 7258/6335/464 7259/6696/528 7147/6694/526
f 7258/6335/464 7370/6336/465 7371/6698/530 7259/6696/528
f 3788/6637/469 3900/6636/468 3898/6700/532 3785/6701/533
f 3900/6636/468 4012/6639/471 4009/6702/534 3898/6700/532
f 4012/6639/471 4124/6641/473 4121/6703/535 4009/6702/534
f 4124/6641/473 4236/6643/475 4233/6704/536 4121/6703/535
f 4236/6643/475 4348/6645/477 4346/6705/537 4233/6704/536
f 4348/6645/477 4460/6647/479 4457/6706/538 4346/6705/537
f 4460/6647/479 4572/6649/481 4569/6707/539 4457/6706/538
f 4572/6649/481 4684/6651/483 4681/6708/540 4569/6707/539
f 4684/6651/483 4796/6653/485 4793/6709/541 4681/6708/540
f 4796/6653/485 4908/6655/487 4905/6710/542 4793/6709/541
f 4908/6655/487 5020/6657/489 5017/6711/543 4905/6710/542
f 5020/6657/489 5132/6659/491 5129/6712/544 5017/6711/543
f 5132/6659/491 5244/6661/493 5241/6713/545 5129/6712/544
f 5244/6661/493 5356/6663/495 5354/6714/546 5241/6713/545
f 5356/6663/495 5468/6665/497 5465/6715/547 5354/6714/546
f 5468/6665/497 5580/6667/499 5577/6716/548 5465/6715/547
f 5580/6667/499 5692/6669/501 5690/6717/549 5577/6716/548
f 5692/6669/501 5804/6671/503 5801/6718/550 5690/6717/549
f 5804/6671/503 5916/6673/505 5913/6719/551 5801/6718/550
f 5916/6673/505 6028/6675/507 6025/6720/552 5913/6719/551
f 6028/6675/507 6140/6677/509 6137/6721/553 6025/6720/552
f 6140/6677/509 6252/6679/511 6250/6722/554 6137/6721/553
f 6252/6679/511 6364/6681/513 6362/6723/555 6250/6722/554
f 6364/6681/513 6476/6683/515 6474/6724/556 6362/6723/555
f 6476/6683/515 6588/6685/517 6586/6725/557 6474/6724/556
f 6588/6685/517 6700/6687/519 6698/6726/558 6586/6725/557
f 6700/6687/519 6812/6689/521 6810/6727/559 6698/6726/558
f 6812/6689/521 6924/6691/523 6921/6728/560 6810/6727/559
f 6924/6691/523 7036/6693/525 7033/6729/561 6921/6728/560
f 7036/6693/525 7148/6695/527 7146/6730/562 7033/6729/561
f 7148/6695/527 7260/6697/529 7257/6731/563 7146/6730/562
f 7260/6697/529 7372/6699/531 7369/6732/564 7257/6731/563
f 3785/6701/533 3898/6700/532 3893/6602/433 3780/6601/434
f 3898/6700/532 4009/6702/534 4004/6603/435 3893/6602/433
f 4009/6702/534 4121/6703/535 4116/6604/436 4004/6603/435
f 4121/6703/535 4233/6704/536 4228/6605/437 4116/6604/436
f 4233/6704/536 4346/6705/537 4341/6606/438 4228/6605/437
f 4346/6705/537 4457/6706/538 4452/6607/439 4341/6606/438
f 4457/6706/538 4569/6707/539 4564/6608/440 4452/6607/439
f 4569/6707/539 4681/6708/540 4676/6609/441 4564/6608/440
f 4681/6708/540 4793/6709/541 4788/6610/442 4676/6609/441
f 4793/6709/541 4905/6710/542 4900/6611/443 4788/6610/442
f 4905/6710/542 5017/6711/543 5012/6612/444 4900/6611/443
f 5017/6711/543 5129/6712/544 5124/6613/445 5012/6612/444
f 5129/6712/544 5241/6713/545 5236/6614/446 5124/6613/445
f 5241/6713/545 5354/6714/546 5349/6615/447 5236/6614/446
f 5354/6714/546 5465/6715/547 5460/6616/448 5349/6615/447
f 5465/6715/547 5577/6716/548 5572/6617/449 5460/6616/448
f 5577/6716/548 5690/6717/549 5685/6618/450 5572/6617/449
f 5690/6717/549 5801/6718/550 5796/6619/451 5685/6618/450
f 5801/6718/550 5913/6719/551 5908/6620/452 5796/6619/451
f 5913/6719/551 6025/6720/552 6020/6621/453 5908/6620/452
f 6025/6720/552 6137/6721/553 6132/6622/454 6020/6621/453
f 6137/6721/553 6250/6722/554 6245/6623/455 6132/6622/454
f 6250/6722/554 6362/6723/555 6357/6624/456 6245/6623/455
f 6362/6723/555 6474/6724/556 6469/6625/457 6357/6624/456
f 6474/6724/556 6586/6725/557 6581/6626/458 6469/6625/457
f 6586/6725/557 6698/6726/558 6693/6627/459 6581/6626/458
f 6698/6726/558 6810/6727/559 6805/6628/460 6693/6627/459
f 6810/6727/559 6921/6728/560 6916/6629/461 6805/6628/460
f 6921/6728/560 7033/6729/561 7028/6630/462 6916/6629/461
f 7033/6729/561 7146/6730/562 7141/6631/463 7028/6630/462
f 7146/6730/562 7257/6731/563 7252/6632/464 7141/6631/463
f 7257/6731/563 7369/6732/564 7364/6633/465 7252/6632/464
f 3793/6733/334 3905/6734/335 3904/6735/336 3792/6736/337
f 3905/6734/335 4017/6737/338 4016/6738/339 3904/6735/336
f 4017/6737/338 4129/6739/340 4128/6740/341 4016/6738/339
f 4129/6739/340 4241/6741/342 4240/6742/343 4128/6740/341
f 4241/6741/342 4353/6743/344 4352/6744/345 4240/6742/343
f 4353/6743/344 4465/6745/346 4464/6746/636 4352/6744/345
f 4465/6745/346 4577/6747/348 4576/6748/349 4464/6746/636
f 4577/6747/348 4689/6749/350 4688/6750/351 4576/6748/349
f 4689/6749/350 4801/6751/352 4800/6752/353 4688/6750/351
f 4801/6751/352 4913/6753/354 4912/6754/576 4800/6752/353
f 4913/6753/354 5025/6755/356 5024/6756/357 4912/6754/576
f 5025/6755/356 5137/6757/358 5136/6758/359 5024/6756/357
f 5137/6757/358 5249/6759/360 5248/6760/361 5136/6758/359
f 5249/6759/360 5361/6761/362 5360/6762/363 5248/6760/361
f 5361/6761/362 5473/6763/364 5472/6764/365 5360/6762/363
f 5473/6763/364 5585/6765/366 5584/6766/367 5472/6764/365
f 5585/6765/366 5697/6767/368 5696/6768/369 5584/6766/367
f 5697/6767/368 5809/6769/370 5808/6770/371 5696/6768/369
f 5809/6769/370 5921/6771/372 5920/6772/373 5808/6770/371
f 5921/6771/372 6033/6773/374 6032/6774/375 5920/6772/373
f 6033/6773/374 6145/6775/376 6144/6776/377 6032/6774/375
f 6145/6775/376 6257/6777/378 6256/6778/635 6144/6776/377
f 6257/6777/378 6369/6779/380 6368/6780/381 6256/6778/635
f 6369/6779/380 6481/6781/382 6480/6782/383 6368/6780/381
f 6481/6781/382 6593/6783/384 6592/6784/385 6480/6782/383
f 6593/6783/384 6705/6785/386 6704/6786/387 6592/6784/385
f 6705/6785/386 6817/6787/388 6816/6788/389 6704/6786/387
f 6817/6787/388 6929/6789/390 6928/6790/391 6816/6788/389
f 6929/6789/390 7041/6791/392 7040/6792/393 6928/6790/391
f 7041/6791/392 7153/6793/394 7152/6794/395 7040/6792/393
f 7153/6793/394 7265/6795/396 7264/6796/397 7152/6794/395
f 7265/6795/396 7377/6797/398 7376/6798/399 7264/6796/397
f 3791/6799/400 3903/6800/401 3905/6734/335 3793/6733/334
f 3903/6800/401 4015/6801/402 4017/6737/338 3905/6734/335
f 4015/6801/402 4127/6802/403 4129/6739/340 4017/6737/338
f 4127/6802/403 4239/6803/404 4241/6741/342 4129/6739/340
f 4239/6803/404 4351/6804/405 4353/6743/344 4241/6741/342
f 4351/6804/405 4463/6805/406 4465/6745/346 4353/6743/344
f 4463/6805/406 4575/6806/407 4577/6747/348 4465/6745/346
f 4575/6806/407 4687/6807/408 4689/6749/350 4577/6747/348
f 4687/6807/408 4799/6808/409 4801/6751/352 4689/6749/350
f 4799/6808/409 4911/6809/410 4913/6753/354 4801/6751/352
f 4911/6809/410 5023/6810/411 5025/6755/356 4913/6753/354
f 5023/6810/411 5135/6811/412 5137/6757/358 5025/6755/356
f 5135/6811/412 5247/6812/413 5249/6759/360 5137/6757/358
f 5247/6812/413 5359/6813/414 5361/6761/362 5249/6759/360
f 5359/6813/414 5471/6814/415 5473/6763/364 5361/6761/362
f 5471/6814/415 5583/6815/416 5585/6765/366 5473/6763/364
f 5583/6815/416 5695/6816/417 5697/6767/368 5585/6765/366
f 5695/6816/417 5807/6817/418 5809/6769/370 5697/6767/368
f 5807/6817/418 5919/6818/419 5921/6771/372 5809/6769/370
f 5919/6818/419 6031/6819/420 6033/6773/374 5921/6771/372
f 6031/6819/420 6143/6820/421 6145/6775/376 6033/6773/374
f 6143/6820/421 6255/6821/422 6257/6777/378 6145/6775/376
f 6255/6821/422 6367/6822/423 6369/6779/380 6257/6777/378
f 6367/6822/423 6479/6823/424 6481/6781/382 6369/6779/380
f 6479/6823/424 6591/6824/425 6593/6783/384 6481/6781/382
f 6591/6824/425 6703/6825/426 6705/6785/386 6593/6783/384
f 6703/6825/426 6815/6826/427 6817/6787/388 6705/6785/386
f 6815/6826/427 6927/6827/428 6929/6789/390 6817/6787/388
f 6927/6827/428 7039/6828/429 7041/6791/392 6929/6789/390
f 7039/6828/429 7151/6829/430 7153/6793/394 7041/6791/392
f 7151/6829/430 7263/6830/431 7265/6795/396 7153/6793/394
f 7263/6830/431 7375/6831/432 7377/6797/398 7265/6795/396
f 3792/6736/337 3904/6735/336 3902/6832/433 3790/6833/434
f 3904/6735/336 4016/6738/339 4014/6834/435 3902/6832/433
f 4016/6738/339 4128/6740/341 4126/6835/436 4014/6834/435
f 4128/6740/341 4240/6742/343 4238/6836/437 4126/6835/436
f 4240/6742/343 4352/6744/345 4350/6837/438 4238/6836/437
f 4352/6744/345 4464/6746/636 4462/6838/439 4350/6837/438
f 4464/6746/636 4576/6748/349 4574/6839/440 4462/6838/439
f 4576/6748/349 4688/6750/351 4686/6840/441 4574/6839/440
f 4688/6750/351 4800/6752/353 4798/6841/442 4686/6840/441
f 4800/6752/353 4912/6754/576 4910/6842/443 4798/6841/442
f 4912/6754/576 5024/6756/357 5022/6843/444 4910/6842/443
f 5024/6756/357 5136/6758/359 5134/6844/445 5022/6843/444
f 5136/6758/359 5248/6760/361 5246/6845/446 5134/6844/445
f 5248/6760/361 5360/6762/363 5358/6846/447 5246/6845/446
f 5360/6762/363 5472/6764/365 5470/6847/448 5358/6846/447
f 5472/6764/365 5584/6766/367 5582/6848/449 5470/6847/448
f 5584/6766/367 5696/6768/369 5694/6849/450 5582/6848/449
f 5696/6768/369 5808/6770/371 5806/6850/451 5694/6849/450
f 5808/6770/371 5920/6772/373 5918/6851/452 5806/6850/451
f 5920/6772/373 6032/6774/375 6030/6852/453 5918/6851/452
f 6032/6774/375 6144/6776/377 6142/6853/454 6030/6852/453
f 6144/6776/377 6256/6778/635 6254/6854/455 6142/6853/454
f 6256/6778/635 6368/6780/381 6366/6855/456 6254/6854/455
f 6368/6780/381 6480/6782/383 6478/6856/457 6366/6855/456
f 6480/6782/383 6592/6784/385 6590/6857/458 6478/6856/457
f 6592/6784/385 6704/6786/387 6702/6858/459 6590/6857/458
f 6704/6786/387 6816/6788/389 6814/6859/460 6702/6858/459
f 6816/6788/389 6928/6790/391 6926/6860/461 6814/6859/460
f 6928/6790/391 7040/6792/393 7038/6861/462 6926/6860/461
f 7040/6792/393 7152/6794/395 7150/6862/463 7038/6861/462
f 7152/6794/395 7264/6796/397 7262/6863/464 7150/6862/463
f 7264/6796/397 7376/6798/399 7374/6864/465 7262/6863/464
f 3789/6865/434 3901/6866/433 3903/6800/401 3791/6799/400
f 3901/6866/433 4013/6867/435 4015/6801/402 3903/6800/401
f 4013/6867/435 4125/6868/436 4127/6802/403 4015/6801/402
f 4125/6868/436 4237/6869/437 4239/6803/404 4127/6802/403
f 4237/6869/437 4349/6870/438 4351/6804/405 4239/6803/404
f 4349/6870/438 4461/6871/439 4463/6805/406 4351/6804/405
f 4461/6871/439 4573/6872/440 4575/6806/407 4463/6805/406
f 4573/6872/440 4685/6873/441 4687/6807/408 4575/6806/407
f 4685/6873/441 4797/6874/442 4799/6808/409 4687/6807/408
f 4797/6874/442 4909/6875/443 4911/6809/410 4799/6808/409
f 4909/6875/443 5021/6876/444 5023/6810/411 4911/6809/410
f 5021/6876/444 5133/6877/445 5135/6811/412 5023/6810/411
f 5133/6877/445 5245/6878/446 5247/6812/413 5135/6811/412
f 5245/6878/446 5357/6879/447 5359/6813/414 5247/6812/413
f 5357/6879/447 5469/6880/448 5471/6814/415 5359/6813/414
f 5469/6880/448 5581/6881/449 5583/6815/416 5471/6814/415
f 5581/6881/449 5693/6882/450 5695/6816/417 5583/6815/416
f 5693/6882/450 5805/6883/451 5807/6817/418 5695/6816/417
f 5805/6883/451 5917/6884/452 5919/6818/419 5807/6817/418
f 5917/6884/452 6029/6885/453 6031/6819/420 5919/6818/419
f 6029/6885/453 6141/6886/454 6143/6820/421 6031/6819/420
f 6141/6886/454 6253/6887/455 6255/6821/422 6143/6820/421
f 6253/6887/455 6365/6888/456 6367/6822/423 6255/6821/422
f 6365/6888/456 6477/6889/457 6479/6823/424 6367/6822/423
f 6477/6889/457 6589/6890/458 6591/6824/425 6479/6823/424
f 6589/6890/458 6701/6891/459 6703/6825/426 6591/6824/425
f 6701/6891/459 6813/6892/460 6815/6826/427 6703/6825/426
f 6813/6892/460 6925/6893/461 6927/6827/428 6815/6826/427
f 6925/6893/461 7037/6894/462 7039/6828/429 6927/6827/428
f 7037/6894/462 7149/6895/463 7151/6829/430 7039/6828/429
f 7149/6895/463 7261/6896/464 7263/6830/431 7151/6829/430
f 7261/6896/464 7373/6897/465 7375/6831/432 7263/6830/431
f 3795/6898/466 3907/6899/467 3908/6900/468 3796/6901/469
f 3907/6899/467 4019/6902/470 4020/6903/471 3908/6900/468
f 4019/6902/470 4131/6904/472 4132/6905/473 4020/6903/471
f 4131/6904/472 4243/6906/474 4244/6907/475 4132/6905/473
f 4243/6906/474 4355/6908/476 4356/6909/477 4244/6907/475
f 4355/6908/476 4467/6910/478 4468/6911/479 4356/6909/477
f 4467/6910/478 4579/6912/480 4580/6913/481 4468/6911/479
f 4579/6912/480 4691/6914/482 4692/6915/483 4580/6913/481
f 4691/6914/482 4803/6916/484 4804/6917/485 4692/6915/483
f 4803/6916/484 4915/6918/486 4916/6919/487 4804/6917/485
f 4915/6918/486 5027/6920/488 5028/6921/489 4916/6919/487
f 5027/6920/488 5139/6922/490 5140/6923/491 5028/6921/489
f 5139/6922/490 5251/6924/492 5252/6925/493 5140/6923/491
f 5251/6924/492 5363/6926/494 5364/6927/495 5252/6925/493
f 5363/6926/494 5475/6928/496 5476/6929/497 5364/6927/495
f 5475/6928/496 5587/6930/498 5588/6931/499 5476/6929/497
f 5587/6930/498 5699/6932/500 5700/6933/501 5588/6931/499
f 5699/6932/500 5811/6934/502 5812/6935/503 5700/6933/501
f 5811/6934/502 5923/6936/504 5924/6937/505 5812/6935/503
f 5923/6936/504 6035/6938/506 6036/6939/507 5924/6937/505
f 6035/6938/506 6147/6940/508 6148/6941/509 6036/6939/507
f 6147/6940/508 6259/6942/633 6260/6943/511 6148/6941/509
f 6259/6942/633 6371/6944/512 6372/6945/513 6260/6943/511
f 6371/6944/512 6483/6946/514 6484/6947/515 6372/6945/513
f 6483/6946/514 6595/6948/516 6596/6949/517 6484/6947/515
f 6595/6948/516 6707/6950/634 6708/6951/519 6596/6949/517
f 6707/6950/634 6819/6952/520 6820/6953/521 6708/6951/519
f 6819/6952/520 6931/6954/522 6932/6955/523 6820/6953/521
f 6931/6954/522 7043/6956/524 7044/6957/525 6932/6955/523
f 7043/6956/524 7155/6958/526 7156/6959/527 7044/6957/525
f 7155/6958/526 7267/6960/528 7268/6961/529 7156/6959/527
f 7267/6960/528 7379/6962/530 7380/6963/531 7268/6961/529
f 3796/6901/469 3908/6900/468 3906/6964/532 3794/6965/533
f 3908/6900/468 4020/6903/471 4018/6966/534 3906/6964/532
f 4020/6903/471 4132/6905/473 4130/6967/535 4018/6966/534
f 4132/6905/473 4244/6907/475 4242/6968/536 4130/6967/535
f 4244/6907/475 4356/6909/477 4354/6969/537 4242/6968/536
f 4356/6909/477 4468/6911/479 4466/6970/538 4354/6969/537
f 4468/6911/479 4580/6913/481 4578/6971/539 4466/6970/538
f 4580/6913/481 4692/6915/483 4690/6972/540 4578/6971/539
f 4692/6915/483 4804/6917/485 4802/6973/541 4690/6972/540
f 4804/6917/485 4916/6919/487 4914/6974/542 4802/6973/541
f 4916/6919/487 5028/6921/489 5026/6975/543 4914/6974/542
f 5028/6921/489 5140/6923/491 5138/6976/544 5026/6975/543
f 5140/6923/491 5252/6925/493 5250/6977/545 5138/6976/544
f 5252/6925/493 5364/6927/495 5362/6978/546 5250/6977/545
f 5364/6927/495 5476/6929/497 5474/6979/547 5362/6978/546
f 5476/6929/497 5588/6931/499 5586/6980/548 5474/6979/547
f 5588/6931/499 5700/6933/501 5698/6981/549 5586/6980/548
f 5700/6933/501 5812/6935/503 5810/6982/550 5698/6981/549
f 5812/6935/503 5924/6937/505 5922/6983/551 5810/6982/550
f 5924/6937/505 6036/6939/507 6034/6984/552 5922/6983/551
f 6036/6939/507 6148/6941/509 6146/6985/553 6034/6984/552
f 6148/6941/509 6260/6943/511 6258/6986/554 6146/6985/553
f 6260/6943/511 6372/6945/513 6370/6987/555 6258/6986/554
f 6372/6945/513 6484/6947/515 6482/6988/556 6370/6987/555
f 6484/6947/515 6596/6949/517 6594/6989/557 6482/6988/556
f 6596/6949/517 6708/6951/519 6706/6990/558 6594/6989/557
f 6708/6951/519 6820/6953/521 6818/6991/559 6706/6990/558
f 6820/6953/521 6932/6955/523 6930/6992/560 6818/6991/559
f 6932/6955/523 7044/6957/525 7042/6993/561 6930/6992/560
f 7044/6957/525 7156/6959/527 7154/6994/562 7042/6993/561
f 7156/6959/527 7268/6961/529 7266/6995/563 7154/6994/562
f 7268/6961/529 7380/6963/531 7378/6996/564 7266/6995/563
f 3794/6965/533 3906/6964/532 3901/6866/433 3789/6865/434
f 3906/6964/532 4018/6966/534 4013/6867/435 3901/6866/433
f 4018/6966/534 4130/6967/535 4125/6868/436 4013/6867/435
f 4130/6967/535 4242/6968/536 4237/6869/437 4125/6868/436
f 4242/6968/536 4354/6969/537 4349/6870/438 4237/6869/437
f 4354/6969/537 4466/6970/538 4461/6871/439 4349/6870/438
f 4466/6970/538 4578/6971/539 4573/6872/440 4461/6871/439
f 4578/6971/539 4690/6972/540 4685/6873/441 4573/6872/440
f 4690/6972/540 4802/6973/541 4797/6874/442 4685/6873/441
f 4802/6973/541 4914/6974/542 4909/6875/443 4797/6874/442
f 4914/6974/542 5026/6975/543 5021/6876/444 4909/6875/443
f 5026/6975/543 5138/6976/544 5133/6877/445 5021/6876/444
f 5138/6976/544 5250/6977/545 5245/6878/446 5133/6877/445
f 5250/6977/545 5362/6978/546 5357/6879/447 5245/6878/446
f 5362/6978/546 5474/6979/547 5469/6880/448 5357/6879/447
f 5474/6979/547 5586/6980/548 5581/6881/449 5469/6880/448
f 5586/6980/548 5698/6981/549 5693/6882/450 5581/6881/449
f 5698/6981/549 5810/6982/550 5805/6883/451 5693/6882/450
f 5810/6982/550 5922/6983/551 5917/6884/452 5805/6883/451
f 5922/6983/551 6034/6984/552 6029/6885/453 5917/6884/452
f 6034/6984/552 6146/6985/553 6141/6886/454 6029/6885/453
f 6146/6985/553 6258/6986/554 6253/6887/455 6141/6886/454
f 6258/6986/554 6370/6987/555 6365/6888/456 6253/6887/455
f 6370/6987/555 6482/6988/556 6477/6889/457 6365/6888/456
f 6482/6988/556 6594/6989/557 6589/6890/458 6477/6889/457
f 6594/6989/557 6706/6990/558 6701/6891/459 6589/6890/458
f 6706/6990/558 6818/6991/559 6813/6892/460 6701/6891/459
f 6818/6991/559 6930/6992/560 6925/6893/461 6813/6892/460
f 6930/6992/560 7042/6993/561 7037/6894/462 6925/6893/461
f 7042/6993/561 7154/6994/562 7149/6895/463 7037/6894/462
f 7154/6994/562 7266/6995/563 7261/6896/464 7149/6895/463
f 7266/6995/563 7378/6996/564 7373/6897/465 7261/6896/464
f 3781/6569/434 3894/6568/433 3907/6899/467 3795/6898/466
f 3894/6568/433 4005/6570/435 4019/6902/470 3907/6899/467
f 4005/6570/435 4117/6571/436 4131/6904/472 4019/6902/470
f 4117/6571/436 4229/6572/437 4243/6906/474 4131/6904/472
f 4229/6572/437 4342/6573/438 4355/6908/476 4243/6906/474
f 4342/6573/438 4453/6574/439 4467/6910/478 4355/6908/476
f 4453/6574/439 4565/6575/440 4579/6912/480 4467/6910/478
f 4565/6575/440 4677/6576/441 4691/6914/482 4579/6912/480
f 4677/6576/441 4789/6577/442 4803/6916/484 4691/6914/482
f 4789/6577/442 4901/6578/443 4915/6918/486 4803/6916/484
f 4901/6578/443 5013/6579/444 5027/6920/488 4915/6918/486
f 5013/6579/444 5125/6580/445 5139/6922/490 5027/6920/488
f 5125/6580/445 5237/6581/446 5251/6924/492 5139/6922/490
f 5237/6581/446 5350/6582/447 5363/6926/494 5251/6924/492
f 5350/6582/447 5461/6583/448 5475/6928/496 5363/6926/494
f 5461/6583/448 5573/6584/449 5587/6930/498 5475/6928/496
f 5573/6584/449 5686/6585/450 5699/6932/500 5587/6930/498
f 5686/6585/450 5797/6586/451 5811/6934/502 5699/6932/500
f 5797/6586/451 5909/6587/452 5923/6936/504 5811/6934/502
f 5909/6587/452 6021/6588/453 6035/6938/506 5923/6936/504
f 6021/6588/453 6133/6589/454 6147/6940/508 6035/6938/506
f 6133/6589/454 6246/6590/455 6259/6942/633 6147/6940/508
f 6246/6590/455 6358/6591/456 6371/6944/512 6259/6942/633
f 6358/6591/456 6470/6592/457 6483/6946/514 6371/6944/512
f 6470/6592/457 6582/6593/458 6595/6948/516 6483/6946/514
f 6582/6593/458 6694/6594/459 6707/6950/634 6595/6948/516
f 6694/6594/459 6806/6595/460 6819/6952/520 6707/6950/634
f 6806/6595/460 6917/6596/461 6931/6954/522 6819/6952/520
f 6917/6596/461 7029/6597/462 7043/6956/524 6931/6954/522
f 7029/6597/462 7142/6598/463 7155/6958/526 7043/6956/524
f 7142/6598/463 7253/6599/464 7267/6960/528 7155/6958/526
f 7253/6599/464 7365/6600/465 7379/6962/530 7267/6960/528
f 3801/6997/334 3913/6998/335 3912/6999/336 3800/7000/337
f 3913/6998/335 4025/7001/338 4024/7002/339 3912/6999/336
f 4025/7001/338 4137/7003/340 4136/7004/341 4024/7002/339
f 4137/7003/340 4249/7005/342 4248/7006/343 4136/7004/341
f 4249/7005/342 4361/7007/344 4360/7008/345 4248/7006/343
f 4361/7007/344 4473/7009/346 4472/7010/636 4360/7008/345
f 4473/7009/346 4585/7011/348 4584/7012/349 4472/7010/636
f 4585/7011/348 4697/7013/350 4696/7014/351 4584/7012/349
f 4697/7013/350 4809/7015/352 4808/7016/353 4696/7014/351
f 4809/7015/352 4921/7017/354 4920/7018/576 4808/7016/353
f 4921/7017/354 5033/7019/356 5032/7020/357 4920/7018/576
f 5033/7019/356 5145/7021/358 5144/7022/359 5032/7020/357
f 5145/7021/358 5257/7023/360 5256/7024/361 5144/7022/359
f 5257/7023/360 5369/7025/362 5368/7026/363 5256/7024/361
f 5369/7025/362 5481/7027/364 5480/7028/365 5368/7026/363
f 5481/7027/364 5593/7029/366 5592/7030/367 5480/7028/365
f 5593/7029/366 5705/7031/368 5704/7032/369 5592/7030/367
f 5705/7031/368 5817/7033/370 5816/7034/371 5704/7032/369
f 5817/7033/370 5929/7035/372 5928/7036/373 5816/7034/371
f 5929/7035/372 6041/7037/374 6040/7038/375 5928/7036/373
f 6041/7037/374 6153/7039/376 6152/7040/377 6040/7038/375
f 6153/7039/376 6265/7041/378 6264/7042/635 6152/7040/377
f 6265/7041/378 6377/7043/380 6376/7044/381 6264/7042/635
f 6377/7043/380 6489/7045/382 6488/7046/383 6376/7044/381
f 6489/7045/382 6601/7047/384 6600/7048/385 6488/7046/383
f 6601/7047/384 6713/7049/386 6712/7050/593 6600/7048/385
f 6713/7049/386 6825/7051/388 6824/7052/389 6712/7050/593
f 6825/7051/388 6937/7053/390 6936/7054/391 6824/7052/389
f 6937/7053/390 7049/7055/392 7048/7056/393 6936/7054/391
f 7049/7055/392 7161/7057/394 7160/7058/395 7048/7056/393
f 7161/7057/394 7273/7059/396 7272/7060/397 7160/7058/395
f 7273/7059/396 7385/7061/398 7384/7062/399 7272/7060/397
f 3799/7063/400 3911/7064/401 3913/6998/335 3801/6997/334
f 3911/7064/401 4023/7065/402 4025/7001/338 3913/6998/335
f 4023/7065/402 4135/7066/403 4137/7003/340 4025/7001/338
f 4135/7066/403 4247/7067/404 4249/7005/342 4137/7003/340
f 4247/7067/404 4359/7068/405 4361/7007/344 4249/7005/342
f 4359/7068/405 4471/7069/406 4473/7009/346 4361/7007/344
f 4471/7069/406 4583/7070/407 4585/7011/348 4473/7009/346
f 4583/7070/407 4695/7071/408 4697/7013/350 4585/7011/348
f 4695/7071/408 4807/7072/409 4809/7015/352 4697/7013/350
f 4807/7072/409 4919/7073/410 4921/7017/354 4809/7015/352
f 4919/7073/410 5031/7074/411 5033/7019/356 4921/7017/354
f 5031/7074/411 5143/7075/412 5145/7021/358 5033/7019/356
f 5143/7075/412 5255/7076/413 5257/7023/360 5145/7021/358
f 5255/7076/413 5367/7077/414 5369/7025/362 5257/7023/360
f 5367/7077/414 5479/7078/415 5481/7027/364 5369/7025/362
f 5479/7078/415 5591/7079/416 5593/7029/366 5481/7027/364
f 5591/7079/416 5703/7080/417 5705/7031/368 5593/7029/366
f 5703/7080/417 5815/7081/418 5817/7033/370 5705/7031/368
f 5815/7081/418 5927/7082/419 5929/7035/372 5817/7033/370
f 5927/7082/419 6039/7083/420 6041/7037/374 5929/7035/372
f 6039/7083/420 6151/7084/421 6153/7039/376 6041/7037/374
f 6151/7084/421 6263/7085/422 6265/7041/378 6153/7039/376
f 6263/7085/422 6375/7086/423 6377/7043/380 6265/7041/378
f 6375/7086/423 6487/7087/424 6489/7045/382 6377/7043/380
f 6487/7087/424 6599/7088/425 6601/7047/384 6489/7045/382
f 6599/7088/425 6711/7089/426 6713/7049/386 6601/7047/384
f 6711/7089/426 6823/7090/427 6825/7051/388 6713/7049/386
f 6823/7090/427 6935/7091/428 6937/7053/390 6825/7051/388
f 6935/7091/428 7047/7092/429 7049/7055/392 6937/7053/390
f 7047/7092/429 7159/7093/430 7161/7057/394 7049/7055/392
f 7159/7093/430 7271/7094/431 7273/7059/396 7161/7057/394
f 7271/7094/431 7383/7095/432 7385/7061/398 7273/7059/396
f 3800/7000/337 3912/6999/336 3910/7096/433 3798/7097/434
f 3912/6999/336 4024/7002/339 4022/7098/435 3910/7096/433
f 4024/7002/339 4136/7004/341 4134/7099/436 4022/7098/435
f 4136/7004/341 4248/7006/343 4246/7100/437 4134/7099/436
f 4248/7006/343 4360/7008/345 4358/7101/438 4246/7100/437
f 4360/7008/345 4472/7010/636 4470/7102/439 4358/7101/438
f 4472/7010/636 4584/7012/349 4582/7103/440 4470/7102/439
f 4584/7012/349 4696/7014/351 4694/7104/441 4582/7103/440
f 4696/7014/351 4808/7016/353 4806/7105/442 4694/7104/441
f 4808/7016/353 4920/7018/576 4918/7106/443 4806/7105/442
f 4920/7018/576 5032/7020/357 5030/7107/444 4918/7106/443
f 5032/7020/357 5144/7022/359 5142/7108/445 5030/7107/444
f 5144/7022/359 5256/7024/361 5254/7109/446 5142/7108/445
f 5256/7024/361 5368/7026/363 5366/7110/447 5254/7109/446
f 5368/7026/363 5480/7028/365 5478/7111/448 5366/7110/447
f 5480/7028/365 5592/7030/367 5590/7112/449 5478/7111/448
f 5592/7030/367 5704/7032/369 5702/7113/450 5590/7112/449
f 5704/7032/369 5816/7034/371 5814/7114/451 5702/7113/450
f 5816/7034/371 5928/7036/373 5926/7115/452 5814/7114/451
f 5928/7036/373 6040/7038/375 6038/7116/453 5926/7115/452
f 6040/7038/375 6152/7040/377 6150/7117/454 6038/7116/453
f 6152/7040/377 6264/7042/635 6262/7118/455 6150/7117/454
f 6264/7042/635 6376/7044/381 6374/7119/456 6262/7118/455
f 6376/7044/381 6488/7046/383 6486/7120/457 6374/7119/456
f 6488/7046/383 6600/7048/385 6598/7121/458 6486/7120/457
f 6600/7048/385 6712/7050/593 6710/7122/459 6598/7121/458
f 6712/7050/593 6824/7052/389 6822/7123/460 6710/7122/459
f 6824/7052/389 6936/7054/391 6934/7124/461 6822/7123/460
f 6936/7054/391 7048/7056/393 7046/7125/462 6934/7124/461
f 7048/7056/393 7160/7058/395 7158/7126/463 7046/7125/462
f 7160/7058/395 7272/7060/397 7270/7127/464 7158/7126/463
f 7272/7060/397 7384/7062/399 7382/7128/465 7270/7127/464
f 3797/7129/434 3909/7130/433 3911/7064/401 3799/7063/400
f 3909/7130/433 4021/7131/435 4023/7065/402 3911/7064/401
f 4021/7131/435 4133/7132/436 4135/7066/403 4023/7065/402
f 4133/7132/436 4245/7133/437 4247/7067/404 4135/7066/403
f 4245/7133/437 4357/7134/438 4359/7068/405 4247/7067/404
f 4357/7134/438 4469/7135/439 4471/7069/406 4359/7068/405
f 4469/7135/439 4581/7136/440 4583/7070/407 4471/7069/406
f 4581/7136/440 4693/7137/441 4695/7071/408 4583/7070/407
f 4693/7137/441 4805/7138/442 4807/7072/409 4695/7071/408
f 4805/7138/442 4917/7139/443 4919/7073/410 4807/7072/409
f 4917/7139/443 5029/7140/444 5031/7074/411 4919/7073/410
f 5029/7140/444 5141/7141/445 5143/7075/412 5031/7074/411
f 5141/7141/445 5253/7142/446 5255/7076/413 5143/7075/412
f 5253/7142/446 5365/7143/447 5367/7077/414 5255/7076/413
f 5365/7143/447 5477/7144/448 5479/7078/415 5367/7077/414
f 5477/7144/448 5589/7145/449 5591/7079/416 5479/7078/415
f 5589/7145/449 5701/7146/450 5703/7080/417 5591/7079/416
f 5701/7146/450 5813/7147/451 5815/7081/418 5703/7080/417
f 5813/7147/451 5925/7148/452 5927/7082/419 5815/7081/418
f 5925/7148/452 6037/7149/453 6039/7083/420 5927/7082/419
f 6037/7149/453 6149/7150/454 6151/7084/421 6039/7083/420
f 6149/7150/454 6261/7151/455 6263/7085/422 6151/7084/421
f 6261/7151/455 6373/7152/456 6375/7086/423 6263/7085/422
f 6373/7152/456 6485/7153/457 6487/7087/424 6375/7086/423
f 6485/7153/457 6597/7154/458 6599/7088/425 6487/7087/424
f 6597/7154/458 6709/7155/459 6711/7089/426 6599/7088/425
f 6709/7155/459 6821/7156/460 6823/7090/427 6711/7089/426
f 6821/7156/460 6933/7157/461 6935/7091/428 6823/7090/427
f 6933/7157/461 7045/7158/462 7047/7092/429 6935/7091/428
f 7045/7158/462 7157/7159/463 7159/7093/430 7047/7092/429
f 7157/7159/463 7269/7160/464 7271/7094/431 7159/7093/430
f 7269/7160/464 7381/7161/465 7383/7095/432 7271/7094/431
f 3803/7162/466 3915/7163/467 3916/7164/468 3804/7165/469
f 3915/7163/467 4027/7166/470 4028/7167/471 3916/7164/468
f 4027/7166/470 4139/7168/472 4140/7169/473 4028/7167/471
f 4139/7168/472 4251/7170/474 4252/7171/475 4140/7169/473
f 4251/7170/474 4363/7172/476 4364/7173/477 4252/7171/475
f 4363/7172/476 4475/7174/478 4476/7175/479 4364/7173/477
f 4475/7174/478 4587/7176/480 4588/7177/481 4476/7175/479
f 4587/7176/480 4699/7178/482 4700/7179/483 4588/7177/481
f 4699/7178/482 4811/7180/484 4812/7181/485 4700/7179/483
f 4811/7180/484 4923/7182/486 4924/7183/487 4812/7181/485
f 4923/7182/486 5035/7184/488 5036/7185/489 4924/7183/487
f 5035/7184/488 5147/7186/490 5148/7187/491 5036/7185/489
f 5147/7186/490 5259/7188/492 5260/7189/493 5148/7187/491
f 5259/7188/492 5371/7190/494 5372/7191/495 5260/7189/493
f 5371/7190/494 5483/7192/496 5484/7193/497 5372/7191/495
f 5483/7192/496 5595/7194/498 5596/7195/499 5484/7193/497
f 5595/7194/498 5707/7196/500 5708/7197/501 5596/7195/499
f 5707/7196/500 5819/7198/502 5820/7199/503 5708/7197/501
f 5819/7198/502 5931/7200/504 5932/7201/505 5820/7199/503
f 5931/7200/504 6043/7202/506 6044/7203/507 5932/7201/505
f 6043/7202/506 6155/7204/508 6156/7205/509 6044/7203/507
f 6155/7204/508 6267/7206/633 6268/7207/511 6156/7205/509
f 6267/7206/633 6379/7208/512 6380/7209/513 6268/7207/511
f 6379/7208/512 6491/7210/514 6492/7211/515 6380/7209/513
f 6491/7210/514 6603/7212/516 6604/7213/517 6492/7211/515
f 6603/7212/516 6715/7214/634 6716/7215/519 6604/7213/517
f 6715/7214/634 6827/7216/520 6828/7217/521 6716/7215/519
f 6827/7216/520 6939/7218/522 6940/7219/523 6828/7217/521
f 6939/7218/522 7051/7220/524 7052/7221/525 6940/7219/523
f 7051/7220/524 7163/7222/526 7164/7223/527 7052/7221/525
f 7163/7222/526 7275/7224/528 7276/7225/529 7164/7223/527
f 7275/7224/528 7387/7226/530 7388/7227/531 7276/7225/529
f 3804/7165/469 3916/7164/468 3914/7228/532 3802/7229/533
f 3916/7164/468 4028/7167/471 4026/7230/534 3914/7228/532
f 4028/7167/471 4140/7169/473 4138/7231/535 4026/7230/534
f 4140/7169/473 4252/7171/475 4250/7232/536 4138/7231/535
f 4252/7171/475 4364/7173/477 4362/7233/537 4250/7232/536
f 4364/7173/477 4476/7175/479 4474/7234/538 4362/7233/537
f 4476/7175/479 4588/7177/481 4586/7235/539 4474/7234/538
f 4588/7177/481 4700/7179/483 4698/7236/540 4586/7235/539
f 4700/7179/483 4812/7181/485 4810/7237/541 4698/7236/540
f 4812/7181/485 4924/7183/487 4922/7238/542 4810/7237/541
f 4924/7183/487 5036/7185/489 5034/7239/543 4922/7238/542
f 5036/7185/489 5148/7187/491 5146/7240/544 5034/7239/543
f 5148/7187/491 5260/7189/493 5258/7241/545 5146/7240/544
f 5260/7189/493 5372/7191/495 5370/7242/546 5258/7241/545
f 5372/7191/495 5484/7193/497 5482/7243/547 5370/7242/546
f 5484/7193/497 5596/7195/499 5594/7244/548 5482/7243/547
f 5596/7195/499 5708/7197/501 5706/7245/549 5594/7244/548
f 5708/7197/501 5820/7199/503 5818/7246/550 5706/7245/549
f 5820/7199/503 5932/7201/505 5930/7247/551 5818/7246/550
f 5932/7201/505 6044/7203/507 6042/7248/552 5930/7247/551
f 6044/7203/507 6156/7205/509 6154/7249/553 6042/7248/552
f 6156/7205/509 6268/7207/511 6266/7250/554 6154/7249/553
f 6268/7207/511 6380/7209/513 6378/7251/555 6266/7250/554
f 6380/7209/513 6492/7211/515 6490/7252/556 6378/7251/555
f 6492/7211/515 6604/7213/517 6602/7253/557 6490/7252/556
f 6604/7213/517 6716/7215/519 6714/7254/558 6602/7253/557
f 6716/7215/519 6828/7217/521 6826/7255/559 6714/7254/558
f 6828/7217/521 6940/7219/523 6938/7256/560 6826/7255/559
f 6940/7219/523 7052/7221/525 7050/7257/561 6938/7256/560
f 7052/7221/525 7164/7223/527 7162/7258/562 7050/7257/561
f 7164/7223/527 7276/7225/529 7274/7259/563 7162/7258/562
f 7276/7225/529 7388/7227/531 7386/7260/564 7274/7259/563
f 3802/7229/533 3914/7228/532 3909/7130/433 3797/7129/434
f 3914/7228/532 4026/7230/534 4021/7131/435 3909/7130/433
f 4026/7230/534 4138/7231/535 4133/7132/436 4021/7131/435
f 4138/7231/535 4250/7232/536 4245/7133/437 4133/7132/436
f 4250/7232/536 4362/7233/537 4357/7134/438 4245/7133/437
f 4362/7233/537 4474/7234/538 4469/7135/439 4357/7134/438
f 4474/7234/538 4586/7235/539 4581/7136/440 4469/7135/439
f 4586/7235/539 4698/7236/540 4693/7137/441 4581/7136/440
f 4698/7236/540 4810/7237/541 4805/7138/442 4693/7137/441
f 4810/7237/541 4922/7238/542 4917/7139/443 4805/7138/442
f 4922/7238/542 5034/7239/543 5029/7140/444 4917/7139/443
f 5034/7239/543 5146/7240/544 5141/7141/445 5029/7140/444
f 5146/7240/544 5258/7241/545 5253/7142/446 5141/7141/445
f 5258/7241/545 5370/7242/546 5365/7143/447 5253/7142/446
f 5370/7242/546 5482/7243/547 5477/7144/448 5365/7143/447
f 5482/7243/547 5594/7244/548 5589/7145/449 5477/7144/448
f 5594/7244/548 5706/7245/549 5701/7146/450 5589/7145/449
f 5706/7245/549 5818/7246/550 5813/7147/451 5701/7146/450
f 5818/7246/550 5930/7247/551 5925/7148/452 5813/7147/451
f 5930/7247/551 6042/7248/552 6037/7149/453 5925/7148/452
f 6042/7248/552 6154/7249/553 6149/7150/454 6037/7149/453
f 6154/7249/553 6266/7250/554 6261/7151/455 6149/7150/454
f 6266/7250/554 6378/7251/555 6373/7152/456 6261/7151/455
f 6378/7251/555 6490/7252/556 6485/7153/457 6373/7152/456
f 6490/7252/556 6602/7253/557 6597/7154/458 6485/7153/457
f 6602/7253/557 6714/7254/558 6709/7155/459 6597/7154/458
f 6714/7254/558 6826/7255/559 6821/7156/460 6709/7155/459
f 6826/7255/559 6938/7256/560 6933/7157/461 6821/7156/460
f 6938/7256/560 7050/7257/561 7045/7158/462 6933/7157/461
f 7050/7257/561 7162/7258/562 7157/7159/463 7045/7158/462
f 7162/7258/562 7274/7259/563 7269/7160/464 7157/7159/463
f 7274/7259/563 7386/7260/564 7381/7161/465 7269/7160/464
f 3807/7261/466 3919/7262/467 3920/7263/468 3808/7264/469
f 3919/7262/467 4031/7265/470 4032/7266/471 3920/7263/468
f 4031/7265/470 4143/7267/472 4144/7268/473 4032/7266/471
f 4143/7267/472 4255/7269/474 4256/7270/475 4144/7268/473
f 4255/7269/474 4367/7271/476 4368/7272/477 4256/7270/475
f 4367/7271/476 4479/7273/637 4480/7274/479 4368/7272/477
f 4479/7273/637 4591/7275/480 4592/7276/481 4480/7274/479
f 4591/7275/480 4703/7277/482 4704/7278/483 4592/7276/481
f 4703/7277/482 4815/7279/484 4816/7280/485 4704/7278/483
f 4815/7279/484 4927/7281/638 4928/7282/487 4816/7280/485
f 4927/7281/638 5039/7283/488 5040/7284/489 4928/7282/487
f 5039/7283/488 5151/7285/490 5152/7286/491 5040/7284/489
f 5151/7285/490 5263/7287/492 5264/7288/493 5152/7286/491
f 5263/7287/492 5375/7289/494 5376/7290/495 5264/7288/493
f 5375/7289/494 5487/7291/496 5488/7292/497 5376/7290/495
f 5487/7291/496 5599/7293/498 5600/7294/499 5488/7292/497
f 5599/7293/498 5711/7295/500 5712/7296/501 5600/7294/499
f 5711/7295/500 5823/7297/502 5824/7298/503 5712/7296/501
f 5823/7297/502 5935/7299/504 5936/7300/505 5824/7298/503
f 5935/7299/504 6047/7301/506 6048/7302/507 5936/7300/505
f 6047/7301/506 6159/7303/508 6160/7304/509 6048/7302/507
f 6159/7303/508 6271/7305/510 6272/7306/511 6160/7304/509
f 6271/7305/510 6383/7307/512 6384/7308/513 6272/7306/511
f 6383/7307/512 6495/7309/514 6496/7310/515 6384/7308/513
f 6495/7309/514 6607/7311/516 6608/7312/517 6496/7310/515
f 6607/7311/516 6719/7313/634 6720/7314/519 6608/7312/517
f 6719/7313/634 6831/7315/520 6832/7316/521 6720/7314/519
f 6831/7315/520 6943/7317/522 6944/7318/523 6832/7316/521
f 6943/7317/522 7055/7319/524 7056/7320/525 6944/7318/523
f 7055/7319/524 7167/7321/526 7168/7322/527 7056/7320/525
f 7167/7321/526 7279/7323/528 7280/7324/529 7168/7322/527
f 7279/7323/528 7391/7325/530 7392/7326/531 7280/7324/529
f 3808/7264/469 3920/7263/468 3918/7327/532 3806/7328/533
f 3920/7263/468 4032/7266/471 4030/7329/534 3918/7327/532
f 4032/7266/471 4144/7268/473 4142/7330/535 4030/7329/534
f 4144/7268/473 4256/7270/475 4254/7331/536 4142/7330/535
f 4256/7270/475 4368/7272/477 4366/7332/537 4254/7331/536
f 4368/7272/477 4480/7274/479 4478/7333/538 4366/7332/537
f 4480/7274/479 4592/7276/481 4590/7334/539 4478/7333/538
f 4592/7276/481 4704/7278/483 4702/7335/540 4590/7334/539
f 4704/7278/483 4816/7280/485 4814/7336/541 4702/7335/540
f 4816/7280/485 4928/7282/487 4926/7337/542 4814/7336/541
f 4928/7282/487 5040/7284/489 5038/7338/543 4926/7337/542
f 5040/7284/489 5152/7286/491 5150/7339/544 5038/7338/543
f 5152/7286/491 5264/7288/493 5262/7340/545 5150/7339/544
f 5264/7288/493 5376/7290/495 5374/7341/546 5262/7340/545
f 5376/7290/495 5488/7292/497 5486/7342/547 5374/7341/546
f 5488/7292/497 5600/7294/499 5598/7343/548 5486/7342/547
f 5600/7294/499 5712/7296/501 5710/7344/549 5598/7343/548
f 5712/7296/501 5824/7298/503 5822/7345/550 5710/7344/549
f 5824/7298/503 5936/7300/505 5934/7346/551 5822/7345/550
f 5936/7300/505 6048/7302/507 6046/7347/552 5934/7346/551
f 6048/7302/507 6160/7304/509 6158/7348/553 6046/7347/552
f 6160/7304/509 6272/7306/511 6270/7349/554 6158/7348/553
f 6272/7306/511 6384/7308/513 6382/7350/555 6270/7349/554
f 6384/7308/513 6496/7310/515 6494/7351/556 6382/7350/555
f 6496/7310/515 6608/7312/517 6606/7352/557 6494/7351/556
f 6608/7312/517 6720/7314/519 6718/7353/558 6606/7352/557
f 6720/7314/519 6832/7316/521 6830/7354/559 6718/7353/558
f 6832/7316/521 6944/7318/523 6942/7355/560 6830/7354/559
f 6944/7318/523 7056/7320/525 7054/7356/561 6942/7355/560
f 7056/7320/525 7168/7322/527 7166/7357/562 7054/7356/561
f 7168/7322/527 7280/7324/529 7278/7358/563 7166/7357/562
f 7280/7324/529 7392/7326/531 7390/7359/564 7278/7358/563
f 3806/7328/533 3918/7327/532 3917/7360/639 3805/7361/640
f 3918/7327/532 4030/7329/534 4029/7362/641 3917/7360/639
f 4030/7329/534 4142/7330/535 4141/7363/642 4029/7362/641
f 4142/7330/535 4254/7331/536 4253/7364/643 4141/7363/642
f 4254/7331/536 4366/7332/537 4365/7365/644 4253/7364/643
f 4366/7332/537 4478/7333/538 4477/7366/645 4365/7365/644
f 4478/7333/538 4590/7334/539 4589/7367/646 4477/7366/645
f 4590/7334/539 4702/7335/540 4701/7368/647 4589/7367/646
f 4702/7335/540 4814/7336/541 4813/7369/648 4701/7368/647
f 4814/7336/541 4926/7337/542 4925/7370/649 4813/7369/648
f 4926/7337/542 5038/7338/543 5037/7371/650 4925/7370/649
f 5038/7338/543 5150/7339/544 5149/7372/651 5037/7371/650
f 5150/7339/544 5262/7340/545 5261/7373/652 5149/7372/651
f 5262/7340/545 5374/7341/546 5373/7374/653 5261/7373/652
f 5374/7341/546 5486/7342/547 5485/7375/654 5373/7374/653
f 5486/7342/547 5598/7343/548 5597/7376/655 5485/7375/654
f 5598/7343/548 5710/7344/549 5709/7377/656 5597/7376/655
f 5710/7344/549 5822/7345/550 5821/7378/657 5709/7377/656
f 5822/7345/550 5934/7346/551 5933/7379/658 5821/7378/657
f 5934/7346/551 6046/7347/552 6045/7380/659 5933/7379/658
f 6046/7347/552 6158/7348/553 6157/7381/660 6045/7380/659
f 6158/7348/553 6270/7349/554 6269/7382/661 6157/7381/660
f 6270/7349/554 6382/7350/555 6381/7383/662 6269/7382/661
f 6382/7350/555 6494/7351/556 6493/7384/663 6381/7383/662
f 6494/7351/556 6606/7352/557 6605/7385/664 6493/7384/663
f 6606/7352/557 6718/7353/558 6717/7386/665 6605/7385/664
f 6718/7353/558 6830/7354/559 6829/7387/666 6717/7386/665
f 6830/7354/559 6942/7355/560 6941/7388/667 6829/7387/666
f 6942/7355/560 7054/7356/561 7053/7389/668 6941/7388/667
f 7054/7356/561 7166/7357/562 7165/7390/669 7053/7389/668
f 7166/7357/562 7278/7358/563 7277/7391/670 7165/7390/669
f 7278/7358/563 7390/7359/564 7389/7392/671 7277/7391/670
f 3798/7097/434 3910/7096/433 3919/7262/467 3807/7261/466
f 3910/7096/433 4022/7098/435 4031/7265/470 3919/7262/467
f 4022/7098/435 4134/7099/436 4143/7267/472 4031/7265/470
f 4134/7099/436 4246/7100/437 4255/7269/474 4143/7267/472
f 4246/7100/437 4358/7101/438 4367/7271/476 4255/7269/474
f 4358/7101/438 4470/7102/439 4479/7273/637 4367/7271/476
f 4470/7102/439 4582/7103/440 4591/7275/480 4479/7273/637
f 4582/7103/440 4694/7104/441 4703/7277/482 4591/7275/480
f 4694/7104/441 4806/7105/442 4815/7279/484 4703/7277/482
f 4806/7105/442 4918/7106/443 4927/7281/638 4815/7279/484
f 4918/7106/443 5030/7107/444 5039/7283/488 4927/7281/638
f 5030/7107/444 5142/7108/445 5151/7285/490 5039/7283/488
f 5142/7108/445 5254/7109/446 5263/7287/492 5151/7285/490
f 5254/7109/446 5366/7110/447 5375/7289/494 5263/7287/492
f 5366/7110/447 5478/7111/448 5487/7291/496 5375/7289/494
f 5478/7111/448 5590/7112/449 5599/7293/498 5487/7291/496
f 5590/7112/449 5702/7113/450 5711/7295/500 5599/7293/498
f 5702/7113/450 5814/7114/451 5823/7297/502 5711/7295/500
f 5814/7114/451 5926/7115/452 5935/7299/504 5823/7297/502
f 5926/7115/452 6038/7116/453 6047/7301/506 5935/7299/504
f 6038/7116/453 6150/7117/454 6159/7303/508 6047/7301/506
f 6150/7117/454 6262/7118/455 6271/7305/510 6159/7303/508
f 6262/7118/455 6374/7119/456 6383/7307/512 6271/7305/510
f 6374/7119/456 6486/7120/457 6495/7309/514 6383/7307/512
f 6486/7120/457 6598/7121/458 6607/7311/516 6495/7309/514
f 6598/7121/458 6710/7122/459 6719/7313/634 6607/7311/516
f 6710/7122/459 6822/7123/460 6831/7315/520 6719/7313/634
f 6822/7123/460 6934/7124/461 6943/7317/522 6831/7315/520
f 6934/7124/461 7046/7125/462 7055/7319/524 6943/7317/522
f 7046/7125/462 7158/7126/463 7167/7321/526 7055/7319/524
f 7158/7126/463 7270/7127/464 7279/7323/528 7167/7321/526
f 7270/7127/464 7382/7128/465 7391/7325/530 7279/7323/528
f 3710/4193/434 3822/4192/433 3835/4523/467 3723/4522/466
f 3822/4192/433 3934/4194/435 3947/4526/470 3835/4523/467
f 3934/4194/435 4046/4195/436 4059/4528/472 3947/4526/470
f 4046/4195/436 4158/4196/437 4171/4530/474 4059/4528/472
f 4158/4196/437 4270/4197/438 4283/4532/476 4171/4530/474
f 4270/4197/438 4382/4198/439 4395/4534/478 4283/4532/476
f 4382/4198/439 4494/4199/440 4507/4536/480 4395/4534/478
f 4494/4199/440 4606/4200/441 4619/4538/482 4507/4536/480
f 4606/4200/441 4718/4201/442 4731/4540/484 4619/4538/482
f 4718/4201/442 4830/4202/443 4843/4542/486 4731/4540/484
f 4830/4202/443 4942/4203/444 4955/4544/488 4843/4542/486
f 4942/4203/444 5054/4204/445 5067/4546/490 4955/4544/488
f 5054/4204/445 5166/4205/446 5179/4548/492 5067/4546/490
f 5166/4205/446 5278/4206/447 5291/4550/494 5179/4548/492
f 5278/4206/447 5390/4207/448 5403/4552/496 5291/4550/494
f 5390/4207/448 5502/4208/449 5515/4554/498 5403/4552/496
f 5502/4208/449 5614/4209/450 5627/4556/500 5515/4554/498
f 5614/4209/450 5726/4210/451 5739/4558/502 5627/4556/500
f 5726/4210/451 5838/4211/452 5851/4560/504 5739/4558/502
f 5838/4211/452 5950/4212/453 5963/4562/506 5851/4560/504
f 5950/4212/453 6062/4213/454 6075/4564/508 5963/4562/506
f 6062/4213/454 6174/4214/455 6187/4566/633 6075/4564/508
f 6174/4214/455 6286/4215/456 6299/4568/512 6187/4566/633
f 6286/4215/456 6398/4216/457 6411/4570/514 6299/4568/512
f 6398/4216/457 6510/4217/458 6523/4572/516 6411/4570/514
f 6510/4217/458 6622/4218/459 6635/4574/634 6523/4572/516
f 6622/4218/459 6734/4219/460 6747/4576/520 6635/4574/634
f 6734/4219/460 6846/4220/461 6859/4578/522 6747/4576/520
f 6846/4220/461 6958/4221/462 6971/4580/524 6859/4578/522
f 6958/4221/462 7070/4222/463 7083/4582/526 6971/4580/524
f 7070/4222/463 7182/4223/464 7195/4584/528 7083/4582/526
f 7182/4223/464 7294/4224/465 7307/4586/530 7195/4584/528
f 3726/4721/434 3838/4720/433 3851/5051/467 3739/5050/466
f 3838/4720/433 3950/4722/435 3963/5054/470 3851/5051/467
f 3950/4722/435 4062/4723/436 4075/5056/472 3963/5054/470
f 4062/4723/436 4174/4724/437 4187/5058/474 4075/5056/472
f 4174/4724/437 4286/4725/438 4299/5060/476 4187/5058/474
f 4286/4725/438 4398/4726/439 4411/5062/637 4299/5060/476
f 4398/4726/439 4510/4727/440 4523/5064/480 4411/5062/637
f 4510/4727/440 4622/4728/441 4635/5066/482 4523/5064/480
f 4622/4728/441 4734/4729/442 4747/5068/484 4635/5066/482
f 4734/4729/442 4846/4730/443 4859/5070/638 4747/5068/484
f 4846/4730/443 4958/4731/444 4971/5072/488 4859/5070/638
f 4958/4731/444 5070/4732/445 5083/5074/490 4971/5072/488
f 5070/4732/445 5182/4733/446 5195/5076/492 5083/5074/490
f 5182/4733/446 5294/4734/447 5307/5078/494 5195/5076/492
f 5294/4734/447 5406/4735/448 5419/5080/496 5307/5078/494
f 5406/4735/448 5518/4736/449 5531/5082/498 5419/5080/496
f 5518/4736/449 5630/4737/450 5643/5084/500 5531/5082/498
f 5630/4737/450 5742/4738/451 5755/5086/502 5643/5084/500
f 5742/4738/451 5854/4739/452 5867/5088/504 5755/5086/502
f 5854/4739/452 5966/4740/453 5979/5090/506 5867/5088/504
f 5966/4740/453 6078/4741/454 6091/5092/508 5979/5090/506
f 6078/4741/454 6190/4742/455 6203/5094/510 6091/5092/508
f 6190/4742/455 6302/4743/456 6315/5096/512 6203/5094/510
f 6302/4743/456 6414/4744/457 6427/5098/514 6315/5096/512
f 6414/4744/457 6526/4745/458 6539/5100/516 6427/5098/514
f 6526/4745/458 6638/4746/459 6651/5102/634 6539/5100/516
f 6638/4746/459 6750/4747/460 6763/5104/520 6651/5102/634
f 6750/4747/460 6862/4748/461 6875/5106/522 6763/5104/520
f 6862/4748/461 6974/4749/462 6987/5108/524 6875/5106/522
f 6974/4749/462 7086/4750/463 7099/5110/526 6987/5108/524
f 7086/4750/463 7198/4751/464 7211/5112/528 7099/5110/526
f 7198/4751/464 7310/4752/465 7323/5114/530 7211/5112/528
f 3758/5777/434 3870/5776/433 3883/6107/467 3771/6106/466
f 3870/5776/433 3982/5778/435 3995/6110/470 3883/6107/467
f 3982/5778/435 4094/5779/436 4107/6112/472 3995/6110/470
f 4094/5779/436 4206/5780/437 4219/6114/474 4107/6112/472
f 4206/5780/437 4318/5781/438 4331/6116/476 4219/6114/474
f 4318/5781/438 4430/5782/439 4443/6118/478 4331/6116/476
f 4430/5782/439 4542/5783/440 4555/6120/480 4443/6118/478
f 4542/5783/440 4654/5784/441 4667/6122/482 4555/6120/480
f 4654/5784/441 4766/5785/442 4779/6124/484 4667/6122/482
f 4766/5785/442 4878/5786/443 4891/6126/486 4779/6124/484
f 4878/5786/443 4990/5787/444 5003/6128/488 4891/6126/486
f 4990/5787/444 5102/5788/445 5115/6130/490 5003/6128/488
f 5102/5788/445 5214/5789/446 5227/6132/492 5115/6130/490
f 5214/5789/446 5326/5790/447 5339/6134/494 5227/6132/492
f 5326/5790/447 5438/5791/448 5451/6136/496 5339/6134/494
f 5438/5791/448 5550/5792/449 5563/6138/498 5451/6136/496
f 5550/5792/449 5662/5793/450 5675/6140/500 5563/6138/498
f 5662/5793/450 5774/5794/451 5787/6142/502 5675/6140/500
f 5774/5794/451 5886/5795/452 5899/6144/504 5787/6142/502
f 5886/5795/452 5998/5796/453 6011/6146/506 5899/6144/504
f 5998/5796/453 6110/5797/454 6123/6148/508 6011/6146/506
f 6110/5797/454 6222/5798/455 6235/6150/633 6123/6148/508
f 6222/5798/455 6334/5799/456 6347/6152/512 6235/6150/633
f 6334/5799/456 6446/5800/457 6459/6154/514 6347/6152/512
f 6446/5800/457 6558/5801/458 6571/6156/516 6459/6154/514
f 6558/5801/458 6670/5802/459 6683/6158/634 6571/6156/516
f 6670/5802/459 6782/5803/460 6795/6160/520 6683/6158/634
f 6782/5803/460 6894/5804/461 6907/6162/522 6795/6160/520
f 6894/5804/461 7006/5805/462 7019/6164/524 6907/6162/522
f 7006/5805/462 7118/5806/463 7131/6166/526 7019/6164/524
f 7118/5806/463 7230/5807/464 7243/6168/528 7131/6166/526
f 7230/5807/464 7342/5808/465 7355/6170/530 7243/6168/528
f 3790/6833/434 3902/6832/433 3915/7163/467 3803/7162/466
f 3902/6832/433 4014/6834/435 4027/7166/470 3915/7163/467
f 4014/6834/435 4126/6835/436 4139/7168/472 4027/7166/470
f 4126/6835/436 4238/6836/437 4251/7170/474 4139/7168/472
f 4238/6836/437 4350/6837/438 4363/7172/476 4251/7170/474
f 4350/6837/438 4462/6838/439 4475/7174/478 4363/7172/476
f 4462/6838/439 4574/6839/440 4587/7176/480 4475/7174/478
f 4574/6839/440 4686/6840/441 4699/7178/482 4587/7176/480
f 4686/6840/441 4798/6841/442 4811/7180/484 4699/7178/482
f 4798/6841/442 4910/6842/443 4923/7182/486 4811/7180/484
f 4910/6842/443 5022/6843/444 5035/7184/488 4923/7182/486
f 5022/6843/444 5134/6844/445 5147/7186/490 5035/7184/488
f 5134/6844/445 5246/6845/446 5259/7188/492 5147/7186/490
f 5246/6845/446 5358/6846/447 5371/7190/494 5259/7188/492
f 5358/6846/447 5470/6847/448 5483/7192/496 5371/7190/494
f 5470/6847/448 5582/6848/449 5595/7194/498 5483/7192/496
f 5582/6848/449 5694/6849/450 5707/7196/500 5595/7194/498
f 5694/6849/450 5806/6850/451 5819/7198/502 5707/7196/500
f 5806/6850/451 5918/6851/452 5931/7200/504 5819/7198/502
f 5918/6851/452 6030/6852/453 6043/7202/506 5931/7200/504
f 6030/6852/453 6142/6853/454 6155/7204/508 6043/7202/506
f 6142/6853/454 6254/6854/455 6267/7206/633 6155/7204/508
f 6254/6854/455 6366/6855/456 6379/7208/512 6267/7206/633
f 6366/6855/456 6478/6856/457 6491/7210/514 6379/7208/512
f 6478/6856/457 6590/6857/458 6603/7212/516 6491/7210/514
f 6590/6857/458 6702/6858/459 6715/7214/634 6603/7212/516
f 6702/6858/459 6814/6859/460 6827/7216/520 6715/7214/634
f 6814/6859/460 6926/6860/461 6939/7218/522 6827/7216/520
f 6926/6860/461 7038/6861/462 7051/7220/524 6939/7218/522
f 7038/6861/462 7150/6862/463 7163/7222/526 7051/7220/524
f 7150/6862/463 7262/6863/464 7275/7224/528 7163/7222/526
f 7262/6863/464 7374/6864/465 7387/7226/530 7275/7224/528
f 4/7393/672 5/7394/673 3701/7395/673 3700/7396/674
f 5/7394/673 3/7397/675 3699/7398/675 3701/7395/673
f 2/7399/676 4/7393/672 3700/7396/674 3698/7400/676
f 3/7397/675 1/7401/677 3697/7402/677 3699/7398/675
f 9/7403/678 8/7404/679 3704/7405/680 3705/7406/678
f 8/7404/679 7/7407/676 3703/7408/676 3704/7405/680
f 6/7409/681 9/7403/678 3705/7406/678 3702/7410/681
f 11/7411/682 12/7412/683 3708/7413/683 3707/7414/682
f 12/7412/683 10/7415/684 3706/7416/684 3708/7413/683
f 7/7407/676 11/7411/682 3707/7414/682 3703/7408/676
f 1/7401/677 6/7409/681 3702/7410/681 3697/7402/677
f 16/7417/672 17/7418/673 3713/7419/673 3712/7420/674
f 17/7418/673 15/7421/675 3711/7422/675 3713/7419/673
f 14/7423/676 16/7417/672 3712/7420/674 3710/7424/676
f 15/7421/675 13/7425/677 3709/7426/677 3711/7422/675
f 20/7427/678 19/7428/679 3715/7429/680 3716/7430/678
f 18/7431/681 20/7427/678 3716/7430/678 3714/7432/681
f 13/7425/677 18/7431/681 3714/7432/681 3709/7426/677
f 19/7428/679 2/7399/676 3698/7400/676 3715/7429/680
f 24/7433/672 25/7434/673 3721/7435/673 3720/7436/674
f 25/7434/673 23/7437/675 3719/7438/675 3721/7435/673
f 22/7439/676 24/7433/672 3720/7436/674 3718/7440/676
f 23/7437/675 21/7441/677 3717/7442/677 3719/7438/675
f 28/7443/678 27/7444/679 3723/7445/680 3724/7446/678
f 26/7447/681 28/7443/678 3724/7446/678 3722/7448/681
f 21/7441/677 26/7447/681 3722/7448/681 3717/7442/677
f 32/7449/672 33/7450/673 3729/7451/673 3728/7452/674
f 33/7450/673 31/7453/675 3727/7454/675 3729/7451/673
f 30/7455/676 32/7449/672 3728/7452/674 3726/7456/676
f 31/7453/675 29/7457/677 3725/7458/677 3727/7454/675
f 36/7459/678 35/7460/679 3731/7461/680 3732/7462/678
f 34/7463/681 36/7459/678 3732/7462/678 3730/7464/681
f 29/7457/677 34/7463/681 3730/7464/681 3725/7458/677
f 35/7460/679 22/7439/676 3718/7440/676 3731/7461/680
f 40/7465/672 41/7466/673 3737/7467/673 3736/7468/674
f 41/7466/673 39/7469/675 3735/7470/675 3737/7467/673
f 38/7471/676 40/7465/672 3736/7468/674 3734/7472/676
f 39/7469/675 37/7473/677 3733/7474/677 3735/7470/675
f 44/7475/678 43/7476/679 3739/7477/680 3740/7478/678
f 42/7479/681 44/7475/678 3740/7478/678 3738/7480/681
f 37/7473/677 42/7479/681 3738/7480/681 3733/7474/677
f 48/7481/672 49/7482/673 3745/7483/673 3744/7484/674
f 49/7482/673 47/7485/675 3743/7486/675 3745/7483/673
f 46/7487/676 48/7481/672 3744/7484/674 3742/7488/676
f 47/7485/675 45/7489/677 3741/7490/677 3743/7486/675
f 52/7491/678 51/7492/679 3747/7493/680 3748/7494/678
f 50/7495/681 52/7491/678 3748/7494/678 3746/7496/681
f 45/7489/677 50/7495/681 3746/7496/681 3741/7490/677
f 51/7492/679 38/7471/676 3734/7472/676 3747/7493/680
f 56/7497/672 57/7498/673 3753/7499/673 3752/7500/674
f 57/7498/673 55/7501/675 3751/7502/675 3753/7499/673
f 54/7503/676 56/7497/672 3752/7500/674 3750/7504/676
f 55/7501/675 53/7505/677 3749/7506/677 3751/7502/675
f 60/7507/678 59/7508/679 3755/7509/680 3756/7510/678
f 58/7511/681 60/7507/678 3756/7510/678 3754/7512/681
f 53/7505/677 58/7511/681 3754/7512/681 3749/7506/677
f 64/7513/672 65/7514/673 3761/7515/673 3760/7516/674
f 65/7514/673 63/7517/675 3759/7518/675 3761/7515/673
f 62/7519/676 64/7513/672 3760/7516/674 3758/7520/676
f 63/7517/675 61/7521/677 3757/7522/677 3759/7518/675
f 68/7523/678 67/7524/679 3763/7525/680 3764/7526/678
f 66/7527/681 68/7523/678 3764/7526/678 3762/7528/681
f 61/7521/677 66/7527/681 3762/7528/681 3757/7522/677
f 67/7524/679 54/7503/676 3750/7504/676 3763/7525/680
f 72/7529/672 73/7530/673 3769/7531/673 3768/7532/674
f 73/7530/673 71/7533/675 3767/7534/675 3769/7531/673
f 70/7535/676 72/7529/672 3768/7532/674 3766/7536/676
f 71/7533/675 69/7537/677 3765/7538/677 3767/7534/675
f 76/7539/678 75/7540/679 3771/7541/680 3772/7542/678
f 74/7543/681 76/7539/678 3772/7542/678 3770/7544/681
f 69/7537/677 74/7543/681 3770/7544/681 3765/7538/677
f 79/7545/672 80/7546/673 3776/7547/673 3775/7548/674
f 80/7546/673 78/7549/675 3774/7550/675 3776/7547/673
f 78/7549/675 77/7551/677 3773/7552/677 3774/7550/675
f 83/7553/678 82/7554/679 3778/7555/680 3779/7556/678
f 81/7557/681 83/7553/678 3779/7556/678 3777/7558/681
f 77/7551/677 81/7557/681 3777/7558/681 3773/7552/677
f 82/7554/679 70/7535/676 3766/7536/676 3778/7555/680
f 87/7559/672 88/7560/673 3784/7561/673 3783/7562/674
f 88/7560/673 86/7563/675 3782/7564/675 3784/7561/673
f 85/7565/676 87/7559/672 3783/7562/674 3781/7566/676
f 86/7563/675 84/7567/677 3780/7568/677 3782/7564/675
f 92/7569/678 91/7570/679 3787/7571/680 3788/7572/678
f 91/7570/679 90/7573/676 3786/7574/676 3787/7571/680
f 89/7575/681 92/7569/678 3788/7572/678 3785/7576/681
f 84/7567/677 89/7575/681 3785/7576/681 3780/7568/677
f 96/7577/672 97/7578/673 3793/7579/673 3792/7580/674
f 97/7578/673 95/7581/675 3791/7582/675 3793/7579/673
f 94/7583/676 96/7577/672 3792/7580/674 3790/7584/676
f 95/7581/675 93/7585/677 3789/7586/677 3791/7582/675
f 100/7587/678 99/7588/679 3795/7589/680 3796/7590/678
f 98/7591/681 100/7587/678 3796/7590/678 3794/7592/681
f 93/7585/677 98/7591/681 3794/7592/681 3789/7586/677
f 99/7588/679 85/7565/676 3781/7566/676 3795/7589/680
f 104/7593/672 105/7594/673 3801/7595/673 3800/7596/674
f 105/7594/673 103/7597/675 3799/7598/675 3801/7595/673
f 102/7599/676 104/7593/672 3800/7596/674 3798/7600/676
f 103/7597/675 101/7601/677 3797/7602/677 3799/7598/675
f 108/7603/678 107/7604/679 3803/7605/680 3804/7606/678
f 106/7607/681 108/7603/678 3804/7606/678 3802/7608/681
f 101/7601/677 106/7607/681 3802/7608/681 3797/7602/677
f 112/7609/678 111/7610/679 3807/7611/680 3808/7612/678
f 110/7613/685 112/7609/678 3808/7612/678 3806/7614/685
f 109/7615/686 110/7613/685 3806/7614/685 3805/7616/686
f 111/7610/679 102/7599/676 3798/7600/676 3807/7611/680
f 27/7444/679 14/7423/676 3710/7424/676 3723/7445/680
f 43/7476/679 30/7455/676 3726/7456/676 3739/7477/680
f 75/7540/679 62/7519/676 3758/7520/676 3771/7541/680
f 107/7604/679 94/7583/676 3790/7584/676 3803/7605/680
f 10/7617/687 122/7618/688 3818/7619/688 3706/7620/687
f 221/7621/689 109/7622/690 3805/7623/690 3917/7624/689
f 122/7618/688 234/7625/691 3930/7626/691 3818/7619/688
f 333/7627/692 221/7621/689 3917/7624/689 4029/7628/692
f 234/7625/691 346/7629/693 4042/7630/693 3930/7626/691
f 445/7631/694 333/7627/692 4029/7628/692 4141/7632/694
f 346/7629/693 458/7633/695 4154/7634/695 4042/7630/693
f 557/7635/696 445/7631/694 4141/7632/694 4253/7636/696
f 458/7633/695 570/7637/697 4266/7638/697 4154/7634/695
f 669/7639/698 557/7635/696 4253/7636/696 4365/7640/698
f 570/7637/697 682/7641/699 4378/7642/699 4266/7638/697
f 781/7643/700 669/7639/698 4365/7640/698 4477/7644/700
f 682/7641/699 794/7645/701 4490/7646/701 4378/7642/699
f 893/7647/702 781/7643/700 4477/7644/700 4589/7648/702
f 794/7645/701 906/7649/703 4602/7650/703 4490/7646/701
f 1005/7651/704 893/7647/702 4589/7648/702 4701/7652/704
f 906/7649/703 1018/7653/705 4714/7654/705 4602/7650/703
f 1117/7655/706 1005/7651/704 4701/7652/704 4813/7656/706
f 1018/7653/705 1130/7657/707 4826/7658/707 4714/7654/705
f 1229/7659/708 1117/7655/706 4813/7656/706 4925/7660/708
f 1130/7657/707 1242/7661/709 4938/7662/709 4826/7658/707
f 1341/7663/710 1229/7659/708 4925/7660/708 5037/7664/710
f 1242/7661/709 1354/7665/711 5050/7666/711 4938/7662/709
f 1453/7667/712 1341/7663/710 5037/7664/710 5149/7668/712
f 1354/7665/711 1466/7669/713 5162/7670/713 5050/7666/711
f 1565/7671/714 1453/7667/712 5149/7668/712 5261/7672/714
f 1466/7669/713 1578/7673/715 5274/7674/715 5162/7670/713
f 1677/7675/716 1565/7671/714 5261/7672/714 5373/7676/716
f 1578/7673/715 1690/7677/717 5386/7678/717 5274/7674/715
f 1789/7679/718 1677/7675/716 5373/7676/716 5485/7680/718
f 1690/7677/717 1802/7681/719 5498/7682/719 5386/7678/717
f 1901/7683/720 1789/7679/718 5485/7680/718 5597/7684/720
f 1802/7681/719 1914/7685/721 5610/7686/721 5498/7682/719
f 2013/7687/722 1901/7683/720 5597/7684/720 5709/7688/722
f 1914/7685/721 2026/7689/723 5722/7690/723 5610/7686/721
f 2125/7691/724 2013/7687/722 5709/7688/722 5821/7692/724
f 2026/7689/723 2138/7693/725 5834/7694/725 5722/7690/723
f 2237/7695/726 2125/7691/724 5821/7692/724 5933/7696/726
f 2138/7693/725 2250/7697/727 5946/7698/727 5834/7694/725
f 2349/7699/728 2237/7695/726 5933/7696/726 6045/7700/728
f 2250/7697/727 2362/7701/729 6058/7702/729 5946/7698/727
f 2461/7703/730 2349/7699/728 6045/7700/728 6157/7704/730
f 2362/7701/729 2474/7705/731 6170/7706/731 6058/7702/729
f 2573/7707/732 2461/7703/730 6157/7704/730 6269/7708/732
f 2474/7705/731 2586/7709/733 6282/7710/733 6170/7706/731
f 2685/7711/734 2573/7707/732 6269/7708/732 6381/7712/734
f 2586/7709/733 2698/7713/735 6394/7714/735 6282/7710/733
f 2797/7715/736 2685/7711/734 6381/7712/734 6493/7716/736
f 2698/7713/735 2810/7717/737 6506/7718/737 6394/7714/735
f 2909/7719/738 2797/7715/736 6493/7716/736 6605/7720/738
f 2810/7717/737 2922/7721/739 6618/7722/739 6506/7718/737
f 3021/7723/740 2909/7719/738 6605/7720/738 6717/7724/740
f 2922/7721/739 3034/7725/741 6730/7726/741 6618/7722/739
f 3133/7727/742 3021/7723/740 6717/7724/740 6829/7728/742
f 3034/7725/741 3146/7729/743 6842/7730/743 6730/7726/741
f 3245/7731/744 3133/7727/742 6829/7728/742 6941/7732/744
f 3146/7729/743 3258/7733/745 6954/7734/745 6842/7730/743
f 3357/7735/746 3245/7731/744 6941/7732/744 7053/7736/746
f 3258/7733/745 3370/7737/747 7066/7738/747 6954/7734/745
f 3469/7739/748 3357/7735/746 7053/7736/746 7165/7740/748
f 3370/7737/747 3482/7741/749 7178/7742/749 7066/7738/747
f 3581/7743/750 3469/7739/748 7165/7740/748 7277/7744/750
f 3482/7741/749 3594/7745/751 7290/7746/751 7178/7742/749
f 3693/7747/752 3581/7743/750 7277/7744/750 7389/7748/752
f 3589/7749/753 3588/7750/754 7284/7751/755 7285/7752/753
f 3587/7753/756 3589/7749/753 7285/7752/753 7283/7754/756
f 3588/7750/754 3586/7755/757 7282/7756/757 7284/7751/755
f 3585/7757/758 3587/7753/756 7283/7754/756 7281/7758/758
f 3592/7759/759 3593/7760/760 7289/7761/760 7288/7762/761
f 3591/7763/757 3592/7759/759 7288/7762/761 7287/7764/757
f 3593/7760/760 3590/7765/762 7286/7766/762 7289/7761/760
f 3596/7767/763 3595/7768/764 7291/7769/764 7292/7770/763
f 3594/7771/765 3596/7767/763 7292/7770/763 7290/7772/765
f 3595/7768/764 3591/7763/757 7287/7764/757 7291/7769/764
f 3590/7765/762 3585/7757/758 7281/7758/758 7286/7766/762
f 3601/7773/753 3600/7774/754 7296/7775/755 7297/7776/753
f 3599/7777/756 3601/7773/753 7297/7776/753 7295/7778/756
f 3600/7774/754 3598/7779/757 7294/7780/757 7296/7775/755
f 3597/7781/758 3599/7777/756 7295/7778/756 7293/7782/758
f 3603/7783/759 3604/7784/760 7300/7785/760 7299/7786/761
f 3604/7784/760 3602/7787/762 7298/7788/762 7300/7785/760
f 3602/7787/762 3597/7781/758 7293/7782/758 7298/7788/762
f 3586/7755/757 3603/7783/759 7299/7786/761 7282/7756/757
f 3609/7789/753 3608/7790/754 7304/7791/755 7305/7792/753
f 3607/7793/756 3609/7789/753 7305/7792/753 7303/7794/756
f 3608/7790/754 3606/7795/757 7302/7796/757 7304/7791/755
f 3605/7797/758 3607/7793/756 7303/7794/756 7301/7798/758
f 3611/7799/759 3612/7800/760 7308/7801/760 7307/7802/761
f 3612/7800/760 3610/7803/762 7306/7804/762 7308/7801/760
f 3610/7803/762 3605/7797/758 7301/7798/758 7306/7804/762
f 3617/7805/753 3616/7806/754 7312/7807/755 7313/7808/753
f 3615/7809/756 3617/7805/753 7313/7808/753 7311/7810/756
f 3616/7806/754 3614/7811/757 7310/7812/757 7312/7807/755
f 3613/7813/758 3615/7809/756 7311/7810/756 7309/7814/758
f 3619/7815/759 3620/7816/760 7316/7817/760 7315/7818/761
f 3620/7816/760 3618/7819/762 7314/7820/762 7316/7817/760
f 3618/7819/762 3613/7813/758 7309/7814/758 7314/7820/762
f 3606/7795/757 3619/7815/759 7315/7818/761 7302/7796/757
f 3625/7821/753 3624/7822/754 7320/7823/755 7321/7824/753
f 3623/7825/756 3625/7821/753 7321/7824/753 7319/7826/756
f 3624/7822/754 3622/7827/757 7318/7828/757 7320/7823/755
f 3621/7829/758 3623/7825/756 7319/7826/756 7317/7830/758
f 3627/7831/759 3628/7832/760 7324/7833/760 7323/7834/761
f 3628/7832/760 3626/7835/762 7322/7836/762 7324/7833/760
f 3626/7835/762 3621/7829/758 7317/7830/758 7322/7836/762
f 3632/7837/753 3631/7838/754 7327/7839/755 7328/7840/753
f 3630/7841/756 3632/7837/753 7328/7840/753 7326/7842/756
f 3629/7843/758 3630/7841/756 7326/7842/756 7325/7844/758
f 3634/7845/759 3635/7846/760 7331/7847/760 7330/7848/761
f 3635/7846/760 3633/7849/762 7329/7850/762 7331/7847/760
f 3633/7849/762 3629/7843/758 7325/7844/758 7329/7850/762
f 3622/7827/757 3634/7845/759 7330/7848/761 7318/7828/757
f 3640/7851/753 3639/7852/754 7335/7853/755 7336/7854/753
f 3638/7855/756 3640/7851/753 7336/7854/753 7334/7856/756
f 3639/7852/754 3637/7857/757 7333/7858/757 7335/7853/755
f 3636/7859/758 3638/7855/756 7334/7856/756 7332/7860/758
f 3643/7861/759 3644/7862/760 7340/7863/760 7339/7864/761
f 3642/7865/757 3643/7861/759 7339/7864/761 7338/7866/757
f 3644/7862/760 3641/7867/762 7337/7868/762 7340/7863/760
f 3641/7867/762 3636/7859/758 7332/7860/758 7337/7868/762
f 3649/7869/753 3648/7870/754 7344/7871/755 7345/7872/753
f 3647/7873/756 3649/7869/753 7345/7872/753 7343/7874/756
f 3648/7870/754 3646/7875/757 7342/7876/757 7344/7871/755
f 3645/7877/758 3647/7873/756 7343/7874/756 7341/7878/758
f 3651/7879/759 3652/7880/760 7348/7881/760 7347/7882/761
f 3652/7880/760 3650/7883/762 7346/7884/762 7348/7881/760
f 3650/7883/762 3645/7877/758 7341/7878/758 7346/7884/762
f 3637/7857/757 3651/7879/759 7347/7882/761 7333/7858/757
f 3657/7885/753 3656/7886/754 7352/7887/755 7353/7888/753
f 3655/7889/756 3657/7885/753 7353/7888/753 7351/7890/756
f 3656/7886/754 3654/7891/757 7350/7892/757 7352/7887/755
f 3653/7893/758 3655/7889/756 7351/7890/756 7349/7894/758
f 3659/7895/759 3660/7896/760 7356/7897/760 7355/7898/761
f 3660/7896/760 3658/7899/762 7354/7900/762 7356/7897/760
f 3658/7899/762 3653/7893/758 7349/7894/758 7354/7900/762
f 3664/7901/753 3663/7902/754 7359/7903/755 7360/7904/753
f 3662/7905/756 3664/7901/753 7360/7904/753 7358/7906/756
f 3661/7907/758 3662/7905/756 7358/7906/756 7357/7908/758
f 3666/7909/759 3667/7910/760 7363/7911/760 7362/7912/761
f 3667/7910/760 3665/7913/762 7361/7914/762 7363/7911/760
f 3665/7913/762 3661/7907/758 7357/7908/758 7361/7914/762
f 3654/7891/757 3666/7909/759 7362/7912/761 7350/7892/757
f 3672/7915/753 3671/7916/754 7367/7917/755 7368/7918/753
f 3670/7919/756 3672/7915/753 7368/7918/753 7366/7920/756
f 3671/7916/754 3669/7921/757 7365/7922/757 7367/7917/755
f 3668/7923/758 3670/7919/756 7366/7920/756 7364/7924/758
f 3675/7925/759 3676/7926/760 7372/7927/760 7371/7928/761
f 3674/7929/757 3675/7925/759 7371/7928/761 7370/7930/757
f 3676/7926/760 3673/7931/762 7369/7932/762 7372/7927/760
f 3673/7931/762 3668/7923/758 7364/7924/758 7369/7932/762
f 3681/7933/753 3680/7934/754 7376/7935/755 7377/7936/753
f 3679/7937/756 3681/7933/753 7377/7936/753 7375/7938/756
f 3680/7934/754 3678/7939/757 7374/7940/757 7376/7935/755
f 3677/7941/758 3679/7937/756 7375/7938/756 7373/7942/758
f 3683/7943/759 3684/7944/760 7380/7945/760 7379/7946/761
f 3684/7944/760 3682/7947/762 7378/7948/762 7380/7945/760
f 3682/7947/762 3677/7941/758 7373/7942/758 7378/7948/762
f 3669/7921/757 3683/7943/759 7379/7946/761 7365/7922/757
f 3689/7949/753 3688/7950/754 7384/7951/755 7385/7952/753
f 3687/7953/756 3689/7949/753 7385/7952/753 7383/7954/756
f 3688/7950/754 3686/7955/757 7382/7956/757 7384/7951/755
f 3685/7957/758 3687/7953/756 7383/7954/756 7381/7958/758
f 3691/7959/759 3692/7960/760 7388/7961/760 7387/7962/761
f 3692/7960/760 3690/7963/762 7386/7964/762 7388/7961/760
f 3690/7963/762 3685/7957/758 7381/7958/758 7386/7964/762
f 3695/7965/759 3696/7966/760 7392/7967/760 7391/7968/761
f 3696/7966/760 3694/7969/766 7390/7970/766 7392/7967/760
f 3694/7969/766 3693/7971/767 7389/7972/767 7390/7970/766
f 3686/7955/757 3695/7965/759 7391/7968/761 7382/7956/757
f 3598/7779/757 3611/7799/759 7307/7802/761 7294/7780/757
f 3614/7811/757 3627/7831/759 7323/7834/761 7310/7812/757
f 3646/7875/757 3659/7895/759 7355/7898/761 7342/7876/757
f 3678/7939/757 3691/7959/759 7387/7962/761 7374/7940/757
f 59/7508/679 46/7487/676 3742/7488/676 3755/7509/680
f 90/7573/676 79/7545/672 3775/7548/674 3786/7574/676
f 3631/7838/754 3642/7865/757 7338/7866/757 7327/7839/755
f 3663/7902/754 3674/7929/757 7370/7930/757 7359/7903/755
